inat_category_id,scientific_name,birdclef_primary_label,file_name,duration
154,Guyalna cuta,1161364,train/00154_Animalia_Arthropoda_Insecta_Hemiptera_Cicadidae_Guyalna_cuta/9ae805c6-d439-4a5f-98f1-f3579a6ed648.wav,15.783
1098,Leptodactylus luctator,1176823,train/01098_Animalia_Chordata_Amphibia_Anura_Leptodactylidae_Leptodactylus_luctator/4671a856-96dc-46ee-8b6d-48cdc242f49a.wav,15.771
1098,Leptodactylus luctator,1176823,train/01098_Animalia_Chordata_Amphibia_Anura_Leptodactylidae_Leptodactylus_luctator/607619c4-0fdd-48ea-9d75-ff02413696e7.wav,24.157
1098,Leptodactylus luctator,1176823,train/01098_Animalia_Chordata_Amphibia_Anura_Leptodactylidae_Leptodactylus_luctator/be5e4c09-2589-4fc0-af7d-7886ebfe1932.wav,6.741
1098,Leptodactylus luctator,1176823,train/01098_Animalia_Chordata_Amphibia_Anura_Leptodactylidae_Leptodactylus_luctator/ce48f064-9813-43e6-ac57-9244e8171674.wav,19.76
1108,Leptodactylus syphax,22930,train/01108_Animalia_Chordata_Amphibia_Anura_Leptodactylidae_Leptodactylus_syphax/d08a58d4-c397-422f-afc4-a874b4daa71c.wav,11.471
1102,Leptodactylus mystacinus,22956,train/01102_Animalia_Chordata_Amphibia_Anura_Leptodactylidae_Leptodactylus_mystacinus/2eec5779-6afb-4ee5-9b39-c574b2607f8d.wav,14.864
1102,Leptodactylus mystacinus,22956,train/01102_Animalia_Chordata_Amphibia_Anura_Leptodactylidae_Leptodactylus_mystacinus/7152f1c0-c252-43ed-b3ef-f4e184db7fde.wav,15.637
1102,Leptodactylus mystacinus,22956,train/01102_Animalia_Chordata_Amphibia_Anura_Leptodactylidae_Leptodactylus_mystacinus/fcd848c8-3f9a-4917-a046-083c32057462.wav,61.676
1106,Leptodactylus podicipinus,22961,train/01106_Animalia_Chordata_Amphibia_Anura_Leptodactylidae_Leptodactylus_podicipinus/2fe719b4-ef2e-4ed4-aeed-11e34223f29c.wav,17.386
1089,Leptodactylus elenae,22967,train/01089_Animalia_Chordata_Amphibia_Anura_Leptodactylidae_Leptodactylus_elenae/38db1d00-25f7-4da1-b923-8986122c0dd8.wav,12.19
1089,Leptodactylus elenae,22967,train/01089_Animalia_Chordata_Amphibia_Anura_Leptodactylidae_Leptodactylus_elenae/c1659f48-5caa-454f-a396-518dfe53cbcf.wav,19.326
1091,Leptodactylus fuscus,22973,train/01091_Animalia_Chordata_Amphibia_Anura_Leptodactylidae_Leptodactylus_fuscus/1eab90d7-c21c-4255-82e5-e5c1211c1801.wav,10.902
1091,Leptodactylus fuscus,22973,train/01091_Animalia_Chordata_Amphibia_Anura_Leptodactylidae_Leptodactylus_fuscus/26d38c30-af1b-440f-83ac-2ee4b4ef4823.wav,40.807
1091,Leptodactylus fuscus,22973,train/01091_Animalia_Chordata_Amphibia_Anura_Leptodactylidae_Leptodactylus_fuscus/297cdcb8-dad0-4b9f-a6e4-8ec9b18af3a1.wav,14.78
1091,Leptodactylus fuscus,22973,train/01091_Animalia_Chordata_Amphibia_Anura_Leptodactylidae_Leptodactylus_fuscus/4d45f19e-ee75-488b-8c43-4a23cb0b709b.wav,19.9
1091,Leptodactylus fuscus,22973,train/01091_Animalia_Chordata_Amphibia_Anura_Leptodactylidae_Leptodactylus_fuscus/67ed9cdc-08e5-4753-a3f8-5680d1460104.wav,27.106
1091,Leptodactylus fuscus,22973,train/01091_Animalia_Chordata_Amphibia_Anura_Leptodactylidae_Leptodactylus_fuscus/dec32ce1-d3c9-465c-860e-7dac32edf471.wav,21.503
1091,Leptodactylus fuscus,22973,train/01091_Animalia_Chordata_Amphibia_Anura_Leptodactylidae_Leptodactylus_fuscus/fafe5f09-8140-4c69-94c0-3561fa45b941.wav,13.12
1091,Leptodactylus fuscus,22973,train/01091_Animalia_Chordata_Amphibia_Anura_Leptodactylidae_Leptodactylus_fuscus/ff41b369-093b-4e48-9cd8-be930639e6c3.wav,37.216
1095,Leptodactylus labyrinthicus,22983,train/01095_Animalia_Chordata_Amphibia_Anura_Leptodactylidae_Leptodactylus_labyrinthicus/1ce6b18a-f830-4ef9-86f6-b4987d423aea.wav,13.675
1105,Leptodactylus petersii,22985,train/01105_Animalia_Chordata_Amphibia_Anura_Leptodactylidae_Leptodactylus_petersii/77572628-2e47-42b6-8a23-6b7a97b38043.wav,44.687
1114,Physalaemus albonotatus,23158,train/01114_Animalia_Chordata_Amphibia_Anura_Leptodactylidae_Physalaemus_albonotatus/5f7a9553-8101-4dae-83e2-65bf1bd64624.wav,22.175
1114,Physalaemus albonotatus,23158,train/01114_Animalia_Chordata_Amphibia_Anura_Leptodactylidae_Physalaemus_albonotatus/77f760b5-e690-4e7d-a7cf-5193a34800ef.wav,21.103
1114,Physalaemus albonotatus,23158,train/01114_Animalia_Chordata_Amphibia_Anura_Leptodactylidae_Physalaemus_albonotatus/9c43bb95-a2e6-44fa-a9cf-02772ce27326.wav,22.963
1253,Phyllomedusa sauvagii,23724,train/01253_Animalia_Chordata_Amphibia_Anura_Phyllomedusidae_Phyllomedusa_sauvagii/7c77d24d-0acf-4cee-9adb-13802ada0671.wav,7.75
1021,Scinax nasicus,24279,train/01021_Animalia_Chordata_Amphibia_Anura_Hylidae_Scinax_nasicus/24f24db9-6a1f-4b59-b8b5-b33b71aa0b13.wav,17.485
1021,Scinax nasicus,24279,train/01021_Animalia_Chordata_Amphibia_Anura_Hylidae_Scinax_nasicus/39fa2df8-71c9-4d7e-b707-aeb5b2a8a0ee.wav,1.835
1021,Scinax nasicus,24279,train/01021_Animalia_Chordata_Amphibia_Anura_Hylidae_Scinax_nasicus/3ca5fde7-ba47-4408-adc6-3e8d595c6cb7.wav,69.059
1021,Scinax nasicus,24279,train/01021_Animalia_Chordata_Amphibia_Anura_Hylidae_Scinax_nasicus/4b433177-853e-479b-ba6f-277c656adb4f.wav,1.998
1021,Scinax nasicus,24279,train/01021_Animalia_Chordata_Amphibia_Anura_Hylidae_Scinax_nasicus/5c27c2db-cf76-49c3-bd73-c37a13cb5710.wav,17.961
1021,Scinax nasicus,24279,train/01021_Animalia_Chordata_Amphibia_Anura_Hylidae_Scinax_nasicus/748cd052-7d74-4b1e-b0ae-bd250859dae0.wav,64.888
1021,Scinax nasicus,24279,train/01021_Animalia_Chordata_Amphibia_Anura_Hylidae_Scinax_nasicus/794c8d26-7dce-49fc-a463-0da5a29304e1.wav,18.53
1021,Scinax nasicus,24279,train/01021_Animalia_Chordata_Amphibia_Anura_Hylidae_Scinax_nasicus/7fc47c99-ea38-4f4d-8694-8f06b62336ef.wav,28.166
1021,Scinax nasicus,24279,train/01021_Animalia_Chordata_Amphibia_Anura_Hylidae_Scinax_nasicus/823d9636-a1f9-4464-8e8a-a0326a3cfad1.wav,14.472
1021,Scinax nasicus,24279,train/01021_Animalia_Chordata_Amphibia_Anura_Hylidae_Scinax_nasicus/9476170a-c96f-4203-af66-a1bc0776fd60.wav,12.074
1021,Scinax nasicus,24279,train/01021_Animalia_Chordata_Amphibia_Anura_Hylidae_Scinax_nasicus/9c2d8815-a283-44b1-acf3-f0364589103b.wav,28.544
1021,Scinax nasicus,24279,train/01021_Animalia_Chordata_Amphibia_Anura_Hylidae_Scinax_nasicus/a9c00cbd-f97a-4303-9534-1efef78e2722.wav,60.735
1021,Scinax nasicus,24279,train/01021_Animalia_Chordata_Amphibia_Anura_Hylidae_Scinax_nasicus/c174dfd8-4bb0-48bc-b4f4-6d3887e0aead.wav,6.06
1021,Scinax nasicus,24279,train/01021_Animalia_Chordata_Amphibia_Anura_Hylidae_Scinax_nasicus/e0672ff2-452f-4e90-a5e0-c546b7c04d05.wav,14.569
1016,Scinax fuscovarius,24285,train/01016_Animalia_Chordata_Amphibia_Anura_Hylidae_Scinax_fuscovarius/a5a74cf4-6e93-42cc-9743-511cf2426a92.wav,2.2
1016,Scinax fuscovarius,24285,train/01016_Animalia_Chordata_Amphibia_Anura_Hylidae_Scinax_fuscovarius/d3cfc214-4699-4df5-8abb-84462fdb1e86.wav,6.316
1016,Scinax fuscovarius,24285,train/01016_Animalia_Chordata_Amphibia_Anura_Hylidae_Scinax_fuscovarius/ddbf4d78-4dba-4131-a687-51818ebc099c.wav,30.12
1015,Scinax fuscomarginatus,24287,train/01015_Animalia_Chordata_Amphibia_Anura_Hylidae_Scinax_fuscomarginatus/e73574a4-b260-47d0-9544-7feeea7d8e73.wav,14.543
1010,Scinax acuminatus,24321,train/01010_Animalia_Chordata_Amphibia_Anura_Hylidae_Scinax_acuminatus/6e6393bf-b1da-401c-b536-ebcc31a0fecf.wav,15.936
304,Quesada gigas,244024,train/00304_Animalia_Arthropoda_Insecta_Hemiptera_Cicadidae_Quesada_gigas/047c136b-0afa-4528-82aa-bb5e52419284.wav,60.009
304,Quesada gigas,244024,train/00304_Animalia_Arthropoda_Insecta_Hemiptera_Cicadidae_Quesada_gigas/07e5a72e-dbc1-4c1f-9db6-4743f72ca7e8.wav,21.084
304,Quesada gigas,244024,train/00304_Animalia_Arthropoda_Insecta_Hemiptera_Cicadidae_Quesada_gigas/07ec6e90-de21-4712-ae9f-8e3858893562.wav,41.889
304,Quesada gigas,244024,train/00304_Animalia_Arthropoda_Insecta_Hemiptera_Cicadidae_Quesada_gigas/0a3d400d-8e85-4dbe-9768-c25105394919.wav,36.104
304,Quesada gigas,244024,train/00304_Animalia_Arthropoda_Insecta_Hemiptera_Cicadidae_Quesada_gigas/134ad399-bb91-4b05-b576-6bfea99a34cf.wav,35.155
304,Quesada gigas,244024,train/00304_Animalia_Arthropoda_Insecta_Hemiptera_Cicadidae_Quesada_gigas/1531291a-3d2e-4048-9fd9-ea091a395cca.wav,27.198
304,Quesada gigas,244024,train/00304_Animalia_Arthropoda_Insecta_Hemiptera_Cicadidae_Quesada_gigas/21423f51-67c4-4ba7-8167-cda7a7549976.wav,11.595
304,Quesada gigas,244024,train/00304_Animalia_Arthropoda_Insecta_Hemiptera_Cicadidae_Quesada_gigas/214ab59b-429d-494e-903d-f3063671ed3a.wav,19.285
304,Quesada gigas,244024,train/00304_Animalia_Arthropoda_Insecta_Hemiptera_Cicadidae_Quesada_gigas/2366a412-1b45-446a-a571-a7dacb36466f.wav,21.293
304,Quesada gigas,244024,train/00304_Animalia_Arthropoda_Insecta_Hemiptera_Cicadidae_Quesada_gigas/2a92b792-0f42-4a61-b5af-a15c6d432e50.wav,24.311
304,Quesada gigas,244024,train/00304_Animalia_Arthropoda_Insecta_Hemiptera_Cicadidae_Quesada_gigas/2eecf70a-6e20-404f-bea4-633b9de845a0.wav,17.113
304,Quesada gigas,244024,train/00304_Animalia_Arthropoda_Insecta_Hemiptera_Cicadidae_Quesada_gigas/341ec2a0-f4c6-46e0-9472-cfa82d8c5d67.wav,24.32
304,Quesada gigas,244024,train/00304_Animalia_Arthropoda_Insecta_Hemiptera_Cicadidae_Quesada_gigas/381d104a-f193-4bd4-9545-e2517e001883.wav,30.486
304,Quesada gigas,244024,train/00304_Animalia_Arthropoda_Insecta_Hemiptera_Cicadidae_Quesada_gigas/3f908611-eac2-4819-ba90-6ecf8ce2f4e4.wav,17.856
304,Quesada gigas,244024,train/00304_Animalia_Arthropoda_Insecta_Hemiptera_Cicadidae_Quesada_gigas/42df93ce-2393-46b4-bb32-82d244c6af16.wav,30.407
304,Quesada gigas,244024,train/00304_Animalia_Arthropoda_Insecta_Hemiptera_Cicadidae_Quesada_gigas/4715e80c-5d7b-459f-b7aa-ed47c253a22b.wav,14.785
304,Quesada gigas,244024,train/00304_Animalia_Arthropoda_Insecta_Hemiptera_Cicadidae_Quesada_gigas/534a3680-302f-4432-9bce-4673973e4b8b.wav,17.28
304,Quesada gigas,244024,train/00304_Animalia_Arthropoda_Insecta_Hemiptera_Cicadidae_Quesada_gigas/5f60cc01-f852-4f1e-b8f4-f8b5bb8e76f4.wav,34.011
304,Quesada gigas,244024,train/00304_Animalia_Arthropoda_Insecta_Hemiptera_Cicadidae_Quesada_gigas/6a94824d-fade-4086-bcfe-379a9a752f90.wav,53.801
304,Quesada gigas,244024,train/00304_Animalia_Arthropoda_Insecta_Hemiptera_Cicadidae_Quesada_gigas/7130847a-4973-4557-ac7b-7c30e8907d62.wav,40.239
304,Quesada gigas,244024,train/00304_Animalia_Arthropoda_Insecta_Hemiptera_Cicadidae_Quesada_gigas/741acf57-6347-47bf-8639-d4660df163af.wav,39.419
304,Quesada gigas,244024,train/00304_Animalia_Arthropoda_Insecta_Hemiptera_Cicadidae_Quesada_gigas/7b1e18a7-4a18-4019-bb74-219a58e14c25.wav,46.719
304,Quesada gigas,244024,train/00304_Animalia_Arthropoda_Insecta_Hemiptera_Cicadidae_Quesada_gigas/95068e39-fa77-455b-845d-d2a158f9e7b4.wav,14.629
304,Quesada gigas,244024,train/00304_Animalia_Arthropoda_Insecta_Hemiptera_Cicadidae_Quesada_gigas/9d8db968-9b4b-4550-a843-7b99dd7f2399.wav,16.149
304,Quesada gigas,244024,train/00304_Animalia_Arthropoda_Insecta_Hemiptera_Cicadidae_Quesada_gigas/9f1b8d9e-7575-4e7d-a0cd-f348a253ed6a.wav,27.611
304,Quesada gigas,244024,train/00304_Animalia_Arthropoda_Insecta_Hemiptera_Cicadidae_Quesada_gigas/a1dfd275-12ed-4da5-9bbd-f4b389a33d77.wav,8.979
304,Quesada gigas,244024,train/00304_Animalia_Arthropoda_Insecta_Hemiptera_Cicadidae_Quesada_gigas/a6073375-f442-4713-afee-a54ca83020f3.wav,49.482
304,Quesada gigas,244024,train/00304_Animalia_Arthropoda_Insecta_Hemiptera_Cicadidae_Quesada_gigas/aa6e6231-9f97-4f66-bff0-9868f3ec2c9d.wav,16.533
304,Quesada gigas,244024,train/00304_Animalia_Arthropoda_Insecta_Hemiptera_Cicadidae_Quesada_gigas/b3b6ea3a-40cf-46dc-a291-6b9549458c5d.wav,39.567
304,Quesada gigas,244024,train/00304_Animalia_Arthropoda_Insecta_Hemiptera_Cicadidae_Quesada_gigas/bc2b0a82-2ff7-4577-b792-2fdd3b212e7f.wav,11.238
304,Quesada gigas,244024,train/00304_Animalia_Arthropoda_Insecta_Hemiptera_Cicadidae_Quesada_gigas/c166d49f-a7c0-4f9a-80fc-133a7dd0729d.wav,16.939
304,Quesada gigas,244024,train/00304_Animalia_Arthropoda_Insecta_Hemiptera_Cicadidae_Quesada_gigas/ca050070-9ef3-4479-be9b-806c89bb7840.wav,20.805
304,Quesada gigas,244024,train/00304_Animalia_Arthropoda_Insecta_Hemiptera_Cicadidae_Quesada_gigas/cb4481fa-b3ac-4194-b01f-6b9c9dd22cd2.wav,60.024
304,Quesada gigas,244024,train/00304_Animalia_Arthropoda_Insecta_Hemiptera_Cicadidae_Quesada_gigas/cc8d290d-ae0a-4c9a-87fa-06a0591f6fb0.wav,58.259
304,Quesada gigas,244024,train/00304_Animalia_Arthropoda_Insecta_Hemiptera_Cicadidae_Quesada_gigas/ce00218f-5e6e-4119-a60b-4bc99932a281.wav,61.466
304,Quesada gigas,244024,train/00304_Animalia_Arthropoda_Insecta_Hemiptera_Cicadidae_Quesada_gigas/d3313d22-cbf8-4efa-9571-37d2d3c87bc5.wav,27.952
304,Quesada gigas,244024,train/00304_Animalia_Arthropoda_Insecta_Hemiptera_Cicadidae_Quesada_gigas/dc605e60-5b00-490a-bc0a-c56349965d1b.wav,15.581
304,Quesada gigas,244024,train/00304_Animalia_Arthropoda_Insecta_Hemiptera_Cicadidae_Quesada_gigas/dcb58767-2473-45dd-bb4d-4b9d38595303.wav,89.072
304,Quesada gigas,244024,train/00304_Animalia_Arthropoda_Insecta_Hemiptera_Cicadidae_Quesada_gigas/ecc510a6-7b84-4877-84a6-0fab0237c5a9.wav,20.132
304,Quesada gigas,244024,train/00304_Animalia_Arthropoda_Insecta_Hemiptera_Cicadidae_Quesada_gigas/eeee957a-7d5a-4577-9c29-eb91dd263b2a.wav,73.535
304,Quesada gigas,244024,train/00304_Animalia_Arthropoda_Insecta_Hemiptera_Cicadidae_Quesada_gigas/f0a1c74a-f815-465d-9869-530187533436.wav,16.629
304,Quesada gigas,244024,train/00304_Animalia_Arthropoda_Insecta_Hemiptera_Cicadidae_Quesada_gigas/f5e86096-9b47-436e-9d5a-c149493a7cc5.wav,13.653
1152,Elachistocleis bicolor,25092,train/01152_Animalia_Chordata_Amphibia_Anura_Microhylidae_Elachistocleis_bicolor/60c3039b-5231-4f3a-b5f9-b2d90c36c54d.wav,16.478
1152,Elachistocleis bicolor,25092,train/01152_Animalia_Chordata_Amphibia_Anura_Microhylidae_Elachistocleis_bicolor/a5e0951f-ac73-470b-ae72-56210f772c5c.wav,43.602
1152,Elachistocleis bicolor,25092,train/01152_Animalia_Chordata_Amphibia_Anura_Microhylidae_Elachistocleis_bicolor/d808879e-04e3-4a15-bdad-409e818ace24.wav,16.718
1115,Physalaemus biligonigerus,326272,train/01115_Animalia_Chordata_Amphibia_Anura_Leptodactylidae_Physalaemus_biligonigerus/32bf454e-024e-48c6-8b2d-049b6f89ec4a.wav,29.374
1115,Physalaemus biligonigerus,326272,train/01115_Animalia_Chordata_Amphibia_Anura_Leptodactylidae_Physalaemus_biligonigerus/412c7848-4d8a-4e11-98ba-c1a0bed44172.wav,78.122
1115,Physalaemus biligonigerus,326272,train/01115_Animalia_Chordata_Amphibia_Anura_Leptodactylidae_Physalaemus_biligonigerus/5e9ab99b-cf77-4bec-8ecb-fb12ad1bbfa2.wav,25.811
1115,Physalaemus biligonigerus,326272,train/01115_Animalia_Chordata_Amphibia_Anura_Leptodactylidae_Physalaemus_biligonigerus/6e77a0e0-b188-4d38-8c24-08b6b6e9f88c.wav,30.007
1115,Physalaemus biligonigerus,326272,train/01115_Animalia_Chordata_Amphibia_Anura_Leptodactylidae_Physalaemus_biligonigerus/98c677a7-7200-446c-bea4-082a8ea7beb6.wav,23.641
1115,Physalaemus biligonigerus,326272,train/01115_Animalia_Chordata_Amphibia_Anura_Leptodactylidae_Physalaemus_biligonigerus/df03ece7-2077-4cca-91ce-088e0d6bfa30.wav,31.571
5286,Panthera onca,41970,train/05286_Animalia_Chordata_Mammalia_Carnivora_Felidae_Panthera_onca/84d07644-811e-446c-897b-32d494f815c4.wav,13.48
5386,Alouatta caraya,43435,train/05386_Animalia_Chordata_Mammalia_Primates_Atelidae_Alouatta_caraya/6340acda-7316-4150-95c6-778b48b5c518.wav,92.01
5386,Alouatta caraya,43435,train/05386_Animalia_Chordata_Mammalia_Primates_Atelidae_Alouatta_caraya/fd86e755-ad00-4b79-af14-e38ae4cabed2.wav,50.001
5271,Canis familiaris,47144,train/05271_Animalia_Chordata_Mammalia_Carnivora_Canidae_Canis_familiaris/026e0056-41f5-41b6-9eab-824731068431.wav,3.456
5271,Canis familiaris,47144,train/05271_Animalia_Chordata_Mammalia_Carnivora_Canidae_Canis_familiaris/12bdf0d3-b6e4-4869-9567-55ed3b11f92c.wav,4.92
5271,Canis familiaris,47144,train/05271_Animalia_Chordata_Mammalia_Carnivora_Canidae_Canis_familiaris/1baec527-296d-4c8f-97ad-a64066acc4d9.wav,19.307
5271,Canis familiaris,47144,train/05271_Animalia_Chordata_Mammalia_Carnivora_Canidae_Canis_familiaris/2a0146d7-8550-4b46-8228-ddb4fc945723.wav,11.424
5271,Canis familiaris,47144,train/05271_Animalia_Chordata_Mammalia_Carnivora_Canidae_Canis_familiaris/47640b1a-e613-4c4c-9416-46af30a2b8bf.wav,33.323
5271,Canis familiaris,47144,train/05271_Animalia_Chordata_Mammalia_Carnivora_Canidae_Canis_familiaris/5594bb9f-79d1-4c7b-9460-cb58bbb9a5c0.wav,8.192
5271,Canis familiaris,47144,train/05271_Animalia_Chordata_Mammalia_Carnivora_Canidae_Canis_familiaris/931461f3-e8a2-4a93-9518-e431943aecbb.wav,7.061
5271,Canis familiaris,47144,train/05271_Animalia_Chordata_Mammalia_Carnivora_Canidae_Canis_familiaris/b632d1c9-ee27-46bf-aee8-debf14473a9e.wav,2.928
1257,Pithecopus azureus,517063,train/01257_Animalia_Chordata_Amphibia_Anura_Phyllomedusidae_Pithecopus_azureus/b257411d-1bb0-467c-982d-3e3f781f34e6.wav,2.136
929,Boana lundii,555123,train/00929_Animalia_Chordata_Amphibia_Anura_Hylidae_Boana_lundii/16d65169-d11f-4236-8533-9977aaeebdfb.wav,9.6
935,Boana punctata,555145,train/00935_Animalia_Chordata_Amphibia_Anura_Hylidae_Boana_punctata/a9612181-24cc-466a-9b3e-8cf0a5c8a39d.wav,19.775
935,Boana punctata,555145,train/00935_Animalia_Chordata_Amphibia_Anura_Hylidae_Boana_punctata/dd7a346b-61b0-45c5-a824-1ba7b4d0d35f.wav,26.616
950,Dendropsophus minutus,65377,train/00950_Animalia_Chordata_Amphibia_Anura_Hylidae_Dendropsophus_minutus/9f620a70-415b-4342-b431-e1e49262c04a.wav,27.141
950,Dendropsophus minutus,65377,train/00950_Animalia_Chordata_Amphibia_Anura_Hylidae_Dendropsophus_minutus/a5b27918-018f-479f-951b-6cbd42f98b54.wav,5.419
950,Dendropsophus minutus,65377,train/00950_Animalia_Chordata_Amphibia_Anura_Hylidae_Dendropsophus_minutus/c4953c5e-9bf3-4ee4-96f2-6f4e5af2c218.wav,9.749
950,Dendropsophus minutus,65377,train/00950_Animalia_Chordata_Amphibia_Anura_Hylidae_Dendropsophus_minutus/cf553704-a235-4ad2-a432-23695497c1ef.wav,23.751
950,Dendropsophus minutus,65377,train/00950_Animalia_Chordata_Amphibia_Anura_Hylidae_Dendropsophus_minutus/e27574cb-4394-40ed-b20d-495f7cfb5c70.wav,22.387
952,Dendropsophus nanus,65380,train/00952_Animalia_Chordata_Amphibia_Anura_Hylidae_Dendropsophus_nanus/1206fad7-41dc-4247-bd3c-c3bf2678f07d.wav,12.759
952,Dendropsophus nanus,65380,train/00952_Animalia_Chordata_Amphibia_Anura_Hylidae_Dendropsophus_nanus/9a136e1e-bb82-442f-9090-bf36fc14e326.wav,13.248
952,Dendropsophus nanus,65380,train/00952_Animalia_Chordata_Amphibia_Anura_Hylidae_Dendropsophus_nanus/ba5c0fe2-5388-4fb1-b7e0-df22163580f5.wav,28.891
952,Dendropsophus nanus,65380,train/00952_Animalia_Chordata_Amphibia_Anura_Hylidae_Dendropsophus_nanus/e52e1ec1-36fa-44ea-9acc-96b83dd19695.wav,46.159
952,Dendropsophus nanus,65380,train/00952_Animalia_Chordata_Amphibia_Anura_Hylidae_Dendropsophus_nanus/e8b9c590-795c-4f57-9244-af1baaaf59f0.wav,9.799
952,Dendropsophus nanus,65380,train/00952_Animalia_Chordata_Amphibia_Anura_Hylidae_Dendropsophus_nanus/f58967c9-dd41-4311-87af-53f61be9e847.wav,21.995
1007,Pseudis platensis,66971,train/01007_Animalia_Chordata_Amphibia_Anura_Hylidae_Pseudis_platensis/358aef0c-f5eb-40c5-9221-f83290e6da91.wav,28.944
1007,Pseudis platensis,66971,train/01007_Animalia_Chordata_Amphibia_Anura_Hylidae_Pseudis_platensis/42a27a79-a956-4b93-974c-620bad4aff6c.wav,13.793
1007,Pseudis platensis,66971,train/01007_Animalia_Chordata_Amphibia_Anura_Hylidae_Pseudis_platensis/81f53258-4201-4e37-a1c6-7ca3a1a22829.wav,23.447
827,Rhinella diptycha,67107,train/00827_Animalia_Chordata_Amphibia_Anura_Bufonidae_Rhinella_diptycha/9f577b24-73b3-499b-9eeb-b04f9f472055.wav,23.339
827,Rhinella diptycha,67107,train/00827_Animalia_Chordata_Amphibia_Anura_Bufonidae_Rhinella_diptycha/ccf9e5fc-8a66-4108-8eab-57983fc5f27e.wav,15.843
1099,Leptodactylus macrosternum,70711,train/01099_Animalia_Chordata_Amphibia_Anura_Leptodactylidae_Leptodactylus_macrosternum/059b6cc2-4072-4aa0-9828-a6baccead292.wav,35.291
5244,Bos taurus,74113,train/05244_Animalia_Chordata_Mammalia_Artiodactyla_Bovidae_Bos_taurus/b3545fe6-e3fb-45b8-b542-272e49ff417f.wav,21.682
567,Prionacris erosa,760266,train/00567_Animalia_Arthropoda_Insecta_Orthoptera_Romaleidae_Prionacris_erosa/3aef3020-7d77-4e1b-97fb-2bc95884ebf3.wav,18.207
4661,Hylophilus pectoralis,ashgre1,train/04661_Animalia_Chordata_Aves_Passeriformes_Vireonidae_Hylophilus_pectoralis/57d789dd-c535-4dd8-a60f-d18ad8ecb9ce.wav,20.637
4661,Hylophilus pectoralis,ashgre1,train/04661_Animalia_Chordata_Aves_Passeriformes_Vireonidae_Hylophilus_pectoralis/d37e185c-9deb-4423-8cbb-9d30d1953dff.wav,18.291
4661,Hylophilus pectoralis,ashgre1,train/04661_Animalia_Chordata_Aves_Passeriformes_Vireonidae_Hylophilus_pectoralis/dff7fc8f-fd72-4e53-83fc-cef07e05507b.wav,16.022
2281,Mustelirallus albicollis,astcra1,train/02281_Animalia_Chordata_Aves_Gruiformes_Rallidae_Mustelirallus_albicollis/36c426c6-ddde-4f37-a3be-96bc03f77170.wav,8.295
2281,Mustelirallus albicollis,astcra1,train/02281_Animalia_Chordata_Aves_Gruiformes_Rallidae_Mustelirallus_albicollis/475cffc2-c49a-4926-88df-fa522998ee61.wav,30.31
2281,Mustelirallus albicollis,astcra1,train/02281_Animalia_Chordata_Aves_Gruiformes_Rallidae_Mustelirallus_albicollis/4e0e4cc1-4702-428e-b75a-47fa600bcf79.wav,7.027
2281,Mustelirallus albicollis,astcra1,train/02281_Animalia_Chordata_Aves_Gruiformes_Rallidae_Mustelirallus_albicollis/513734b4-721a-48ca-a6e0-138dece8a3ef.wav,14.723
2281,Mustelirallus albicollis,astcra1,train/02281_Animalia_Chordata_Aves_Gruiformes_Rallidae_Mustelirallus_albicollis/66367002-96b9-4f06-b3ea-710156d1838e.wav,40.043
2281,Mustelirallus albicollis,astcra1,train/02281_Animalia_Chordata_Aves_Gruiformes_Rallidae_Mustelirallus_albicollis/71a071f4-b59d-4b1c-b476-7179cd418b1b.wav,13.8
2281,Mustelirallus albicollis,astcra1,train/02281_Animalia_Chordata_Aves_Gruiformes_Rallidae_Mustelirallus_albicollis/8e812e99-2974-4a33-b24b-83f8ff354761.wav,22.549
2281,Mustelirallus albicollis,astcra1,train/02281_Animalia_Chordata_Aves_Gruiformes_Rallidae_Mustelirallus_albicollis/9024aa55-79b5-4bf1-a9f4-1a34478b4563.wav,7.861
2281,Mustelirallus albicollis,astcra1,train/02281_Animalia_Chordata_Aves_Gruiformes_Rallidae_Mustelirallus_albicollis/a233ad49-6969-4206-bb85-fd4ecc9d65e9.wav,14.635
2281,Mustelirallus albicollis,astcra1,train/02281_Animalia_Chordata_Aves_Gruiformes_Rallidae_Mustelirallus_albicollis/acdc9417-eb2d-4ffb-a350-8f327963ce79.wav,50.94
2281,Mustelirallus albicollis,astcra1,train/02281_Animalia_Chordata_Aves_Gruiformes_Rallidae_Mustelirallus_albicollis/d5dd528d-7861-4581-b3e0-fd1f71f8a437.wav,8.04
2129,Crax fasciolata,bafcur1,train/02129_Animalia_Chordata_Aves_Galliformes_Cracidae_Crax_fasciolata/6802d96a-d8f8-415b-b262-c0bcc4873fe4.wav,10.083
2101,Micrastur ruficollis,baffal1,train/02101_Animalia_Chordata_Aves_Falconiformes_Falconidae_Micrastur_ruficollis/00d25178-d3a5-4c2c-985f-87bb251fdcbe.wav,8.132
2101,Micrastur ruficollis,baffal1,train/02101_Animalia_Chordata_Aves_Falconiformes_Falconidae_Micrastur_ruficollis/1168645e-35f3-4957-95ca-52d6d21c28ef.wav,20.977
2101,Micrastur ruficollis,baffal1,train/02101_Animalia_Chordata_Aves_Falconiformes_Falconidae_Micrastur_ruficollis/9f8e0b30-7b22-4e47-addd-387d6aa79861.wav,0.107
2101,Micrastur ruficollis,baffal1,train/02101_Animalia_Chordata_Aves_Falconiformes_Falconidae_Micrastur_ruficollis/ac381eca-4e83-4094-a23b-fec4815b97b7.wav,19.101
2101,Micrastur ruficollis,baffal1,train/02101_Animalia_Chordata_Aves_Falconiformes_Falconidae_Micrastur_ruficollis/d9027ae7-ca6d-461a-b560-3cbe1012e232.wav,20.046
2101,Micrastur ruficollis,baffal1,train/02101_Animalia_Chordata_Aves_Falconiformes_Falconidae_Micrastur_ruficollis/f4f9411e-9a9a-4d43-94ed-f3aa42da4d31.wav,33.224
4126,Coereba flaveola,banana,train/04126_Animalia_Chordata_Aves_Passeriformes_Thraupidae_Coereba_flaveola/15cc53a4-4eca-49f4-8052-f5708d11350e.wav,8.046
4126,Coereba flaveola,banana,train/04126_Animalia_Chordata_Aves_Passeriformes_Thraupidae_Coereba_flaveola/33729ca8-5841-4b17-90ef-c733b4430275.wav,4.644
4126,Coereba flaveola,banana,train/04126_Animalia_Chordata_Aves_Passeriformes_Thraupidae_Coereba_flaveola/375dbfd0-a2b4-42b2-84d2-c43cbd964e95.wav,10.681
4126,Coereba flaveola,banana,train/04126_Animalia_Chordata_Aves_Passeriformes_Thraupidae_Coereba_flaveola/37a902e9-d211-4358-ab17-15c64b5ab91e.wav,3.653
4126,Coereba flaveola,banana,train/04126_Animalia_Chordata_Aves_Passeriformes_Thraupidae_Coereba_flaveola/41432614-b977-4650-beb8-392cd4dd1427.wav,5.689
4126,Coereba flaveola,banana,train/04126_Animalia_Chordata_Aves_Passeriformes_Thraupidae_Coereba_flaveola/442f9c00-0bbb-41e6-b8ed-32a55be19dd3.wav,20.48
4126,Coereba flaveola,banana,train/04126_Animalia_Chordata_Aves_Passeriformes_Thraupidae_Coereba_flaveola/51991a4b-0dda-4a61-8c95-2d40d45bcd17.wav,52.976
4126,Coereba flaveola,banana,train/04126_Animalia_Chordata_Aves_Passeriformes_Thraupidae_Coereba_flaveola/54795cf9-34e7-49c2-8c46-7f482552a21d.wav,14.037
4126,Coereba flaveola,banana,train/04126_Animalia_Chordata_Aves_Passeriformes_Thraupidae_Coereba_flaveola/5a83fbf5-b271-40c5-8078-df8e71e74e86.wav,10.565
4126,Coereba flaveola,banana,train/04126_Animalia_Chordata_Aves_Passeriformes_Thraupidae_Coereba_flaveola/5b096137-97f7-40b4-87c7-adebdae7fd1a.wav,14.059
4126,Coereba flaveola,banana,train/04126_Animalia_Chordata_Aves_Passeriformes_Thraupidae_Coereba_flaveola/6b6e8592-cd98-4818-9010-4b49faaaefff.wav,8.704
4126,Coereba flaveola,banana,train/04126_Animalia_Chordata_Aves_Passeriformes_Thraupidae_Coereba_flaveola/6c3fb3b6-3252-4d20-9cf6-67c1ff678dae.wav,46.184
4126,Coereba flaveola,banana,train/04126_Animalia_Chordata_Aves_Passeriformes_Thraupidae_Coereba_flaveola/6e736e2b-f088-4b69-af65-b6f6c7a13c2b.wav,48.602
4126,Coereba flaveola,banana,train/04126_Animalia_Chordata_Aves_Passeriformes_Thraupidae_Coereba_flaveola/733f5396-32a9-49a8-ada2-4b0b41f31b90.wav,3.435
4126,Coereba flaveola,banana,train/04126_Animalia_Chordata_Aves_Passeriformes_Thraupidae_Coereba_flaveola/77290f78-06e9-4917-8e3d-8e560989e97e.wav,12.887
4126,Coereba flaveola,banana,train/04126_Animalia_Chordata_Aves_Passeriformes_Thraupidae_Coereba_flaveola/9131e13e-db60-4fba-8faf-7d6f3a8f0b31.wav,17.16
4126,Coereba flaveola,banana,train/04126_Animalia_Chordata_Aves_Passeriformes_Thraupidae_Coereba_flaveola/97d441f8-3c76-4d7f-82c2-24fc76294697.wav,8.687
4126,Coereba flaveola,banana,train/04126_Animalia_Chordata_Aves_Passeriformes_Thraupidae_Coereba_flaveola/9812f2cc-baef-41f6-9f14-1d08fad069a4.wav,15.047
4126,Coereba flaveola,banana,train/04126_Animalia_Chordata_Aves_Passeriformes_Thraupidae_Coereba_flaveola/9fe8f363-7dfe-4d63-a735-d05f8d86e2d2.wav,5.55
4126,Coereba flaveola,banana,train/04126_Animalia_Chordata_Aves_Passeriformes_Thraupidae_Coereba_flaveola/a591d73b-e96a-4ff7-8a74-b7f93535a069.wav,54.216
4126,Coereba flaveola,banana,train/04126_Animalia_Chordata_Aves_Passeriformes_Thraupidae_Coereba_flaveola/bd011b2b-e660-4eb8-9575-83e53b77b83d.wav,18.024
4126,Coereba flaveola,banana,train/04126_Animalia_Chordata_Aves_Passeriformes_Thraupidae_Coereba_flaveola/be40c4ee-ea36-4281-a063-e287c5f3a380.wav,39.56
4126,Coereba flaveola,banana,train/04126_Animalia_Chordata_Aves_Passeriformes_Thraupidae_Coereba_flaveola/c3f6b252-30de-4ec8-9c4e-56ba98d16af2.wav,24.288
4126,Coereba flaveola,banana,train/04126_Animalia_Chordata_Aves_Passeriformes_Thraupidae_Coereba_flaveola/cb0308f4-8611-4b90-8317-e3e149e8d527.wav,17.711
4126,Coereba flaveola,banana,train/04126_Animalia_Chordata_Aves_Passeriformes_Thraupidae_Coereba_flaveola/cc0bb850-3879-4e3a-8699-ab3f4d49b6e4.wav,5.84
4126,Coereba flaveola,banana,train/04126_Animalia_Chordata_Aves_Passeriformes_Thraupidae_Coereba_flaveola/d09c8dbc-4966-4131-8cf6-5532dc328c87.wav,16.32
4126,Coereba flaveola,banana,train/04126_Animalia_Chordata_Aves_Passeriformes_Thraupidae_Coereba_flaveola/d9f89d37-f21c-4820-b848-b68d04b72a20.wav,12.748
4126,Coereba flaveola,banana,train/04126_Animalia_Chordata_Aves_Passeriformes_Thraupidae_Coereba_flaveola/e15318f1-2ea3-4ed7-ac0f-5cdc053fe56d.wav,32.026
4126,Coereba flaveola,banana,train/04126_Animalia_Chordata_Aves_Passeriformes_Thraupidae_Coereba_flaveola/e30821b6-5936-42ec-93a1-6b3d6f0a132d.wav,15.244
4126,Coereba flaveola,banana,train/04126_Animalia_Chordata_Aves_Passeriformes_Thraupidae_Coereba_flaveola/eb5333f4-eed0-4fd5-9417-f46ed24cd00b.wav,30.041
4126,Coereba flaveola,banana,train/04126_Animalia_Chordata_Aves_Passeriformes_Thraupidae_Coereba_flaveola/ecefe715-b9ea-4cc6-adcb-17c8cd1693d3.wav,4.125
4126,Coereba flaveola,banana,train/04126_Animalia_Chordata_Aves_Passeriformes_Thraupidae_Coereba_flaveola/eda66683-4b30-4381-9589-1bb96d33d01c.wav,13.703
4126,Coereba flaveola,banana,train/04126_Animalia_Chordata_Aves_Passeriformes_Thraupidae_Coereba_flaveola/f21a5280-baf6-45a0-be68-98c4ef3be5eb.wav,8.256
4126,Coereba flaveola,banana,train/04126_Animalia_Chordata_Aves_Passeriformes_Thraupidae_Coereba_flaveola/f2f7fd70-65b4-4bb3-a609-b7173d05cfeb.wav,23.088
4126,Coereba flaveola,banana,train/04126_Animalia_Chordata_Aves_Passeriformes_Thraupidae_Coereba_flaveola/f56a4fec-ace1-44fa-bd2d-5ac4299ab9b0.wav,16.512
4126,Coereba flaveola,banana,train/04126_Animalia_Chordata_Aves_Passeriformes_Thraupidae_Coereba_flaveola/f8834ae4-c2d6-4679-8f8d-8ce6fe12e148.wav,11.958
4096,Thamnophilus doliatus,barant1,train/04096_Animalia_Chordata_Aves_Passeriformes_Thamnophilidae_Thamnophilus_doliatus/0abad6fa-d121-43f0-b84b-90d938de35dd.wav,2.709
4096,Thamnophilus doliatus,barant1,train/04096_Animalia_Chordata_Aves_Passeriformes_Thamnophilidae_Thamnophilus_doliatus/3011738e-e0ba-4a54-99c4-8de4be12b0b7.wav,18.088
4096,Thamnophilus doliatus,barant1,train/04096_Animalia_Chordata_Aves_Passeriformes_Thamnophilidae_Thamnophilus_doliatus/36cd5dda-0b77-4672-a38c-225f6ef0df8e.wav,11.903
4096,Thamnophilus doliatus,barant1,train/04096_Animalia_Chordata_Aves_Passeriformes_Thamnophilidae_Thamnophilus_doliatus/405cd539-50d6-4dc6-a7eb-a6b5eaa5044b.wav,7.481
4096,Thamnophilus doliatus,barant1,train/04096_Animalia_Chordata_Aves_Passeriformes_Thamnophilidae_Thamnophilus_doliatus/4769f89e-2eb7-4c1e-8719-f8c607358aa9.wav,19.019
4096,Thamnophilus doliatus,barant1,train/04096_Animalia_Chordata_Aves_Passeriformes_Thamnophilidae_Thamnophilus_doliatus/51c1abbf-4e51-4641-a71c-96f4ad3664fb.wav,27.246
4096,Thamnophilus doliatus,barant1,train/04096_Animalia_Chordata_Aves_Passeriformes_Thamnophilidae_Thamnophilus_doliatus/56e3289a-040e-4c30-a891-a7424133c66a.wav,29.362
4096,Thamnophilus doliatus,barant1,train/04096_Animalia_Chordata_Aves_Passeriformes_Thamnophilidae_Thamnophilus_doliatus/6c61197c-af4e-4025-b6d9-22aacea94cb3.wav,6.125
4096,Thamnophilus doliatus,barant1,train/04096_Animalia_Chordata_Aves_Passeriformes_Thamnophilidae_Thamnophilus_doliatus/744f5b11-0ef5-4983-a002-a95d63202bd6.wav,36.781
4096,Thamnophilus doliatus,barant1,train/04096_Animalia_Chordata_Aves_Passeriformes_Thamnophilidae_Thamnophilus_doliatus/8149c070-d1ce-4330-b4e0-b0bbca8f10c7.wav,19.394
4096,Thamnophilus doliatus,barant1,train/04096_Animalia_Chordata_Aves_Passeriformes_Thamnophilidae_Thamnophilus_doliatus/8933436b-3898-4a3c-9ac9-69f2696a9422.wav,4.422
4096,Thamnophilus doliatus,barant1,train/04096_Animalia_Chordata_Aves_Passeriformes_Thamnophilidae_Thamnophilus_doliatus/8b1caf11-8dec-4d5f-8d37-f0e9f7c97bea.wav,16.528
4096,Thamnophilus doliatus,barant1,train/04096_Animalia_Chordata_Aves_Passeriformes_Thamnophilidae_Thamnophilus_doliatus/90a567c7-9416-4b0c-a304-233bd9edf3e3.wav,4.777
4096,Thamnophilus doliatus,barant1,train/04096_Animalia_Chordata_Aves_Passeriformes_Thamnophilidae_Thamnophilus_doliatus/99e22fa7-5203-4075-bd8d-ab511f8d1f7a.wav,3.38
4096,Thamnophilus doliatus,barant1,train/04096_Animalia_Chordata_Aves_Passeriformes_Thamnophilidae_Thamnophilus_doliatus/a568aaac-3101-4c56-92fb-136b492f0441.wav,6.478
4096,Thamnophilus doliatus,barant1,train/04096_Animalia_Chordata_Aves_Passeriformes_Thamnophilidae_Thamnophilus_doliatus/aabf5b2c-9f51-47dc-aa88-62f2dc9723e1.wav,29.283
4096,Thamnophilus doliatus,barant1,train/04096_Animalia_Chordata_Aves_Passeriformes_Thamnophilidae_Thamnophilus_doliatus/aae42940-1118-4c22-a3cb-6412b9b7c298.wav,23.429
4096,Thamnophilus doliatus,barant1,train/04096_Animalia_Chordata_Aves_Passeriformes_Thamnophilidae_Thamnophilus_doliatus/b2af0d59-b0ed-4c91-a3db-b0c5d1042ea2.wav,65.907
4096,Thamnophilus doliatus,barant1,train/04096_Animalia_Chordata_Aves_Passeriformes_Thamnophilidae_Thamnophilus_doliatus/bcee7f1c-bbfa-4d16-8fe3-7f09f7ab9dec.wav,25.582
4096,Thamnophilus doliatus,barant1,train/04096_Animalia_Chordata_Aves_Passeriformes_Thamnophilidae_Thamnophilus_doliatus/c523dc79-2050-4948-9a43-f5ddb0e36435.wav,28.651
4096,Thamnophilus doliatus,barant1,train/04096_Animalia_Chordata_Aves_Passeriformes_Thamnophilidae_Thamnophilus_doliatus/ca92d975-4fca-4a3f-b9f5-7d70dc073d12.wav,28.203
4096,Thamnophilus doliatus,barant1,train/04096_Animalia_Chordata_Aves_Passeriformes_Thamnophilidae_Thamnophilus_doliatus/ce1bbcbd-30ea-46a9-b16a-4568e687a52f.wav,5.748
4096,Thamnophilus doliatus,barant1,train/04096_Animalia_Chordata_Aves_Passeriformes_Thamnophilidae_Thamnophilus_doliatus/d1e4559b-5094-4c34-8835-814ea046ce1d.wav,1.411
4096,Thamnophilus doliatus,barant1,train/04096_Animalia_Chordata_Aves_Passeriformes_Thamnophilidae_Thamnophilus_doliatus/d4e6c2db-82cc-4811-88b5-82ad0178d682.wav,52.506
4096,Thamnophilus doliatus,barant1,train/04096_Animalia_Chordata_Aves_Passeriformes_Thamnophilidae_Thamnophilus_doliatus/d5a8d08d-1d1d-4d5f-8148-8d3ee1d89438.wav,16.4
4096,Thamnophilus doliatus,barant1,train/04096_Animalia_Chordata_Aves_Passeriformes_Thamnophilidae_Thamnophilus_doliatus/d9ed845c-d4d7-40d7-8891-955b0254df16.wav,34.64
4096,Thamnophilus doliatus,barant1,train/04096_Animalia_Chordata_Aves_Passeriformes_Thamnophilidae_Thamnophilus_doliatus/dc1feace-d368-40d1-b1a1-1030661b61d6.wav,29.362
4096,Thamnophilus doliatus,barant1,train/04096_Animalia_Chordata_Aves_Passeriformes_Thamnophilidae_Thamnophilus_doliatus/e05ddb25-9c31-4e52-96c7-d66ee448ebdf.wav,30.047
4096,Thamnophilus doliatus,barant1,train/04096_Animalia_Chordata_Aves_Passeriformes_Thamnophilidae_Thamnophilus_doliatus/f212c600-6176-4eb0-affc-f21614133e44.wav,15.616
4096,Thamnophilus doliatus,barant1,train/04096_Animalia_Chordata_Aves_Passeriformes_Thamnophilidae_Thamnophilus_doliatus/f8db6c53-abc6-46e2-b443-f0f6e355b9ba.wav,42.112
4096,Thamnophilus doliatus,barant1,train/04096_Animalia_Chordata_Aves_Passeriformes_Thamnophilidae_Thamnophilus_doliatus/fd95e082-4686-4e40-930d-08e19c23bbc9.wav,33.28
4096,Thamnophilus doliatus,barant1,train/04096_Animalia_Chordata_Aves_Passeriformes_Thamnophilidae_Thamnophilus_doliatus/fe946176-16f3-4ff8-b4de-83333646a81d.wav,44.891
2612,Procnias nudicollis,batbel1,train/02612_Animalia_Chordata_Aves_Passeriformes_Cotingidae_Procnias_nudicollis/1ffba78e-427b-4142-8d32-cd63462848f3.wav,89.278
2612,Procnias nudicollis,batbel1,train/02612_Animalia_Chordata_Aves_Passeriformes_Cotingidae_Procnias_nudicollis/22524458-2d3e-4850-b378-520621428fd5.wav,59.533
2612,Procnias nudicollis,batbel1,train/02612_Animalia_Chordata_Aves_Passeriformes_Cotingidae_Procnias_nudicollis/76c30dc2-7f36-4092-b8b1-8580f62b7a1d.wav,30.272
2612,Procnias nudicollis,batbel1,train/02612_Animalia_Chordata_Aves_Passeriformes_Cotingidae_Procnias_nudicollis/93a210c5-54a7-4548-a16d-961ab0b3ed76.wav,20.376
2612,Procnias nudicollis,batbel1,train/02612_Animalia_Chordata_Aves_Passeriformes_Cotingidae_Procnias_nudicollis/cf0ad370-fc92-4978-9f4e-417961fc304e.wav,43.484
2612,Procnias nudicollis,batbel1,train/02612_Animalia_Chordata_Aves_Passeriformes_Cotingidae_Procnias_nudicollis/d77a9537-89cc-4523-b9d5-4d47bc2df05e.wav,73.0
2612,Procnias nudicollis,batbel1,train/02612_Animalia_Chordata_Aves_Passeriformes_Cotingidae_Procnias_nudicollis/e21d1e35-645a-4908-9c43-defebd86e044.wav,32.078
2612,Procnias nudicollis,batbel1,train/02612_Animalia_Chordata_Aves_Passeriformes_Cotingidae_Procnias_nudicollis/ff525208-8109-4b75-a754-0dd505692fe9.wav,31.131
4964,Ara ararauna,baymac,train/04964_Animalia_Chordata_Aves_Psittaciformes_Psittacidae_Ara_ararauna/42b01330-3677-4c04-bab6-e7aad2616949.wav,44.136
4964,Ara ararauna,baymac,train/04964_Animalia_Chordata_Aves_Psittaciformes_Psittacidae_Ara_ararauna/8cd68714-9016-412c-b7e9-642fba4b7dc5.wav,7.131
4964,Ara ararauna,baymac,train/04964_Animalia_Chordata_Aves_Psittaciformes_Psittacidae_Ara_ararauna/d8336832-6d37-4a96-a7bc-916f790933c2.wav,13.543
4964,Ara ararauna,baymac,train/04964_Animalia_Chordata_Aves_Psittaciformes_Psittacidae_Ara_ararauna/db46a05b-c800-4b9b-8cb5-7317b7720f17.wav,15.348
1517,Dendrocygna autumnalis,bbwduc,train/01517_Animalia_Chordata_Aves_Anseriformes_Anatidae_Dendrocygna_autumnalis/046f5b07-89ab-4e78-b374-5ad785c81e06.wav,3.264
1517,Dendrocygna autumnalis,bbwduc,train/01517_Animalia_Chordata_Aves_Anseriformes_Anatidae_Dendrocygna_autumnalis/05e2bf3b-cf11-4cff-9231-9cddc8ec0eef.wav,27.748
1517,Dendrocygna autumnalis,bbwduc,train/01517_Animalia_Chordata_Aves_Anseriformes_Anatidae_Dendrocygna_autumnalis/0926040c-df92-4517-a5b0-18e3e504f122.wav,11.873
1517,Dendrocygna autumnalis,bbwduc,train/01517_Animalia_Chordata_Aves_Anseriformes_Anatidae_Dendrocygna_autumnalis/0961c5ae-931f-4437-b03b-876b7ada8695.wav,25.612
1517,Dendrocygna autumnalis,bbwduc,train/01517_Animalia_Chordata_Aves_Anseriformes_Anatidae_Dendrocygna_autumnalis/0f695cca-8f80-477a-986b-8fa8966ff2c8.wav,48.251
1517,Dendrocygna autumnalis,bbwduc,train/01517_Animalia_Chordata_Aves_Anseriformes_Anatidae_Dendrocygna_autumnalis/127323ef-559f-4c43-877c-c1a7f51659c6.wav,7.639
1517,Dendrocygna autumnalis,bbwduc,train/01517_Animalia_Chordata_Aves_Anseriformes_Anatidae_Dendrocygna_autumnalis/1afbd805-5cb2-4cf4-9585-d64fd778c560.wav,2.056
1517,Dendrocygna autumnalis,bbwduc,train/01517_Animalia_Chordata_Aves_Anseriformes_Anatidae_Dendrocygna_autumnalis/1cb08b59-dd1b-459b-8375-c172c36c4a61.wav,6.024
1517,Dendrocygna autumnalis,bbwduc,train/01517_Animalia_Chordata_Aves_Anseriformes_Anatidae_Dendrocygna_autumnalis/1d41a712-eb37-4048-bfd3-2abc7afaed5a.wav,3.888
1517,Dendrocygna autumnalis,bbwduc,train/01517_Animalia_Chordata_Aves_Anseriformes_Anatidae_Dendrocygna_autumnalis/1f84420b-1d5c-4b5a-bec6-8c1de872da5b.wav,16.985
1517,Dendrocygna autumnalis,bbwduc,train/01517_Animalia_Chordata_Aves_Anseriformes_Anatidae_Dendrocygna_autumnalis/24d1d8e1-0197-419d-8aed-0a058d8982d5.wav,140.272
1517,Dendrocygna autumnalis,bbwduc,train/01517_Animalia_Chordata_Aves_Anseriformes_Anatidae_Dendrocygna_autumnalis/26478097-6ed7-43ba-a32a-90ec30e753d5.wav,19.552
1517,Dendrocygna autumnalis,bbwduc,train/01517_Animalia_Chordata_Aves_Anseriformes_Anatidae_Dendrocygna_autumnalis/350ad9cf-7a41-489b-98a8-b0550e6c8bdb.wav,4.621
1517,Dendrocygna autumnalis,bbwduc,train/01517_Animalia_Chordata_Aves_Anseriformes_Anatidae_Dendrocygna_autumnalis/350d7954-2f20-45e6-bb0a-7939300c61c8.wav,11.153
1517,Dendrocygna autumnalis,bbwduc,train/01517_Animalia_Chordata_Aves_Anseriformes_Anatidae_Dendrocygna_autumnalis/3a5ca8e4-f3a0-43e1-99da-55c1b3ad827b.wav,21.348
1517,Dendrocygna autumnalis,bbwduc,train/01517_Animalia_Chordata_Aves_Anseriformes_Anatidae_Dendrocygna_autumnalis/477de2ce-6e88-4780-8f93-01a51487a223.wav,7.152
1517,Dendrocygna autumnalis,bbwduc,train/01517_Animalia_Chordata_Aves_Anseriformes_Anatidae_Dendrocygna_autumnalis/483d0d12-a71f-4876-a99a-b88abdd31afb.wav,31.374
1517,Dendrocygna autumnalis,bbwduc,train/01517_Animalia_Chordata_Aves_Anseriformes_Anatidae_Dendrocygna_autumnalis/4f9b8442-37d9-4ff7-939f-36f4724eef95.wav,26.645
1517,Dendrocygna autumnalis,bbwduc,train/01517_Animalia_Chordata_Aves_Anseriformes_Anatidae_Dendrocygna_autumnalis/50828c5b-2d33-439a-b32a-76c9d5947d11.wav,5.926
1517,Dendrocygna autumnalis,bbwduc,train/01517_Animalia_Chordata_Aves_Anseriformes_Anatidae_Dendrocygna_autumnalis/510f23cb-0eda-46ea-acc4-d12bc567be38.wav,8.491
1517,Dendrocygna autumnalis,bbwduc,train/01517_Animalia_Chordata_Aves_Anseriformes_Anatidae_Dendrocygna_autumnalis/5136f2d1-f7fc-4793-9c8d-8db7006230d0.wav,19.764
1517,Dendrocygna autumnalis,bbwduc,train/01517_Animalia_Chordata_Aves_Anseriformes_Anatidae_Dendrocygna_autumnalis/5c9c9e6d-c09b-4782-8ddc-7ee26268faf8.wav,21.973
1517,Dendrocygna autumnalis,bbwduc,train/01517_Animalia_Chordata_Aves_Anseriformes_Anatidae_Dendrocygna_autumnalis/61b7c18a-5e9d-46a8-bef0-55f7bcf35052.wav,9.543
1517,Dendrocygna autumnalis,bbwduc,train/01517_Animalia_Chordata_Aves_Anseriformes_Anatidae_Dendrocygna_autumnalis/6803b340-5d23-4022-8844-33035a480fd6.wav,11.442
1517,Dendrocygna autumnalis,bbwduc,train/01517_Animalia_Chordata_Aves_Anseriformes_Anatidae_Dendrocygna_autumnalis/68c02b94-1334-446f-90b0-011d28129ea1.wav,5.625
1517,Dendrocygna autumnalis,bbwduc,train/01517_Animalia_Chordata_Aves_Anseriformes_Anatidae_Dendrocygna_autumnalis/78c6097b-7e2d-4951-a9a5-cb44e16e5077.wav,9.536
1517,Dendrocygna autumnalis,bbwduc,train/01517_Animalia_Chordata_Aves_Anseriformes_Anatidae_Dendrocygna_autumnalis/7d2671a5-fc54-4724-b69e-90688c8adf77.wav,25.24
1517,Dendrocygna autumnalis,bbwduc,train/01517_Animalia_Chordata_Aves_Anseriformes_Anatidae_Dendrocygna_autumnalis/7e59735c-89e3-4664-9557-5c127c0e1b59.wav,13.119
1517,Dendrocygna autumnalis,bbwduc,train/01517_Animalia_Chordata_Aves_Anseriformes_Anatidae_Dendrocygna_autumnalis/7eefb8af-9c73-4c46-a85d-bf23de9e7d37.wav,17.842
1517,Dendrocygna autumnalis,bbwduc,train/01517_Animalia_Chordata_Aves_Anseriformes_Anatidae_Dendrocygna_autumnalis/886371c3-b6c3-405f-9121-75809aa0907d.wav,14.396
1517,Dendrocygna autumnalis,bbwduc,train/01517_Animalia_Chordata_Aves_Anseriformes_Anatidae_Dendrocygna_autumnalis/8aeac8b2-f0bd-4742-98f9-512fe723af74.wav,40.002
1517,Dendrocygna autumnalis,bbwduc,train/01517_Animalia_Chordata_Aves_Anseriformes_Anatidae_Dendrocygna_autumnalis/8b087ff3-0808-4b53-9c48-019c19b9091e.wav,9.822
1517,Dendrocygna autumnalis,bbwduc,train/01517_Animalia_Chordata_Aves_Anseriformes_Anatidae_Dendrocygna_autumnalis/8faf4d9a-0d74-4e2d-b435-f814c544a905.wav,5.725
1517,Dendrocygna autumnalis,bbwduc,train/01517_Animalia_Chordata_Aves_Anseriformes_Anatidae_Dendrocygna_autumnalis/a07963ca-c6b9-4850-855d-82f38a54a767.wav,17.322
1517,Dendrocygna autumnalis,bbwduc,train/01517_Animalia_Chordata_Aves_Anseriformes_Anatidae_Dendrocygna_autumnalis/a8b50976-806e-4fde-bacc-39d9cf80690a.wav,19.371
1517,Dendrocygna autumnalis,bbwduc,train/01517_Animalia_Chordata_Aves_Anseriformes_Anatidae_Dendrocygna_autumnalis/b321d12f-6f5e-4a96-90e3-f61055ae9ddd.wav,14.759
1517,Dendrocygna autumnalis,bbwduc,train/01517_Animalia_Chordata_Aves_Anseriformes_Anatidae_Dendrocygna_autumnalis/bf7fd2a4-4b86-41bb-97df-962fd9d8e472.wav,16.016
1517,Dendrocygna autumnalis,bbwduc,train/01517_Animalia_Chordata_Aves_Anseriformes_Anatidae_Dendrocygna_autumnalis/d990e0f3-a56d-40cb-bbdf-1ed639bd5d43.wav,5.29
1517,Dendrocygna autumnalis,bbwduc,train/01517_Animalia_Chordata_Aves_Anseriformes_Anatidae_Dendrocygna_autumnalis/ddb3e002-9063-4de1-9638-4a58be7d7b21.wav,9.953
1517,Dendrocygna autumnalis,bbwduc,train/01517_Animalia_Chordata_Aves_Anseriformes_Anatidae_Dendrocygna_autumnalis/e22d91bf-a573-4628-845b-798123af5fa1.wav,17.09
1517,Dendrocygna autumnalis,bbwduc,train/01517_Animalia_Chordata_Aves_Anseriformes_Anatidae_Dendrocygna_autumnalis/e507257d-3cd1-428c-8f1a-588d7537c8df.wav,6.778
1517,Dendrocygna autumnalis,bbwduc,train/01517_Animalia_Chordata_Aves_Anseriformes_Anatidae_Dendrocygna_autumnalis/e700a530-86b3-4782-99f6-058102bc73c8.wav,12.866
1517,Dendrocygna autumnalis,bbwduc,train/01517_Animalia_Chordata_Aves_Anseriformes_Anatidae_Dendrocygna_autumnalis/ea86f1a6-7227-4824-813d-082b8ba35667.wav,10.472
1517,Dendrocygna autumnalis,bbwduc,train/01517_Animalia_Chordata_Aves_Anseriformes_Anatidae_Dendrocygna_autumnalis/eafcc7a1-5714-4f4c-b13f-0417938e7a6e.wav,5.008
1517,Dendrocygna autumnalis,bbwduc,train/01517_Animalia_Chordata_Aves_Anseriformes_Anatidae_Dendrocygna_autumnalis/f218ca73-b36d-4963-9ce9-2024084fb8a1.wav,21.577
1517,Dendrocygna autumnalis,bbwduc,train/01517_Animalia_Chordata_Aves_Anseriformes_Anatidae_Dendrocygna_autumnalis/fbead24c-8361-4ea6-b2a3-b6307eca5851.wav,7.576
1517,Dendrocygna autumnalis,bbwduc,train/01517_Animalia_Chordata_Aves_Anseriformes_Anatidae_Dendrocygna_autumnalis/ffd2b1f3-3ec0-4221-8cc5-82c66d1353e4.wav,14.28
4173,Microspingus melanoleucus,bcwfin2,train/04173_Animalia_Chordata_Aves_Passeriformes_Thraupidae_Microspingus_melanoleucus/97ca914c-4a08-40a8-bc88-99a4aa621be2.wav,29.547
4173,Microspingus melanoleucus,bcwfin2,train/04173_Animalia_Chordata_Aves_Passeriformes_Thraupidae_Microspingus_melanoleucus/b68fb9b9-18b6-4e5f-8488-00cb6cea7122.wav,10.213
2637,Donacobius atricapilla,bkcdon,train/02637_Animalia_Chordata_Aves_Passeriformes_Donacobiidae_Donacobius_atricapilla/47212daa-c61d-4438-b8c2-519cea57a6ea.wav,15.84
2637,Donacobius atricapilla,bkcdon,train/02637_Animalia_Chordata_Aves_Passeriformes_Donacobiidae_Donacobius_atricapilla/ef6aabc5-607b-49ae-be1d-ae9721b1286f.wav,4.476
4971,Aratinga nenday,bkhpar,train/04971_Animalia_Chordata_Aves_Psittaciformes_Psittacidae_Aratinga_nenday/217d4246-e4ae-4fcc-957b-dc309ce0ae3d.wav,12.98
4971,Aratinga nenday,bkhpar,train/04971_Animalia_Chordata_Aves_Psittaciformes_Psittacidae_Aratinga_nenday/240a83ad-e645-48f2-91f8-4e63431ca7af.wav,34.057
4971,Aratinga nenday,bkhpar,train/04971_Animalia_Chordata_Aves_Psittaciformes_Psittacidae_Aratinga_nenday/27d49582-5a06-4890-9f54-03680cb99922.wav,19.151
4971,Aratinga nenday,bkhpar,train/04971_Animalia_Chordata_Aves_Psittaciformes_Psittacidae_Aratinga_nenday/62923547-fe60-450b-9e96-d41cf55b2bae.wav,15.474
4971,Aratinga nenday,bkhpar,train/04971_Animalia_Chordata_Aves_Psittaciformes_Psittacidae_Aratinga_nenday/80950841-9d94-47ef-94ec-57ae652ef828.wav,7.152
4971,Aratinga nenday,bkhpar,train/04971_Animalia_Chordata_Aves_Psittaciformes_Psittacidae_Aratinga_nenday/b56b4759-bd87-4118-b766-c59a266424ba.wav,26.717
4971,Aratinga nenday,bkhpar,train/04971_Animalia_Chordata_Aves_Psittaciformes_Psittacidae_Aratinga_nenday/c77e59f1-552b-45d4-9b2d-2b3d61d271a8.wav,11.011
4971,Aratinga nenday,bkhpar,train/04971_Animalia_Chordata_Aves_Psittaciformes_Psittacidae_Aratinga_nenday/d8e0587f-61e6-4766-beb4-059b02059ece.wav,7.68
4971,Aratinga nenday,bkhpar,train/04971_Animalia_Chordata_Aves_Psittaciformes_Psittacidae_Aratinga_nenday/eea6f41c-a7fa-4387-82f4-8538e110bf7e.wav,19.574
4971,Aratinga nenday,bkhpar,train/04971_Animalia_Chordata_Aves_Psittaciformes_Psittacidae_Aratinga_nenday/f57409a5-d38b-465a-a04b-602349d3f89e.wav,10.809
4971,Aratinga nenday,bkhpar,train/04971_Animalia_Chordata_Aves_Psittaciformes_Psittacidae_Aratinga_nenday/fedc15ea-bec3-4a01-be88-8aa09d1d11a0.wav,7.639
1474,Spizaetus tyrannus,blheag1,train/01474_Animalia_Chordata_Aves_Accipitriformes_Accipitridae_Spizaetus_tyrannus/2567de5f-3586-45dc-be38-d7002da82485.wav,6.24
1474,Spizaetus tyrannus,blheag1,train/01474_Animalia_Chordata_Aves_Accipitriformes_Accipitridae_Spizaetus_tyrannus/2bfa568e-f16a-414e-956b-ee945b75a0d8.wav,24.503
1474,Spizaetus tyrannus,blheag1,train/01474_Animalia_Chordata_Aves_Accipitriformes_Accipitridae_Spizaetus_tyrannus/4a2f01b1-95b6-4d15-8671-d40fcc8ce517.wav,16.56
1474,Spizaetus tyrannus,blheag1,train/01474_Animalia_Chordata_Aves_Accipitriformes_Accipitridae_Spizaetus_tyrannus/6a554ea5-a940-4bd4-8f1f-7cd9decffb5f.wav,14.641
1474,Spizaetus tyrannus,blheag1,train/01474_Animalia_Chordata_Aves_Accipitriformes_Accipitridae_Spizaetus_tyrannus/9e6810a1-6420-4d86-8130-85271756f467.wav,51.502
1474,Spizaetus tyrannus,blheag1,train/01474_Animalia_Chordata_Aves_Accipitriformes_Accipitridae_Spizaetus_tyrannus/bd1b7307-5423-4aa3-b4b8-ed8609688fb0.wav,5.312
1474,Spizaetus tyrannus,blheag1,train/01474_Animalia_Chordata_Aves_Accipitriformes_Accipitridae_Spizaetus_tyrannus/d6e5a3cf-a8b9-40bf-a6cb-7a1449dffd2f.wav,8.235
1474,Spizaetus tyrannus,blheag1,train/01474_Animalia_Chordata_Aves_Accipitriformes_Accipitridae_Spizaetus_tyrannus/d70dc439-5d76-4c48-8f75-bcdd821046e8.wav,35.584
1474,Spizaetus tyrannus,blheag1,train/01474_Animalia_Chordata_Aves_Accipitriformes_Accipitridae_Spizaetus_tyrannus/e244514c-66ba-4037-bec7-18b5921567a7.wav,24.384
4547,Myiarchus tyrannulus,bncfly,train/04547_Animalia_Chordata_Aves_Passeriformes_Tyrannidae_Myiarchus_tyrannulus/00dfc7f4-2c25-41f2-847c-b3158d3cf89e.wav,8.181
4547,Myiarchus tyrannulus,bncfly,train/04547_Animalia_Chordata_Aves_Passeriformes_Tyrannidae_Myiarchus_tyrannulus/01b47af1-59b0-4feb-ae84-bc3b8fd603e4.wav,11.564
4547,Myiarchus tyrannulus,bncfly,train/04547_Animalia_Chordata_Aves_Passeriformes_Tyrannidae_Myiarchus_tyrannulus/0894fc5f-f68c-4763-a663-eaa518225624.wav,15.553
4547,Myiarchus tyrannulus,bncfly,train/04547_Animalia_Chordata_Aves_Passeriformes_Tyrannidae_Myiarchus_tyrannulus/11012970-de9e-4803-b520-c68aaca6e2d6.wav,10.731
4547,Myiarchus tyrannulus,bncfly,train/04547_Animalia_Chordata_Aves_Passeriformes_Tyrannidae_Myiarchus_tyrannulus/1bc3c3f7-0f27-4760-a108-2abbe8d222df.wav,38.208
4547,Myiarchus tyrannulus,bncfly,train/04547_Animalia_Chordata_Aves_Passeriformes_Tyrannidae_Myiarchus_tyrannulus/1e2343f4-36d8-4739-85ff-31100ed84e2c.wav,6.13
4547,Myiarchus tyrannulus,bncfly,train/04547_Animalia_Chordata_Aves_Passeriformes_Tyrannidae_Myiarchus_tyrannulus/2002b8e3-e43b-4c4b-9aa3-597b7e77ecc1.wav,46.08
4547,Myiarchus tyrannulus,bncfly,train/04547_Animalia_Chordata_Aves_Passeriformes_Tyrannidae_Myiarchus_tyrannulus/3fe5f2b1-d951-4e2e-808a-15fda26943cc.wav,33.557
4547,Myiarchus tyrannulus,bncfly,train/04547_Animalia_Chordata_Aves_Passeriformes_Tyrannidae_Myiarchus_tyrannulus/43b28daa-b96b-4d4b-91f4-bca34b61b6dc.wav,4.338
4547,Myiarchus tyrannulus,bncfly,train/04547_Animalia_Chordata_Aves_Passeriformes_Tyrannidae_Myiarchus_tyrannulus/43c9e411-f1e9-4178-bcf9-e63f8d6e0b89.wav,31.579
4547,Myiarchus tyrannulus,bncfly,train/04547_Animalia_Chordata_Aves_Passeriformes_Tyrannidae_Myiarchus_tyrannulus/4fb4d2d5-621d-4cfe-8ae9-aef185d293a1.wav,20.004
4547,Myiarchus tyrannulus,bncfly,train/04547_Animalia_Chordata_Aves_Passeriformes_Tyrannidae_Myiarchus_tyrannulus/51e029fc-b8ba-4880-b477-96d2c5deb7d6.wav,1.448
4547,Myiarchus tyrannulus,bncfly,train/04547_Animalia_Chordata_Aves_Passeriformes_Tyrannidae_Myiarchus_tyrannulus/527544dc-b46f-4ed9-8108-b35e5719e365.wav,15.233
4547,Myiarchus tyrannulus,bncfly,train/04547_Animalia_Chordata_Aves_Passeriformes_Tyrannidae_Myiarchus_tyrannulus/56a14ced-2353-428b-b1f7-aff09dc09465.wav,4.806
4547,Myiarchus tyrannulus,bncfly,train/04547_Animalia_Chordata_Aves_Passeriformes_Tyrannidae_Myiarchus_tyrannulus/65ad6892-83df-47ab-8229-876f0a7e4a1c.wav,1.672
4547,Myiarchus tyrannulus,bncfly,train/04547_Animalia_Chordata_Aves_Passeriformes_Tyrannidae_Myiarchus_tyrannulus/6977c8e1-b4b0-4258-8f00-185f5f6c565e.wav,30.12
4547,Myiarchus tyrannulus,bncfly,train/04547_Animalia_Chordata_Aves_Passeriformes_Tyrannidae_Myiarchus_tyrannulus/762c09bd-e636-4fd3-af7b-220ad57b0773.wav,48.404
4547,Myiarchus tyrannulus,bncfly,train/04547_Animalia_Chordata_Aves_Passeriformes_Tyrannidae_Myiarchus_tyrannulus/7e4e213a-877c-4fc5-ade6-06414840ea19.wav,19.38
4547,Myiarchus tyrannulus,bncfly,train/04547_Animalia_Chordata_Aves_Passeriformes_Tyrannidae_Myiarchus_tyrannulus/943e88ae-d0fc-441a-9339-9512870d29a1.wav,17.414
4547,Myiarchus tyrannulus,bncfly,train/04547_Animalia_Chordata_Aves_Passeriformes_Tyrannidae_Myiarchus_tyrannulus/9884347f-76ba-4429-b3bd-b70846dd42f1.wav,2.601
4547,Myiarchus tyrannulus,bncfly,train/04547_Animalia_Chordata_Aves_Passeriformes_Tyrannidae_Myiarchus_tyrannulus/98f30cb1-d14f-499d-b571-babc93c49b43.wav,12.098
4547,Myiarchus tyrannulus,bncfly,train/04547_Animalia_Chordata_Aves_Passeriformes_Tyrannidae_Myiarchus_tyrannulus/b0e9c53b-c1a1-4e3e-9ea0-ed93d8ff1a37.wav,22.354
4547,Myiarchus tyrannulus,bncfly,train/04547_Animalia_Chordata_Aves_Passeriformes_Tyrannidae_Myiarchus_tyrannulus/b4279dec-2516-45a3-9ca3-95623124be36.wav,25.97
4547,Myiarchus tyrannulus,bncfly,train/04547_Animalia_Chordata_Aves_Passeriformes_Tyrannidae_Myiarchus_tyrannulus/bc5bc5d2-7f01-4469-ae64-24d07679fb99.wav,14.348
4547,Myiarchus tyrannulus,bncfly,train/04547_Animalia_Chordata_Aves_Passeriformes_Tyrannidae_Myiarchus_tyrannulus/bf7be611-7b27-4972-8bfb-c8fd8c9b9faa.wav,51.192
4547,Myiarchus tyrannulus,bncfly,train/04547_Animalia_Chordata_Aves_Passeriformes_Tyrannidae_Myiarchus_tyrannulus/c271092b-54cc-429b-bb3d-e619099b66be.wav,11.889
4547,Myiarchus tyrannulus,bncfly,train/04547_Animalia_Chordata_Aves_Passeriformes_Tyrannidae_Myiarchus_tyrannulus/c3e7ab01-8a17-43a1-8c01-6aab9d1cc807.wav,58.32
4547,Myiarchus tyrannulus,bncfly,train/04547_Animalia_Chordata_Aves_Passeriformes_Tyrannidae_Myiarchus_tyrannulus/e2be985d-dce4-4afc-9ec8-acdf07bd7dbc.wav,72.934
4547,Myiarchus tyrannulus,bncfly,train/04547_Animalia_Chordata_Aves_Passeriformes_Tyrannidae_Myiarchus_tyrannulus/e42f9d47-db68-4453-8da5-9520f11529d2.wav,45.406
4547,Myiarchus tyrannulus,bncfly,train/04547_Animalia_Chordata_Aves_Passeriformes_Tyrannidae_Myiarchus_tyrannulus/edd5dfb2-29b8-48b5-9aa0-ddfd3c4c4b87.wav,1.11
4547,Myiarchus tyrannulus,bncfly,train/04547_Animalia_Chordata_Aves_Passeriformes_Tyrannidae_Myiarchus_tyrannulus/f20bec83-12a2-42b3-a881-888338ba895f.wav,14.566
4547,Myiarchus tyrannulus,bncfly,train/04547_Animalia_Chordata_Aves_Passeriformes_Tyrannidae_Myiarchus_tyrannulus/f4b151b8-c2c4-461f-af62-fba764ba8877.wav,23.948
4535,Megarynchus pitangua,bobfly1,train/04535_Animalia_Chordata_Aves_Passeriformes_Tyrannidae_Megarynchus_pitangua/025eeb8b-890c-4d54-b0d8-5c9826203e0b.wav,6.037
4535,Megarynchus pitangua,bobfly1,train/04535_Animalia_Chordata_Aves_Passeriformes_Tyrannidae_Megarynchus_pitangua/05a7385a-d82b-4822-9e74-a45e456e56d1.wav,18.024
4535,Megarynchus pitangua,bobfly1,train/04535_Animalia_Chordata_Aves_Passeriformes_Tyrannidae_Megarynchus_pitangua/0f266a88-b984-465a-988d-17d5140e4bdb.wav,4.0
4535,Megarynchus pitangua,bobfly1,train/04535_Animalia_Chordata_Aves_Passeriformes_Tyrannidae_Megarynchus_pitangua/1599f221-9d38-4ff4-adc9-365a527bf460.wav,13.244
4535,Megarynchus pitangua,bobfly1,train/04535_Animalia_Chordata_Aves_Passeriformes_Tyrannidae_Megarynchus_pitangua/165ae82d-f0f1-47a4-958e-a0f4ac57d55e.wav,22.596
4535,Megarynchus pitangua,bobfly1,train/04535_Animalia_Chordata_Aves_Passeriformes_Tyrannidae_Megarynchus_pitangua/1bfc8f65-004d-4746-873d-09027f566180.wav,6.997
4535,Megarynchus pitangua,bobfly1,train/04535_Animalia_Chordata_Aves_Passeriformes_Tyrannidae_Megarynchus_pitangua/1fa4ec6d-fe8c-4963-9550-6444c3fff8f3.wav,19.409
4535,Megarynchus pitangua,bobfly1,train/04535_Animalia_Chordata_Aves_Passeriformes_Tyrannidae_Megarynchus_pitangua/290396e3-3507-48b9-b1aa-e6ef472ce730.wav,25.368
4535,Megarynchus pitangua,bobfly1,train/04535_Animalia_Chordata_Aves_Passeriformes_Tyrannidae_Megarynchus_pitangua/2dedb396-27e5-4f19-a2d7-8bbecab9ea92.wav,12.9
4535,Megarynchus pitangua,bobfly1,train/04535_Animalia_Chordata_Aves_Passeriformes_Tyrannidae_Megarynchus_pitangua/320044c9-f013-469f-bd5f-860ebfd1dd21.wav,8.32
4535,Megarynchus pitangua,bobfly1,train/04535_Animalia_Chordata_Aves_Passeriformes_Tyrannidae_Megarynchus_pitangua/32b8161d-1b83-4091-81b1-cde2b212c6c0.wav,16.254
4535,Megarynchus pitangua,bobfly1,train/04535_Animalia_Chordata_Aves_Passeriformes_Tyrannidae_Megarynchus_pitangua/32c367c8-40e0-4208-a75f-c0118a01c100.wav,17.578
4535,Megarynchus pitangua,bobfly1,train/04535_Animalia_Chordata_Aves_Passeriformes_Tyrannidae_Megarynchus_pitangua/378c55a6-1b63-40cd-bd8e-0488e7fbf055.wav,30.943
4535,Megarynchus pitangua,bobfly1,train/04535_Animalia_Chordata_Aves_Passeriformes_Tyrannidae_Megarynchus_pitangua/3947c741-1332-46ec-942a-a419fffb4380.wav,5.846
4535,Megarynchus pitangua,bobfly1,train/04535_Animalia_Chordata_Aves_Passeriformes_Tyrannidae_Megarynchus_pitangua/4ad85bc7-8687-4e0c-9866-c5ed31b894e6.wav,13.987
4535,Megarynchus pitangua,bobfly1,train/04535_Animalia_Chordata_Aves_Passeriformes_Tyrannidae_Megarynchus_pitangua/4e3b95e2-79e2-4f67-8716-3da1d785cb19.wav,12.658
4535,Megarynchus pitangua,bobfly1,train/04535_Animalia_Chordata_Aves_Passeriformes_Tyrannidae_Megarynchus_pitangua/555aa2bb-f45b-49e0-b195-46dd5e6a7593.wav,6.093
4535,Megarynchus pitangua,bobfly1,train/04535_Animalia_Chordata_Aves_Passeriformes_Tyrannidae_Megarynchus_pitangua/5726e878-9e1e-4699-a58c-a90a8831a8f2.wav,13.609
4535,Megarynchus pitangua,bobfly1,train/04535_Animalia_Chordata_Aves_Passeriformes_Tyrannidae_Megarynchus_pitangua/5e6e94b9-d624-42bf-80d9-0a8e17727011.wav,3.207
4535,Megarynchus pitangua,bobfly1,train/04535_Animalia_Chordata_Aves_Passeriformes_Tyrannidae_Megarynchus_pitangua/6f1041e3-b18f-45a9-9eda-44ce828dc4b1.wav,11.912
4535,Megarynchus pitangua,bobfly1,train/04535_Animalia_Chordata_Aves_Passeriformes_Tyrannidae_Megarynchus_pitangua/6fcd609c-9af0-4c8f-a19a-bddaf0ad3566.wav,6.373
4535,Megarynchus pitangua,bobfly1,train/04535_Animalia_Chordata_Aves_Passeriformes_Tyrannidae_Megarynchus_pitangua/707a5e9c-6535-4668-a4a3-72d8b1e59f0c.wav,59.861
4535,Megarynchus pitangua,bobfly1,train/04535_Animalia_Chordata_Aves_Passeriformes_Tyrannidae_Megarynchus_pitangua/71e0802c-6ca0-4962-a36f-80bebf8cbca5.wav,62.833
4535,Megarynchus pitangua,bobfly1,train/04535_Animalia_Chordata_Aves_Passeriformes_Tyrannidae_Megarynchus_pitangua/796790d9-9823-4e0a-bb3c-c5db9a84cdcc.wav,65.712
4535,Megarynchus pitangua,bobfly1,train/04535_Animalia_Chordata_Aves_Passeriformes_Tyrannidae_Megarynchus_pitangua/7ccee6f8-d641-4025-a564-fa86f9a4ea2b.wav,32.6
4535,Megarynchus pitangua,bobfly1,train/04535_Animalia_Chordata_Aves_Passeriformes_Tyrannidae_Megarynchus_pitangua/8f3a85cf-3d7e-4bc4-9d50-201a98ff94fd.wav,7.104
4535,Megarynchus pitangua,bobfly1,train/04535_Animalia_Chordata_Aves_Passeriformes_Tyrannidae_Megarynchus_pitangua/9a27ce81-b7ba-48b1-9632-3aa91016b106.wav,48.53
4535,Megarynchus pitangua,bobfly1,train/04535_Animalia_Chordata_Aves_Passeriformes_Tyrannidae_Megarynchus_pitangua/a9212ffe-1d6f-4abc-9efb-ebe95c8d62a9.wav,6.891
4535,Megarynchus pitangua,bobfly1,train/04535_Animalia_Chordata_Aves_Passeriformes_Tyrannidae_Megarynchus_pitangua/aa1de5da-738e-4dfa-a03a-c4c0788c1254.wav,19.801
4535,Megarynchus pitangua,bobfly1,train/04535_Animalia_Chordata_Aves_Passeriformes_Tyrannidae_Megarynchus_pitangua/b95b1052-445d-4ca5-953c-0ec136a57376.wav,4.599
4535,Megarynchus pitangua,bobfly1,train/04535_Animalia_Chordata_Aves_Passeriformes_Tyrannidae_Megarynchus_pitangua/bc859f12-8a9f-40d3-96a1-c0aeb42f6e8c.wav,5.0
4535,Megarynchus pitangua,bobfly1,train/04535_Animalia_Chordata_Aves_Passeriformes_Tyrannidae_Megarynchus_pitangua/bd817409-b519-4662-8513-eb5e90c240ec.wav,12.48
4535,Megarynchus pitangua,bobfly1,train/04535_Animalia_Chordata_Aves_Passeriformes_Tyrannidae_Megarynchus_pitangua/c03ada49-c0df-418c-b969-14b7412cd782.wav,4.405
4535,Megarynchus pitangua,bobfly1,train/04535_Animalia_Chordata_Aves_Passeriformes_Tyrannidae_Megarynchus_pitangua/c2e06a6b-1b63-4ea2-99e3-f405bf8f9fa5.wav,4.133
4535,Megarynchus pitangua,bobfly1,train/04535_Animalia_Chordata_Aves_Passeriformes_Tyrannidae_Megarynchus_pitangua/c39d9cdc-5537-4c73-937a-4f8e3960a947.wav,41.035
4535,Megarynchus pitangua,bobfly1,train/04535_Animalia_Chordata_Aves_Passeriformes_Tyrannidae_Megarynchus_pitangua/d0627f2b-0862-414f-bd65-211e5536f925.wav,64.522
4535,Megarynchus pitangua,bobfly1,train/04535_Animalia_Chordata_Aves_Passeriformes_Tyrannidae_Megarynchus_pitangua/d3034ddf-e4c2-4a21-8380-7caae3333513.wav,25.598
4535,Megarynchus pitangua,bobfly1,train/04535_Animalia_Chordata_Aves_Passeriformes_Tyrannidae_Megarynchus_pitangua/d49a3b4e-4d3c-4e8a-b198-f6f83140ec9b.wav,24.816
4535,Megarynchus pitangua,bobfly1,train/04535_Animalia_Chordata_Aves_Passeriformes_Tyrannidae_Megarynchus_pitangua/d8cf07e5-2f3c-49ff-a10f-ec6f9732249f.wav,16.115
4535,Megarynchus pitangua,bobfly1,train/04535_Animalia_Chordata_Aves_Passeriformes_Tyrannidae_Megarynchus_pitangua/e4ea42b9-98b0-41be-8503-4ee173a6b8a3.wav,16.463
4535,Megarynchus pitangua,bobfly1,train/04535_Animalia_Chordata_Aves_Passeriformes_Tyrannidae_Megarynchus_pitangua/e6a08fd5-c309-4a39-9258-e331da1bf8d4.wav,9.742
4535,Megarynchus pitangua,bobfly1,train/04535_Animalia_Chordata_Aves_Passeriformes_Tyrannidae_Megarynchus_pitangua/e83d49f6-5c03-4872-9252-b5d65a6ac37b.wav,19.969
4535,Megarynchus pitangua,bobfly1,train/04535_Animalia_Chordata_Aves_Passeriformes_Tyrannidae_Megarynchus_pitangua/e87428ad-1e2d-4dfc-9ab3-40ff3ec6c8f1.wav,60.279
4535,Megarynchus pitangua,bobfly1,train/04535_Animalia_Chordata_Aves_Passeriformes_Tyrannidae_Megarynchus_pitangua/ebfb1ca5-0b0a-480e-8e00-3b5ad12b5a4f.wav,19.539
4535,Megarynchus pitangua,bobfly1,train/04535_Animalia_Chordata_Aves_Passeriformes_Tyrannidae_Megarynchus_pitangua/efed8985-d2b2-41a0-963c-493732490e5d.wav,34.821
4535,Megarynchus pitangua,bobfly1,train/04535_Animalia_Chordata_Aves_Passeriformes_Tyrannidae_Megarynchus_pitangua/f19d3dda-0bd1-4823-8c2c-98a73d3dc5fe.wav,29.98
4535,Megarynchus pitangua,bobfly1,train/04535_Animalia_Chordata_Aves_Passeriformes_Tyrannidae_Megarynchus_pitangua/f50eba66-b87d-4aa0-aa22-ac2e58d0ec59.wav,3.0
4535,Megarynchus pitangua,bobfly1,train/04535_Animalia_Chordata_Aves_Passeriformes_Tyrannidae_Megarynchus_pitangua/f73297fa-994b-476e-996e-1fee63d218c6.wav,65.202
4535,Megarynchus pitangua,bobfly1,train/04535_Animalia_Chordata_Aves_Passeriformes_Tyrannidae_Megarynchus_pitangua/f94f29a4-fa2c-401e-8e02-d880a0e073ad.wav,27.307
4535,Megarynchus pitangua,bobfly1,train/04535_Animalia_Chordata_Aves_Passeriformes_Tyrannidae_Megarynchus_pitangua/fe78da7f-7b8e-4266-bbe9-c9a7faa53c5f.wav,14.976
4535,Megarynchus pitangua,bobfly1,train/04535_Animalia_Chordata_Aves_Passeriformes_Tyrannidae_Megarynchus_pitangua/ff281323-86d4-4202-9c1f-4b520935cd9f.wav,54.596
2968,Progne tapera,brcmar1,train/02968_Animalia_Chordata_Aves_Passeriformes_Hirundinidae_Progne_tapera/0858ae24-11e6-4030-8168-156f9dbd0b3e.wav,4.321
2968,Progne tapera,brcmar1,train/02968_Animalia_Chordata_Aves_Passeriformes_Hirundinidae_Progne_tapera/0c4ec12d-6f05-4026-8356-a62cf0184981.wav,47.113
2968,Progne tapera,brcmar1,train/02968_Animalia_Chordata_Aves_Passeriformes_Hirundinidae_Progne_tapera/1671f833-a9db-48aa-8193-5cbb0c2107e9.wav,14.889
2968,Progne tapera,brcmar1,train/02968_Animalia_Chordata_Aves_Passeriformes_Hirundinidae_Progne_tapera/2caf7fa1-655d-472c-a093-f0054080c6a9.wav,17.536
2968,Progne tapera,brcmar1,train/02968_Animalia_Chordata_Aves_Passeriformes_Hirundinidae_Progne_tapera/3a06dd20-4d41-4b95-b693-acc8c4523e75.wav,31.795
2968,Progne tapera,brcmar1,train/02968_Animalia_Chordata_Aves_Passeriformes_Hirundinidae_Progne_tapera/54f58b61-b15d-4c0e-a0cf-50693c46736a.wav,25.446
2968,Progne tapera,brcmar1,train/02968_Animalia_Chordata_Aves_Passeriformes_Hirundinidae_Progne_tapera/a8f0ade1-e9d6-4f65-9f8c-2f8c70c7d9f9.wav,31.518
2968,Progne tapera,brcmar1,train/02968_Animalia_Chordata_Aves_Passeriformes_Hirundinidae_Progne_tapera/e79ba956-2c10-4403-82be-677d6375a2be.wav,11.328
2009,Momotus momota,bucmot4,train/02009_Animalia_Chordata_Aves_Coraciiformes_Momotidae_Momotus_momota/f5ab4699-d708-4050-a14b-93b6f01ccd42.wav,40.032
5029,Thectocercus acuticaudatus,bucpar,train/05029_Animalia_Chordata_Aves_Psittaciformes_Psittacidae_Thectocercus_acuticaudatus/19ed88cb-0d3d-4d67-a7e6-9b23bd106d22.wav,8.986
5029,Thectocercus acuticaudatus,bucpar,train/05029_Animalia_Chordata_Aves_Psittaciformes_Psittacidae_Thectocercus_acuticaudatus/524be14e-4fb5-4e4a-b692-fca27c883d8e.wav,2.795
5029,Thectocercus acuticaudatus,bucpar,train/05029_Animalia_Chordata_Aves_Psittaciformes_Psittacidae_Thectocercus_acuticaudatus/7f0af7b3-fb50-4cd0-8de7-e1abab695764.wav,7.317
5029,Thectocercus acuticaudatus,bucpar,train/05029_Animalia_Chordata_Aves_Psittaciformes_Psittacidae_Thectocercus_acuticaudatus/948f7bda-7ed2-4d38-ae10-1dc9879f24b2.wav,53.985
5029,Thectocercus acuticaudatus,bucpar,train/05029_Animalia_Chordata_Aves_Psittaciformes_Psittacidae_Thectocercus_acuticaudatus/959e8a93-30f1-46aa-b50a-7d3f6ba8d9cd.wav,16.734
5029,Thectocercus acuticaudatus,bucpar,train/05029_Animalia_Chordata_Aves_Psittaciformes_Psittacidae_Thectocercus_acuticaudatus/c32e41b3-bbc7-4f81-8ad2-4136e05e3b39.wav,9.796
5029,Thectocercus acuticaudatus,bucpar,train/05029_Animalia_Chordata_Aves_Psittaciformes_Psittacidae_Thectocercus_acuticaudatus/c43f7e43-2472-41d8-bc45-1f3cf17bca14.wav,16.625
5029,Thectocercus acuticaudatus,bucpar,train/05029_Animalia_Chordata_Aves_Psittaciformes_Psittacidae_Thectocercus_acuticaudatus/ee412ac6-b5f0-4948-96c6-92d92d48e7ed.wav,58.857
4946,Amazona aestiva,bufpar,train/04946_Animalia_Chordata_Aves_Psittaciformes_Psittacidae_Amazona_aestiva/00f0af86-9daf-425d-9946-fc4ef3cd6767.wav,3.421
4946,Amazona aestiva,bufpar,train/04946_Animalia_Chordata_Aves_Psittaciformes_Psittacidae_Amazona_aestiva/1a79bc43-e5cc-41a9-836f-9955d824c789.wav,57.835
4946,Amazona aestiva,bufpar,train/04946_Animalia_Chordata_Aves_Psittaciformes_Psittacidae_Amazona_aestiva/7908bf8d-6035-4951-8b97-af743c80d431.wav,16.4
4946,Amazona aestiva,bufpar,train/04946_Animalia_Chordata_Aves_Psittaciformes_Psittacidae_Amazona_aestiva/91ad5db7-fafb-44c8-bd51-dbf57a820115.wav,148.703
4946,Amazona aestiva,bufpar,train/04946_Animalia_Chordata_Aves_Psittaciformes_Psittacidae_Amazona_aestiva/a2d25b3e-502a-40c7-9f42-6567d19a789c.wav,39.335
4946,Amazona aestiva,bufpar,train/04946_Animalia_Chordata_Aves_Psittaciformes_Psittacidae_Amazona_aestiva/a30beb8e-9f99-4534-9648-e316ba85a057.wav,23.292
4946,Amazona aestiva,bufpar,train/04946_Animalia_Chordata_Aves_Psittaciformes_Psittacidae_Amazona_aestiva/d3ddb608-2a39-4770-8db3-9b67bff35a0f.wav,15.72
4946,Amazona aestiva,bufpar,train/04946_Animalia_Chordata_Aves_Psittaciformes_Psittacidae_Amazona_aestiva/e2aa8b3e-aece-4598-aebb-11443bcdbdb0.wav,12.864
4738,Theristicus caudatus,bunibi1,train/04738_Animalia_Chordata_Aves_Pelecaniformes_Threskiornithidae_Theristicus_caudatus/508dc4ab-3b74-4c30-ba0b-90cd126cbec1.wav,32.937
4738,Theristicus caudatus,bunibi1,train/04738_Animalia_Chordata_Aves_Pelecaniformes_Threskiornithidae_Theristicus_caudatus/51aae5a1-0631-4052-8eec-c85ecc1ffca8.wav,4.878
4738,Theristicus caudatus,bunibi1,train/04738_Animalia_Chordata_Aves_Pelecaniformes_Threskiornithidae_Theristicus_caudatus/65da1807-0205-49e8-9c91-1a514556f2d5.wav,7.706
4738,Theristicus caudatus,bunibi1,train/04738_Animalia_Chordata_Aves_Pelecaniformes_Threskiornithidae_Theristicus_caudatus/854db68d-97ce-45e7-9370-038d5d70c451.wav,8.475
4738,Theristicus caudatus,bunibi1,train/04738_Animalia_Chordata_Aves_Pelecaniformes_Threskiornithidae_Theristicus_caudatus/d585a3ab-fbe3-42b5-ad08-b3d0276ffedc.wav,15.02
5080,Athene cunicularia,burowl,train/05080_Animalia_Chordata_Aves_Strigiformes_Strigidae_Athene_cunicularia/09e598db-42e6-4dc6-90d3-4b9ac751c8d7.wav,11.392
5080,Athene cunicularia,burowl,train/05080_Animalia_Chordata_Aves_Strigiformes_Strigidae_Athene_cunicularia/0ec3de19-9274-4478-b55b-c61f6eb826c1.wav,29.592
5080,Athene cunicularia,burowl,train/05080_Animalia_Chordata_Aves_Strigiformes_Strigidae_Athene_cunicularia/193427c4-034f-427e-825e-1a419efffdac.wav,19.627
5080,Athene cunicularia,burowl,train/05080_Animalia_Chordata_Aves_Strigiformes_Strigidae_Athene_cunicularia/1e1dc39c-e591-4b42-bffb-2eb52e6057fa.wav,30.4
5080,Athene cunicularia,burowl,train/05080_Animalia_Chordata_Aves_Strigiformes_Strigidae_Athene_cunicularia/2053244c-1bee-43bf-95e0-f5263c90631b.wav,3.838
5080,Athene cunicularia,burowl,train/05080_Animalia_Chordata_Aves_Strigiformes_Strigidae_Athene_cunicularia/22c352ac-01e6-4d47-9c4e-bbd714494a95.wav,46.656
5080,Athene cunicularia,burowl,train/05080_Animalia_Chordata_Aves_Strigiformes_Strigidae_Athene_cunicularia/25b53810-f600-4c78-bb78-027f42d580f4.wav,15.256
5080,Athene cunicularia,burowl,train/05080_Animalia_Chordata_Aves_Strigiformes_Strigidae_Athene_cunicularia/26f02b2a-00d7-46da-95fd-96fe2171be50.wav,19.017
5080,Athene cunicularia,burowl,train/05080_Animalia_Chordata_Aves_Strigiformes_Strigidae_Athene_cunicularia/3fff6701-3a82-494d-ba5e-3d670aaee13d.wav,21.157
5080,Athene cunicularia,burowl,train/05080_Animalia_Chordata_Aves_Strigiformes_Strigidae_Athene_cunicularia/40483aa8-5ca0-496c-831b-b916ba25303c.wav,9.474
5080,Athene cunicularia,burowl,train/05080_Animalia_Chordata_Aves_Strigiformes_Strigidae_Athene_cunicularia/41623a38-815e-4c6a-b20d-59ed891033eb.wav,29.592
5080,Athene cunicularia,burowl,train/05080_Animalia_Chordata_Aves_Strigiformes_Strigidae_Athene_cunicularia/4a08767e-e758-4aaf-8e80-f8703b5a8ded.wav,70.264
5080,Athene cunicularia,burowl,train/05080_Animalia_Chordata_Aves_Strigiformes_Strigidae_Athene_cunicularia/4e0ae77e-12e1-43bb-9f99-cbafca6f5837.wav,7.776
5080,Athene cunicularia,burowl,train/05080_Animalia_Chordata_Aves_Strigiformes_Strigidae_Athene_cunicularia/4f1cd02e-f626-486d-8d8a-3fde5cb1d5ad.wav,61.022
5080,Athene cunicularia,burowl,train/05080_Animalia_Chordata_Aves_Strigiformes_Strigidae_Athene_cunicularia/5aa35cf4-d6b1-496f-801e-b4ad3c275419.wav,9.642
5080,Athene cunicularia,burowl,train/05080_Animalia_Chordata_Aves_Strigiformes_Strigidae_Athene_cunicularia/5b800525-8a17-4544-bc24-6584733f2f77.wav,10.008
5080,Athene cunicularia,burowl,train/05080_Animalia_Chordata_Aves_Strigiformes_Strigidae_Athene_cunicularia/6472eeeb-5865-4707-bdde-753b2f991d31.wav,22.923
5080,Athene cunicularia,burowl,train/05080_Animalia_Chordata_Aves_Strigiformes_Strigidae_Athene_cunicularia/660af2dd-1517-40fc-9b1f-48956538165e.wav,7.44
5080,Athene cunicularia,burowl,train/05080_Animalia_Chordata_Aves_Strigiformes_Strigidae_Athene_cunicularia/6818a206-2bf8-469c-b9b9-e03bc3d17ecb.wav,15.288
5080,Athene cunicularia,burowl,train/05080_Animalia_Chordata_Aves_Strigiformes_Strigidae_Athene_cunicularia/85dcc835-0e74-459d-9e50-2dd20851a3c6.wav,14.846
5080,Athene cunicularia,burowl,train/05080_Animalia_Chordata_Aves_Strigiformes_Strigidae_Athene_cunicularia/be105c23-8a21-450b-b96b-29606401618a.wav,6.0
5080,Athene cunicularia,burowl,train/05080_Animalia_Chordata_Aves_Strigiformes_Strigidae_Athene_cunicularia/bffda418-a30e-4793-b616-b8d2ef1741ca.wav,14.65
5080,Athene cunicularia,burowl,train/05080_Animalia_Chordata_Aves_Strigiformes_Strigidae_Athene_cunicularia/c8ea80bd-d7d8-4b0e-ba96-d156bca2c472.wav,9.001
5080,Athene cunicularia,burowl,train/05080_Animalia_Chordata_Aves_Strigiformes_Strigidae_Athene_cunicularia/d1b4246a-9fe8-46e8-a131-af332064558e.wav,44.843
5080,Athene cunicularia,burowl,train/05080_Animalia_Chordata_Aves_Strigiformes_Strigidae_Athene_cunicularia/d2479f74-51fc-48fb-ab4b-b53190ced96a.wav,46.527
5080,Athene cunicularia,burowl,train/05080_Animalia_Chordata_Aves_Strigiformes_Strigidae_Athene_cunicularia/d7c0b263-25de-4cea-9b42-dd1840dd30e7.wav,19.627
5080,Athene cunicularia,burowl,train/05080_Animalia_Chordata_Aves_Strigiformes_Strigidae_Athene_cunicularia/f07f5b7d-ab1a-4716-a372-9b86dcefcfbc.wav,46.527
5080,Athene cunicularia,burowl,train/05080_Animalia_Chordata_Aves_Strigiformes_Strigidae_Athene_cunicularia/fafcec20-090d-454d-9776-e83ed4678140.wav,2.534
4806,Colaptes campestris,camfli1,train/04806_Animalia_Chordata_Aves_Piciformes_Picidae_Colaptes_campestris/101c4f58-18b0-4212-891b-c24e85afb5f7.wav,13.871
4806,Colaptes campestris,camfli1,train/04806_Animalia_Chordata_Aves_Piciformes_Picidae_Colaptes_campestris/28b73b48-fc27-4e0a-82f3-a9f7783fedea.wav,9.691
4806,Colaptes campestris,camfli1,train/04806_Animalia_Chordata_Aves_Piciformes_Picidae_Colaptes_campestris/3d77ce85-4f8d-4062-8b89-02f524e2943b.wav,2.554
4806,Colaptes campestris,camfli1,train/04806_Animalia_Chordata_Aves_Piciformes_Picidae_Colaptes_campestris/49c9a13d-217c-46d4-9b59-f08698319acd.wav,7.993
4806,Colaptes campestris,camfli1,train/04806_Animalia_Chordata_Aves_Piciformes_Picidae_Colaptes_campestris/61013e2e-2c55-4907-bcde-5aeec0d5232d.wav,21.757
4806,Colaptes campestris,camfli1,train/04806_Animalia_Chordata_Aves_Piciformes_Picidae_Colaptes_campestris/88a38edb-fc96-4036-8c34-9240a901a01a.wav,13.401
4806,Colaptes campestris,camfli1,train/04806_Animalia_Chordata_Aves_Piciformes_Picidae_Colaptes_campestris/bcbf1f7f-bb50-4b58-a9eb-1654365fd0e2.wav,8.704
2131,Ortalis canicollis,chacha1,train/02131_Animalia_Chordata_Aves_Galliformes_Cracidae_Ortalis_canicollis/2c9385f5-9fdc-4ff5-a59d-0864a588d68e.wav,5.643
2131,Ortalis canicollis,chacha1,train/02131_Animalia_Chordata_Aves_Galliformes_Cracidae_Ortalis_canicollis/37f913db-8e76-4c92-9df9-d6f43c9cda4f.wav,13.609
2131,Ortalis canicollis,chacha1,train/02131_Animalia_Chordata_Aves_Galliformes_Cracidae_Ortalis_canicollis/601b75a2-b61d-4465-9021-d3fcf0d588b9.wav,6.62
2131,Ortalis canicollis,chacha1,train/02131_Animalia_Chordata_Aves_Galliformes_Cracidae_Ortalis_canicollis/65f455c0-5a88-4375-aaf3-0b807f3434c7.wav,32.436
2131,Ortalis canicollis,chacha1,train/02131_Animalia_Chordata_Aves_Galliformes_Cracidae_Ortalis_canicollis/bbdab464-6cf0-48ed-b23d-eb51a1fe1262.wav,3.683
2131,Ortalis canicollis,chacha1,train/02131_Animalia_Chordata_Aves_Galliformes_Cracidae_Ortalis_canicollis/ccc8cfa4-ec3c-47d8-ad16-48ad8e24e499.wav,81.894
3211,Mimus saturninus,chbmoc1,train/03211_Animalia_Chordata_Aves_Passeriformes_Mimidae_Mimus_saturninus/069efa7f-d5ed-4f35-8530-041bb22590f7.wav,13.351
3211,Mimus saturninus,chbmoc1,train/03211_Animalia_Chordata_Aves_Passeriformes_Mimidae_Mimus_saturninus/0fc39823-571a-43af-8155-5b1e526d524a.wav,8.043
3211,Mimus saturninus,chbmoc1,train/03211_Animalia_Chordata_Aves_Passeriformes_Mimidae_Mimus_saturninus/14f2920e-641c-4ab4-81b7-97cb418da649.wav,59.2
3211,Mimus saturninus,chbmoc1,train/03211_Animalia_Chordata_Aves_Passeriformes_Mimidae_Mimus_saturninus/1a9ace8b-a2e6-461d-bbec-2588c29b33fa.wav,17.941
3211,Mimus saturninus,chbmoc1,train/03211_Animalia_Chordata_Aves_Passeriformes_Mimidae_Mimus_saturninus/1f8bb657-fdcd-4700-8da2-4faa4742b041.wav,6.641
3211,Mimus saturninus,chbmoc1,train/03211_Animalia_Chordata_Aves_Passeriformes_Mimidae_Mimus_saturninus/29790f6f-d3d6-4eda-ad19-8b9a3b180665.wav,15.093
3211,Mimus saturninus,chbmoc1,train/03211_Animalia_Chordata_Aves_Passeriformes_Mimidae_Mimus_saturninus/338192df-e641-4d5c-bdfe-d4b358c7807f.wav,21.246
3211,Mimus saturninus,chbmoc1,train/03211_Animalia_Chordata_Aves_Passeriformes_Mimidae_Mimus_saturninus/36da33c6-a640-4b9f-8b9e-47be71790d7a.wav,16.118
3211,Mimus saturninus,chbmoc1,train/03211_Animalia_Chordata_Aves_Passeriformes_Mimidae_Mimus_saturninus/3bec2f83-caa7-4f4b-bf40-9a8d26fc8022.wav,18.274
3211,Mimus saturninus,chbmoc1,train/03211_Animalia_Chordata_Aves_Passeriformes_Mimidae_Mimus_saturninus/4099f2e9-4d69-49ed-bdbc-53c3eb46d670.wav,21.547
3211,Mimus saturninus,chbmoc1,train/03211_Animalia_Chordata_Aves_Passeriformes_Mimidae_Mimus_saturninus/410e95be-d749-42e3-975a-94edfc993698.wav,65.7
3211,Mimus saturninus,chbmoc1,train/03211_Animalia_Chordata_Aves_Passeriformes_Mimidae_Mimus_saturninus/46f8753c-10c7-4be7-83ae-7c943115f340.wav,22.756
3211,Mimus saturninus,chbmoc1,train/03211_Animalia_Chordata_Aves_Passeriformes_Mimidae_Mimus_saturninus/5080b90b-9b20-4221-b281-0656e720a3ac.wav,30.441
3211,Mimus saturninus,chbmoc1,train/03211_Animalia_Chordata_Aves_Passeriformes_Mimidae_Mimus_saturninus/552f88d4-1634-41f7-b67b-e17ea610f0bf.wav,78.007
3211,Mimus saturninus,chbmoc1,train/03211_Animalia_Chordata_Aves_Passeriformes_Mimidae_Mimus_saturninus/5ec19853-577e-409d-875d-cdb04b8f5626.wav,15.531
3211,Mimus saturninus,chbmoc1,train/03211_Animalia_Chordata_Aves_Passeriformes_Mimidae_Mimus_saturninus/60b2e940-124a-460a-bc68-c91480508cc4.wav,25.84
3211,Mimus saturninus,chbmoc1,train/03211_Animalia_Chordata_Aves_Passeriformes_Mimidae_Mimus_saturninus/68bbcaeb-e3f8-42d8-893b-531692daba6a.wav,18.752
3211,Mimus saturninus,chbmoc1,train/03211_Animalia_Chordata_Aves_Passeriformes_Mimidae_Mimus_saturninus/7394664b-b3f0-4083-8e5f-21a864326791.wav,3.082
3211,Mimus saturninus,chbmoc1,train/03211_Animalia_Chordata_Aves_Passeriformes_Mimidae_Mimus_saturninus/7531c027-4aa8-41b5-90e8-3f92d6cb9206.wav,27.116
3211,Mimus saturninus,chbmoc1,train/03211_Animalia_Chordata_Aves_Passeriformes_Mimidae_Mimus_saturninus/7cdd2e42-4c31-478b-9081-b853809dcc28.wav,32.2
3211,Mimus saturninus,chbmoc1,train/03211_Animalia_Chordata_Aves_Passeriformes_Mimidae_Mimus_saturninus/7fcad34b-7f99-44ee-963e-bcec1c9929a2.wav,13.376
3211,Mimus saturninus,chbmoc1,train/03211_Animalia_Chordata_Aves_Passeriformes_Mimidae_Mimus_saturninus/8cca1d2a-d2cd-4b54-a8f6-32a57a2c78f5.wav,1.953
3211,Mimus saturninus,chbmoc1,train/03211_Animalia_Chordata_Aves_Passeriformes_Mimidae_Mimus_saturninus/976f3ba3-691a-4851-9b66-341a49e0c82f.wav,2.648
3211,Mimus saturninus,chbmoc1,train/03211_Animalia_Chordata_Aves_Passeriformes_Mimidae_Mimus_saturninus/9bd3b656-6ae6-44be-b0df-429c9eb79732.wav,23.083
3211,Mimus saturninus,chbmoc1,train/03211_Animalia_Chordata_Aves_Passeriformes_Mimidae_Mimus_saturninus/a3dd7e19-73a3-482d-a2e9-85b9b1933712.wav,11.029
3211,Mimus saturninus,chbmoc1,train/03211_Animalia_Chordata_Aves_Passeriformes_Mimidae_Mimus_saturninus/aacc83db-eee9-459a-8170-af80159b288d.wav,46.163
3211,Mimus saturninus,chbmoc1,train/03211_Animalia_Chordata_Aves_Passeriformes_Mimidae_Mimus_saturninus/af5b3547-14af-4b7c-8fce-f6bd556eacf2.wav,33.323
3211,Mimus saturninus,chbmoc1,train/03211_Animalia_Chordata_Aves_Passeriformes_Mimidae_Mimus_saturninus/b671239f-8282-474f-9946-fe2d951d3f76.wav,3.161
3211,Mimus saturninus,chbmoc1,train/03211_Animalia_Chordata_Aves_Passeriformes_Mimidae_Mimus_saturninus/c24ce7eb-d20b-4483-922e-86f9a4e7881d.wav,14.357
3211,Mimus saturninus,chbmoc1,train/03211_Animalia_Chordata_Aves_Passeriformes_Mimidae_Mimus_saturninus/ca9e92bc-37a9-4612-9c93-b443eba3e8ee.wav,17.624
3211,Mimus saturninus,chbmoc1,train/03211_Animalia_Chordata_Aves_Passeriformes_Mimidae_Mimus_saturninus/d4881ab4-25f8-4478-9343-a8f0f569d9fa.wav,24.064
3211,Mimus saturninus,chbmoc1,train/03211_Animalia_Chordata_Aves_Passeriformes_Mimidae_Mimus_saturninus/d634c358-ba50-441f-bf6a-635b7f4f7251.wav,118.891
3211,Mimus saturninus,chbmoc1,train/03211_Animalia_Chordata_Aves_Passeriformes_Mimidae_Mimus_saturninus/eb6316e9-df41-4155-bd30-aa9e38cbca6c.wav,67.547
3211,Mimus saturninus,chbmoc1,train/03211_Animalia_Chordata_Aves_Passeriformes_Mimidae_Mimus_saturninus/f047194a-6d25-443c-b5ef-b47aeb818df6.wav,27.815
3211,Mimus saturninus,chbmoc1,train/03211_Animalia_Chordata_Aves_Passeriformes_Mimidae_Mimus_saturninus/f3fe0a22-c2d6-4ca1-889b-c61d27834f96.wav,15.534
3211,Mimus saturninus,chbmoc1,train/03211_Animalia_Chordata_Aves_Passeriformes_Mimidae_Mimus_saturninus/f437344e-1153-40b7-872e-eba7be7819f2.wav,15.283
3211,Mimus saturninus,chbmoc1,train/03211_Animalia_Chordata_Aves_Passeriformes_Mimidae_Mimus_saturninus/fe03f959-a0d6-451e-9474-4d33b9ef12fd.wav,24.451
3007,Gnorimopsar chopi,chobla1,train/03007_Animalia_Chordata_Aves_Passeriformes_Icteridae_Gnorimopsar_chopi/0ab9ac78-d585-4e53-a1b4-85c57355ff68.wav,7.851
3007,Gnorimopsar chopi,chobla1,train/03007_Animalia_Chordata_Aves_Passeriformes_Icteridae_Gnorimopsar_chopi/18a0cbaf-0059-495a-8aa6-988d4f752a26.wav,14.97
3007,Gnorimopsar chopi,chobla1,train/03007_Animalia_Chordata_Aves_Passeriformes_Icteridae_Gnorimopsar_chopi/25fbfefb-d76d-4ba7-b023-e79b505eee22.wav,9.209
3007,Gnorimopsar chopi,chobla1,train/03007_Animalia_Chordata_Aves_Passeriformes_Icteridae_Gnorimopsar_chopi/2e46911e-bd25-4cc5-b684-7b342dc58ae8.wav,18.072
3007,Gnorimopsar chopi,chobla1,train/03007_Animalia_Chordata_Aves_Passeriformes_Icteridae_Gnorimopsar_chopi/32c0c219-e0a0-487f-8efb-9bd33fa4ce3a.wav,32.679
3007,Gnorimopsar chopi,chobla1,train/03007_Animalia_Chordata_Aves_Passeriformes_Icteridae_Gnorimopsar_chopi/762db581-743c-4476-afc1-8b1ed0edcd0e.wav,11.765
3007,Gnorimopsar chopi,chobla1,train/03007_Animalia_Chordata_Aves_Passeriformes_Icteridae_Gnorimopsar_chopi/7787698e-51dd-48c2-bde4-2075eeb34fb3.wav,11.012
3007,Gnorimopsar chopi,chobla1,train/03007_Animalia_Chordata_Aves_Passeriformes_Icteridae_Gnorimopsar_chopi/85302e76-483c-4ba0-9571-b12c8794bc45.wav,30.604
3007,Gnorimopsar chopi,chobla1,train/03007_Animalia_Chordata_Aves_Passeriformes_Icteridae_Gnorimopsar_chopi/890e088e-9252-4503-8301-92287f5f833a.wav,40.464
3007,Gnorimopsar chopi,chobla1,train/03007_Animalia_Chordata_Aves_Passeriformes_Icteridae_Gnorimopsar_chopi/bb0f4100-da3b-4989-9dd3-74d50a278fb8.wav,12.957
3007,Gnorimopsar chopi,chobla1,train/03007_Animalia_Chordata_Aves_Passeriformes_Icteridae_Gnorimopsar_chopi/c18919d1-91c0-4586-af8d-ddd54d3f8eba.wav,20.323
3007,Gnorimopsar chopi,chobla1,train/03007_Animalia_Chordata_Aves_Passeriformes_Icteridae_Gnorimopsar_chopi/c7ae7679-4c3a-4b1e-99b7-3196686317a0.wav,21.189
3007,Gnorimopsar chopi,chobla1,train/03007_Animalia_Chordata_Aves_Passeriformes_Icteridae_Gnorimopsar_chopi/cde13068-7b68-49fd-bf74-c54a48c42b13.wav,12.096
3007,Gnorimopsar chopi,chobla1,train/03007_Animalia_Chordata_Aves_Passeriformes_Icteridae_Gnorimopsar_chopi/d33caf9a-eac2-4985-bb34-15e7282ec9b5.wav,5.76
3007,Gnorimopsar chopi,chobla1,train/03007_Animalia_Chordata_Aves_Passeriformes_Icteridae_Gnorimopsar_chopi/d438ad7a-2a19-4337-8c28-b3b7f26e7dab.wav,16.661
3007,Gnorimopsar chopi,chobla1,train/03007_Animalia_Chordata_Aves_Passeriformes_Icteridae_Gnorimopsar_chopi/efef5575-f030-4116-8dfd-a455f4284f4d.wav,8.472
4132,Conirostrum speciosum,chvcon1,train/04132_Animalia_Chordata_Aves_Passeriformes_Thraupidae_Conirostrum_speciosum/005b7e28-789b-4eb6-8fde-64f615c70ed3.wav,9.04
4132,Conirostrum speciosum,chvcon1,train/04132_Animalia_Chordata_Aves_Passeriformes_Thraupidae_Conirostrum_speciosum/db6c5361-5b7b-4614-a701-c93d2c533ef1.wav,6.296
2881,Synallaxis hypospodia,cibspi1,train/02881_Animalia_Chordata_Aves_Passeriformes_Furnariidae_Synallaxis_hypospodia/c5932992-812f-40e5-8cca-f9ff077fadea.wav,66.691
2881,Synallaxis hypospodia,cibspi1,train/02881_Animalia_Chordata_Aves_Passeriformes_Furnariidae_Synallaxis_hypospodia/c9ab25c0-b3b7-46b6-8bbd-eac5bccd5c63.wav,9.378
2102,Micrastur semitorquatus,coffal1,train/02102_Animalia_Chordata_Aves_Falconiformes_Falconidae_Micrastur_semitorquatus/0695792f-8d32-4dd7-9faf-b6200cf28bea.wav,24.007
2102,Micrastur semitorquatus,coffal1,train/02102_Animalia_Chordata_Aves_Falconiformes_Falconidae_Micrastur_semitorquatus/134626d1-002e-49b6-b0e2-f3d6f892eeca.wav,20.592
2102,Micrastur semitorquatus,coffal1,train/02102_Animalia_Chordata_Aves_Falconiformes_Falconidae_Micrastur_semitorquatus/152f6583-0682-408b-ad5b-efd038393d5f.wav,9.66
2102,Micrastur semitorquatus,coffal1,train/02102_Animalia_Chordata_Aves_Falconiformes_Falconidae_Micrastur_semitorquatus/1a560eae-5bb3-41b2-940f-7718e805b51b.wav,14.714
2102,Micrastur semitorquatus,coffal1,train/02102_Animalia_Chordata_Aves_Falconiformes_Falconidae_Micrastur_semitorquatus/1ceb224b-f43e-46db-bf22-c9c751f37f2d.wav,17.76
2102,Micrastur semitorquatus,coffal1,train/02102_Animalia_Chordata_Aves_Falconiformes_Falconidae_Micrastur_semitorquatus/240d049c-b840-49e1-9402-39e1ffecb0c1.wav,13.592
2102,Micrastur semitorquatus,coffal1,train/02102_Animalia_Chordata_Aves_Falconiformes_Falconidae_Micrastur_semitorquatus/2c9609dd-8be4-43fc-92b3-49950ad492b4.wav,13.714
2102,Micrastur semitorquatus,coffal1,train/02102_Animalia_Chordata_Aves_Falconiformes_Falconidae_Micrastur_semitorquatus/32d13eab-0408-4511-ba4c-746f0ea370a1.wav,36.864
2102,Micrastur semitorquatus,coffal1,train/02102_Animalia_Chordata_Aves_Falconiformes_Falconidae_Micrastur_semitorquatus/36b8e9ef-251e-4d48-9ea9-2624afa51249.wav,7.472
2102,Micrastur semitorquatus,coffal1,train/02102_Animalia_Chordata_Aves_Falconiformes_Falconidae_Micrastur_semitorquatus/3cd18411-44e2-45b1-b508-d55321981142.wav,16.0
2102,Micrastur semitorquatus,coffal1,train/02102_Animalia_Chordata_Aves_Falconiformes_Falconidae_Micrastur_semitorquatus/416d8dad-ebe9-4dc1-881e-9da651fc2e88.wav,11.539
2102,Micrastur semitorquatus,coffal1,train/02102_Animalia_Chordata_Aves_Falconiformes_Falconidae_Micrastur_semitorquatus/4974c473-389a-4e4e-8512-4b8563d3c48a.wav,36.356
2102,Micrastur semitorquatus,coffal1,train/02102_Animalia_Chordata_Aves_Falconiformes_Falconidae_Micrastur_semitorquatus/54bcee30-f98c-4618-a753-e6fa34280508.wav,119.253
2102,Micrastur semitorquatus,coffal1,train/02102_Animalia_Chordata_Aves_Falconiformes_Falconidae_Micrastur_semitorquatus/5c7dc8de-968b-45d3-bcc3-92465664cba9.wav,11.285
2102,Micrastur semitorquatus,coffal1,train/02102_Animalia_Chordata_Aves_Falconiformes_Falconidae_Micrastur_semitorquatus/63fbe9b9-f8ed-4337-91ff-145daa494b37.wav,29.51
2102,Micrastur semitorquatus,coffal1,train/02102_Animalia_Chordata_Aves_Falconiformes_Falconidae_Micrastur_semitorquatus/68821dc9-a361-4042-bbb0-eb3a1be9a0fc.wav,21.92
2102,Micrastur semitorquatus,coffal1,train/02102_Animalia_Chordata_Aves_Falconiformes_Falconidae_Micrastur_semitorquatus/788d6506-370f-45b1-bd55-843fe227b3bd.wav,10.795
2102,Micrastur semitorquatus,coffal1,train/02102_Animalia_Chordata_Aves_Falconiformes_Falconidae_Micrastur_semitorquatus/826a45da-4e9a-4e42-887f-163e3656a820.wav,11.892
2102,Micrastur semitorquatus,coffal1,train/02102_Animalia_Chordata_Aves_Falconiformes_Falconidae_Micrastur_semitorquatus/82ed227f-7995-4bf6-8601-2a9de50c796e.wav,37.227
2102,Micrastur semitorquatus,coffal1,train/02102_Animalia_Chordata_Aves_Falconiformes_Falconidae_Micrastur_semitorquatus/8436f537-d7d7-430f-95dc-f327c7d8fc18.wav,22.718
2102,Micrastur semitorquatus,coffal1,train/02102_Animalia_Chordata_Aves_Falconiformes_Falconidae_Micrastur_semitorquatus/89aa1b28-ab29-4a27-a934-6a379bd00525.wav,39.336
2102,Micrastur semitorquatus,coffal1,train/02102_Animalia_Chordata_Aves_Falconiformes_Falconidae_Micrastur_semitorquatus/8e79f56f-eb80-4051-b7f1-8360d2b2085a.wav,8.155
2102,Micrastur semitorquatus,coffal1,train/02102_Animalia_Chordata_Aves_Falconiformes_Falconidae_Micrastur_semitorquatus/96d5222c-64b2-455f-9f0e-b78303805fe2.wav,16.206
2102,Micrastur semitorquatus,coffal1,train/02102_Animalia_Chordata_Aves_Falconiformes_Falconidae_Micrastur_semitorquatus/9b299b7b-1d13-4794-8acf-aac868cc0dc1.wav,10.752
2102,Micrastur semitorquatus,coffal1,train/02102_Animalia_Chordata_Aves_Falconiformes_Falconidae_Micrastur_semitorquatus/9c4a7ebf-250c-4be1-9ac5-ad82914bf08c.wav,16.896
2102,Micrastur semitorquatus,coffal1,train/02102_Animalia_Chordata_Aves_Falconiformes_Falconidae_Micrastur_semitorquatus/a1c14596-f927-451f-9243-229ef85b327d.wav,70.434
2102,Micrastur semitorquatus,coffal1,train/02102_Animalia_Chordata_Aves_Falconiformes_Falconidae_Micrastur_semitorquatus/a414285c-e831-4bee-a2bd-4dc935ed5b7c.wav,11.04
2102,Micrastur semitorquatus,coffal1,train/02102_Animalia_Chordata_Aves_Falconiformes_Falconidae_Micrastur_semitorquatus/a5302338-0be5-4dd3-9caa-b66d9b0942b6.wav,13.645
2102,Micrastur semitorquatus,coffal1,train/02102_Animalia_Chordata_Aves_Falconiformes_Falconidae_Micrastur_semitorquatus/a62650f3-c190-4a7c-a798-cf9b47eace8e.wav,10.764
2102,Micrastur semitorquatus,coffal1,train/02102_Animalia_Chordata_Aves_Falconiformes_Falconidae_Micrastur_semitorquatus/af353917-86b3-4269-9b9f-d3408df8cd8f.wav,30.478
2102,Micrastur semitorquatus,coffal1,train/02102_Animalia_Chordata_Aves_Falconiformes_Falconidae_Micrastur_semitorquatus/b2eb827a-11fb-492e-a062-aa0ee9a10033.wav,28.793
2102,Micrastur semitorquatus,coffal1,train/02102_Animalia_Chordata_Aves_Falconiformes_Falconidae_Micrastur_semitorquatus/b6190efb-cc26-4b68-9128-28814f29f333.wav,30.232
2102,Micrastur semitorquatus,coffal1,train/02102_Animalia_Chordata_Aves_Falconiformes_Falconidae_Micrastur_semitorquatus/b79e7211-cd93-4ca6-b853-e19f16cbe675.wav,7.073
2102,Micrastur semitorquatus,coffal1,train/02102_Animalia_Chordata_Aves_Falconiformes_Falconidae_Micrastur_semitorquatus/bd401046-1c89-426d-ab91-721bc2ac7eb1.wav,1.215
2102,Micrastur semitorquatus,coffal1,train/02102_Animalia_Chordata_Aves_Falconiformes_Falconidae_Micrastur_semitorquatus/c87220ef-8a53-40e0-a574-00fb9b3053db.wav,27.294
2102,Micrastur semitorquatus,coffal1,train/02102_Animalia_Chordata_Aves_Falconiformes_Falconidae_Micrastur_semitorquatus/ca68cfd9-2021-4cd4-8152-c331dbb78d48.wav,7.66
2102,Micrastur semitorquatus,coffal1,train/02102_Animalia_Chordata_Aves_Falconiformes_Falconidae_Micrastur_semitorquatus/ca87dccb-6996-44e1-9e20-58f4a2d982c0.wav,122.112
2102,Micrastur semitorquatus,coffal1,train/02102_Animalia_Chordata_Aves_Falconiformes_Falconidae_Micrastur_semitorquatus/cce77bd5-14b8-4e60-a5ca-61041c91efab.wav,1.503
2102,Micrastur semitorquatus,coffal1,train/02102_Animalia_Chordata_Aves_Falconiformes_Falconidae_Micrastur_semitorquatus/d0d1208f-54e6-4ec7-a481-bc606b16fd4d.wav,11.111
2102,Micrastur semitorquatus,coffal1,train/02102_Animalia_Chordata_Aves_Falconiformes_Falconidae_Micrastur_semitorquatus/dcb7e946-a8c4-4c5f-a33c-824671b221e9.wav,10.48
2102,Micrastur semitorquatus,coffal1,train/02102_Animalia_Chordata_Aves_Falconiformes_Falconidae_Micrastur_semitorquatus/e17d59ba-7724-47ce-b58c-feb62ecb74a9.wav,10.837
2102,Micrastur semitorquatus,coffal1,train/02102_Animalia_Chordata_Aves_Falconiformes_Falconidae_Micrastur_semitorquatus/e6380589-db87-4ed0-be44-e366b1fca980.wav,22.336
2102,Micrastur semitorquatus,coffal1,train/02102_Animalia_Chordata_Aves_Falconiformes_Falconidae_Micrastur_semitorquatus/e7b0be68-3547-403d-b819-134c25380ded.wav,11.111
2102,Micrastur semitorquatus,coffal1,train/02102_Animalia_Chordata_Aves_Falconiformes_Falconidae_Micrastur_semitorquatus/e8fa6d92-229a-425d-b035-f08a30e989cc.wav,12.444
2102,Micrastur semitorquatus,coffal1,train/02102_Animalia_Chordata_Aves_Falconiformes_Falconidae_Micrastur_semitorquatus/ea527b88-4013-402a-9708-515b185e3d37.wav,9.899
2102,Micrastur semitorquatus,coffal1,train/02102_Animalia_Chordata_Aves_Falconiformes_Falconidae_Micrastur_semitorquatus/ea9441a9-6e6c-431b-938c-9be1ecfb6d2d.wav,14.251
2102,Micrastur semitorquatus,coffal1,train/02102_Animalia_Chordata_Aves_Falconiformes_Falconidae_Micrastur_semitorquatus/f5d2d6a1-737e-4bdb-ac76-3b5b9679c5e4.wav,17.717
1621,Nyctidromus albicollis,compau,train/01621_Animalia_Chordata_Aves_Caprimulgiformes_Caprimulgidae_Nyctidromus_albicollis/02ac2600-f5b1-412e-a6fc-e0319b5a54f7.wav,30.336
1621,Nyctidromus albicollis,compau,train/01621_Animalia_Chordata_Aves_Caprimulgiformes_Caprimulgidae_Nyctidromus_albicollis/0458e30f-ecec-4f19-836e-9b5ce5b98317.wav,42.722
1621,Nyctidromus albicollis,compau,train/01621_Animalia_Chordata_Aves_Caprimulgiformes_Caprimulgidae_Nyctidromus_albicollis/06f1d978-2f20-4fd6-b1f5-bc83803fd995.wav,20.48
1621,Nyctidromus albicollis,compau,train/01621_Animalia_Chordata_Aves_Caprimulgiformes_Caprimulgidae_Nyctidromus_albicollis/09568b9b-6167-4a48-90ae-74908d52cbee.wav,13.464
1621,Nyctidromus albicollis,compau,train/01621_Animalia_Chordata_Aves_Caprimulgiformes_Caprimulgidae_Nyctidromus_albicollis/0cc7cb30-b94f-47aa-8e20-6ccb55441cbb.wav,41.725
1621,Nyctidromus albicollis,compau,train/01621_Animalia_Chordata_Aves_Caprimulgiformes_Caprimulgidae_Nyctidromus_albicollis/1130ef5b-7e46-46bf-a767-51f262d4a872.wav,114.73
1621,Nyctidromus albicollis,compau,train/01621_Animalia_Chordata_Aves_Caprimulgiformes_Caprimulgidae_Nyctidromus_albicollis/11aba08f-5277-434c-af49-72507f9fc8f7.wav,13.968
1621,Nyctidromus albicollis,compau,train/01621_Animalia_Chordata_Aves_Caprimulgiformes_Caprimulgidae_Nyctidromus_albicollis/120df301-9525-4477-be36-9a96aaeba9dc.wav,13.716
1621,Nyctidromus albicollis,compau,train/01621_Animalia_Chordata_Aves_Caprimulgiformes_Caprimulgidae_Nyctidromus_albicollis/1245c5e5-5c52-4643-8852-2835595a6746.wav,49.511
1621,Nyctidromus albicollis,compau,train/01621_Animalia_Chordata_Aves_Caprimulgiformes_Caprimulgidae_Nyctidromus_albicollis/130dcc7a-1696-4397-967c-90c7c3ecf407.wav,33.698
1621,Nyctidromus albicollis,compau,train/01621_Animalia_Chordata_Aves_Caprimulgiformes_Caprimulgidae_Nyctidromus_albicollis/13eb20f2-6d74-465d-b5c5-c7942a9e9491.wav,56.699
1621,Nyctidromus albicollis,compau,train/01621_Animalia_Chordata_Aves_Caprimulgiformes_Caprimulgidae_Nyctidromus_albicollis/142045f1-cfae-4f98-afe7-3919a5d705f4.wav,17.223
1621,Nyctidromus albicollis,compau,train/01621_Animalia_Chordata_Aves_Caprimulgiformes_Caprimulgidae_Nyctidromus_albicollis/147c46a6-6448-4efd-b246-d3b4e39537b0.wav,12.539
1621,Nyctidromus albicollis,compau,train/01621_Animalia_Chordata_Aves_Caprimulgiformes_Caprimulgidae_Nyctidromus_albicollis/14dd59c2-66bd-48ca-8760-c46b23d7b6d1.wav,8.798
1621,Nyctidromus albicollis,compau,train/01621_Animalia_Chordata_Aves_Caprimulgiformes_Caprimulgidae_Nyctidromus_albicollis/18a4fad2-a43d-4af5-8f59-b401f9416047.wav,21.28
1621,Nyctidromus albicollis,compau,train/01621_Animalia_Chordata_Aves_Caprimulgiformes_Caprimulgidae_Nyctidromus_albicollis/1bde6345-0afc-4ed9-aa80-11f38e1c1979.wav,66.528
1621,Nyctidromus albicollis,compau,train/01621_Animalia_Chordata_Aves_Caprimulgiformes_Caprimulgidae_Nyctidromus_albicollis/1c71a364-9ffa-4973-865c-e301e65d697d.wav,16.286
1621,Nyctidromus albicollis,compau,train/01621_Animalia_Chordata_Aves_Caprimulgiformes_Caprimulgidae_Nyctidromus_albicollis/1ddb9c02-73c1-4f59-bb84-61fe642191da.wav,27.503
1621,Nyctidromus albicollis,compau,train/01621_Animalia_Chordata_Aves_Caprimulgiformes_Caprimulgidae_Nyctidromus_albicollis/1e473de6-1ebc-4f07-a4a4-3c3855a401f4.wav,11.865
1621,Nyctidromus albicollis,compau,train/01621_Animalia_Chordata_Aves_Caprimulgiformes_Caprimulgidae_Nyctidromus_albicollis/227338f7-958c-4f11-b965-72a918995a16.wav,11.471
1621,Nyctidromus albicollis,compau,train/01621_Animalia_Chordata_Aves_Caprimulgiformes_Caprimulgidae_Nyctidromus_albicollis/22a07d39-80e0-4ba3-a82d-e6752de4cd1d.wav,8.947
1621,Nyctidromus albicollis,compau,train/01621_Animalia_Chordata_Aves_Caprimulgiformes_Caprimulgidae_Nyctidromus_albicollis/25e806c1-18e1-42bb-bfae-e66f3755caa2.wav,48.512
1621,Nyctidromus albicollis,compau,train/01621_Animalia_Chordata_Aves_Caprimulgiformes_Caprimulgidae_Nyctidromus_albicollis/26638f3d-d4fa-49c6-93ad-31392953a2b3.wav,18.135
1621,Nyctidromus albicollis,compau,train/01621_Animalia_Chordata_Aves_Caprimulgiformes_Caprimulgidae_Nyctidromus_albicollis/28b9f96f-c8c1-4417-8e89-dd35897668a5.wav,13.05
1621,Nyctidromus albicollis,compau,train/01621_Animalia_Chordata_Aves_Caprimulgiformes_Caprimulgidae_Nyctidromus_albicollis/2b70f9c2-4cc6-4d56-a94f-5d3c79d2ca5c.wav,16.0
1621,Nyctidromus albicollis,compau,train/01621_Animalia_Chordata_Aves_Caprimulgiformes_Caprimulgidae_Nyctidromus_albicollis/2fbedd13-3dd7-436a-9ae6-d703fa9c9a44.wav,32.084
1621,Nyctidromus albicollis,compau,train/01621_Animalia_Chordata_Aves_Caprimulgiformes_Caprimulgidae_Nyctidromus_albicollis/33316339-9775-46fd-8391-a6bba628eba3.wav,12.384
1621,Nyctidromus albicollis,compau,train/01621_Animalia_Chordata_Aves_Caprimulgiformes_Caprimulgidae_Nyctidromus_albicollis/34f77c6d-93d5-4b2c-bff5-e143fde35bb8.wav,22.15
1621,Nyctidromus albicollis,compau,train/01621_Animalia_Chordata_Aves_Caprimulgiformes_Caprimulgidae_Nyctidromus_albicollis/3b38674a-35e0-4cb0-a031-9734d3bdfa07.wav,38.24
1621,Nyctidromus albicollis,compau,train/01621_Animalia_Chordata_Aves_Caprimulgiformes_Caprimulgidae_Nyctidromus_albicollis/3e3e499b-dd36-4090-aa94-f9286fa663cd.wav,20.779
1621,Nyctidromus albicollis,compau,train/01621_Animalia_Chordata_Aves_Caprimulgiformes_Caprimulgidae_Nyctidromus_albicollis/3f3a9e55-de33-4d14-bd85-2ee7a969b0f3.wav,65.045
1621,Nyctidromus albicollis,compau,train/01621_Animalia_Chordata_Aves_Caprimulgiformes_Caprimulgidae_Nyctidromus_albicollis/3f525abc-feeb-43ab-883f-56bdc52889ff.wav,40.681
1621,Nyctidromus albicollis,compau,train/01621_Animalia_Chordata_Aves_Caprimulgiformes_Caprimulgidae_Nyctidromus_albicollis/406f2476-44ca-4fe3-af13-3ec303b4ce16.wav,55.26
1621,Nyctidromus albicollis,compau,train/01621_Animalia_Chordata_Aves_Caprimulgiformes_Caprimulgidae_Nyctidromus_albicollis/42f54fee-9b1f-4623-899b-3b9bb0c9f42d.wav,39.456
1621,Nyctidromus albicollis,compau,train/01621_Animalia_Chordata_Aves_Caprimulgiformes_Caprimulgidae_Nyctidromus_albicollis/4423101c-ed8e-48ff-9c8a-8de1ef5a3da8.wav,5.027
1621,Nyctidromus albicollis,compau,train/01621_Animalia_Chordata_Aves_Caprimulgiformes_Caprimulgidae_Nyctidromus_albicollis/4b7d910d-4ca0-439d-b8b2-32d76043f4e3.wav,23.589
1621,Nyctidromus albicollis,compau,train/01621_Animalia_Chordata_Aves_Caprimulgiformes_Caprimulgidae_Nyctidromus_albicollis/4d2a6495-372e-42f8-bc91-94e30b58958c.wav,18.437
1621,Nyctidromus albicollis,compau,train/01621_Animalia_Chordata_Aves_Caprimulgiformes_Caprimulgidae_Nyctidromus_albicollis/522e82be-2900-4379-9d36-295b5dbee47b.wav,6.92
1621,Nyctidromus albicollis,compau,train/01621_Animalia_Chordata_Aves_Caprimulgiformes_Caprimulgidae_Nyctidromus_albicollis/56ec6aa2-ba03-43f4-9514-563a7178e31a.wav,3.264
1621,Nyctidromus albicollis,compau,train/01621_Animalia_Chordata_Aves_Caprimulgiformes_Caprimulgidae_Nyctidromus_albicollis/5e1e306a-dc3b-4af0-9139-3a86c3d5c8b6.wav,43.425
1621,Nyctidromus albicollis,compau,train/01621_Animalia_Chordata_Aves_Caprimulgiformes_Caprimulgidae_Nyctidromus_albicollis/61f8789c-39b4-4e30-9c1e-a060c2e20af5.wav,30.905
1621,Nyctidromus albicollis,compau,train/01621_Animalia_Chordata_Aves_Caprimulgiformes_Caprimulgidae_Nyctidromus_albicollis/62194dcd-569b-4a52-9c74-cb4d949ea579.wav,11.011
1621,Nyctidromus albicollis,compau,train/01621_Animalia_Chordata_Aves_Caprimulgiformes_Caprimulgidae_Nyctidromus_albicollis/658d7439-0095-4573-8968-d431aab9cbb9.wav,32.766
1621,Nyctidromus albicollis,compau,train/01621_Animalia_Chordata_Aves_Caprimulgiformes_Caprimulgidae_Nyctidromus_albicollis/66972271-e394-40ad-a5cf-916098e64919.wav,20.596
1621,Nyctidromus albicollis,compau,train/01621_Animalia_Chordata_Aves_Caprimulgiformes_Caprimulgidae_Nyctidromus_albicollis/69d08ac0-c547-4d37-b9ce-650194aa0a25.wav,12.125
1621,Nyctidromus albicollis,compau,train/01621_Animalia_Chordata_Aves_Caprimulgiformes_Caprimulgidae_Nyctidromus_albicollis/7233de53-261d-47aa-80ad-a5e889d03aa1.wav,28.839
1621,Nyctidromus albicollis,compau,train/01621_Animalia_Chordata_Aves_Caprimulgiformes_Caprimulgidae_Nyctidromus_albicollis/72c12c11-0965-4348-84bb-3d216d067572.wav,11.848
1621,Nyctidromus albicollis,compau,train/01621_Animalia_Chordata_Aves_Caprimulgiformes_Caprimulgidae_Nyctidromus_albicollis/7413dc03-3d64-4a8b-9419-5f856a95a33c.wav,16.51
1621,Nyctidromus albicollis,compau,train/01621_Animalia_Chordata_Aves_Caprimulgiformes_Caprimulgidae_Nyctidromus_albicollis/76470529-fc44-4f60-b94a-8ec20e27711a.wav,32.432
1621,Nyctidromus albicollis,compau,train/01621_Animalia_Chordata_Aves_Caprimulgiformes_Caprimulgidae_Nyctidromus_albicollis/7be2aa52-00a0-4578-87d8-68710e4daddd.wav,50.069
1621,Nyctidromus albicollis,compau,train/01621_Animalia_Chordata_Aves_Caprimulgiformes_Caprimulgidae_Nyctidromus_albicollis/7cab6934-5ddb-4511-90d8-fd0bad6af18f.wav,37.76
1621,Nyctidromus albicollis,compau,train/01621_Animalia_Chordata_Aves_Caprimulgiformes_Caprimulgidae_Nyctidromus_albicollis/8049ad8a-5265-4ab1-b9f0-98c70f9214ac.wav,6.639
1621,Nyctidromus albicollis,compau,train/01621_Animalia_Chordata_Aves_Caprimulgiformes_Caprimulgidae_Nyctidromus_albicollis/8744345a-4e84-4a83-9efe-cbfc898cc487.wav,12.528
1621,Nyctidromus albicollis,compau,train/01621_Animalia_Chordata_Aves_Caprimulgiformes_Caprimulgidae_Nyctidromus_albicollis/87446581-435b-475f-8586-c1b56ea8d223.wav,36.827
1621,Nyctidromus albicollis,compau,train/01621_Animalia_Chordata_Aves_Caprimulgiformes_Caprimulgidae_Nyctidromus_albicollis/87b6acc8-3b7f-4407-bfac-0d82eacd9c59.wav,18.715
1621,Nyctidromus albicollis,compau,train/01621_Animalia_Chordata_Aves_Caprimulgiformes_Caprimulgidae_Nyctidromus_albicollis/87f02754-70c0-4ff1-a920-c471131bc2a4.wav,26.298
1621,Nyctidromus albicollis,compau,train/01621_Animalia_Chordata_Aves_Caprimulgiformes_Caprimulgidae_Nyctidromus_albicollis/88bc9bfe-279d-4efd-baba-9f351281e3ec.wav,21.06
1621,Nyctidromus albicollis,compau,train/01621_Animalia_Chordata_Aves_Caprimulgiformes_Caprimulgidae_Nyctidromus_albicollis/8f3cc299-d697-4b8c-bb6f-aa8d7a0e1da3.wav,0.179
1621,Nyctidromus albicollis,compau,train/01621_Animalia_Chordata_Aves_Caprimulgiformes_Caprimulgidae_Nyctidromus_albicollis/8f643715-4dee-447a-802b-9af3176572da.wav,35.248
1621,Nyctidromus albicollis,compau,train/01621_Animalia_Chordata_Aves_Caprimulgiformes_Caprimulgidae_Nyctidromus_albicollis/91bd33bb-5c08-44a6-9e89-f95e8be440ef.wav,25.519
1621,Nyctidromus albicollis,compau,train/01621_Animalia_Chordata_Aves_Caprimulgiformes_Caprimulgidae_Nyctidromus_albicollis/925a7e52-5240-42b5-be1e-7a913dd2e2cb.wav,34.496
1621,Nyctidromus albicollis,compau,train/01621_Animalia_Chordata_Aves_Caprimulgiformes_Caprimulgidae_Nyctidromus_albicollis/93d273d5-bf36-42f1-8218-8749c5b0168c.wav,34.585
1621,Nyctidromus albicollis,compau,train/01621_Animalia_Chordata_Aves_Caprimulgiformes_Caprimulgidae_Nyctidromus_albicollis/98865e14-5da8-4289-a47a-c0ac7b5b5802.wav,59.954
1621,Nyctidromus albicollis,compau,train/01621_Animalia_Chordata_Aves_Caprimulgiformes_Caprimulgidae_Nyctidromus_albicollis/9eead38e-5846-4d0f-b3bf-a10cf84b39dc.wav,30.557
1621,Nyctidromus albicollis,compau,train/01621_Animalia_Chordata_Aves_Caprimulgiformes_Caprimulgidae_Nyctidromus_albicollis/9fb04d58-f1e5-4e4e-a7e6-5ac06c7f2790.wav,24.848
1621,Nyctidromus albicollis,compau,train/01621_Animalia_Chordata_Aves_Caprimulgiformes_Caprimulgidae_Nyctidromus_albicollis/a0c320b3-712a-46ba-b7ab-a2d34c6777f4.wav,11.651
1621,Nyctidromus albicollis,compau,train/01621_Animalia_Chordata_Aves_Caprimulgiformes_Caprimulgidae_Nyctidromus_albicollis/a37bb841-b3fe-449e-93f9-bae06c0bc79f.wav,11.355
1621,Nyctidromus albicollis,compau,train/01621_Animalia_Chordata_Aves_Caprimulgiformes_Caprimulgidae_Nyctidromus_albicollis/a60d3f58-8349-4c9b-85be-ba4403a08df1.wav,7.053
1621,Nyctidromus albicollis,compau,train/01621_Animalia_Chordata_Aves_Caprimulgiformes_Caprimulgidae_Nyctidromus_albicollis/a774a959-0dcf-469c-aa30-10e25d461aa1.wav,24.474
1621,Nyctidromus albicollis,compau,train/01621_Animalia_Chordata_Aves_Caprimulgiformes_Caprimulgidae_Nyctidromus_albicollis/a7933488-2230-4ef8-aea8-7977738d1aaa.wav,10.286
1621,Nyctidromus albicollis,compau,train/01621_Animalia_Chordata_Aves_Caprimulgiformes_Caprimulgidae_Nyctidromus_albicollis/b4a8c9f1-0e21-4831-9ac1-770d2cf5b2a6.wav,30.052
1621,Nyctidromus albicollis,compau,train/01621_Animalia_Chordata_Aves_Caprimulgiformes_Caprimulgidae_Nyctidromus_albicollis/b7470498-9aa3-4657-83b4-9f9ff7def9fc.wav,21.603
1621,Nyctidromus albicollis,compau,train/01621_Animalia_Chordata_Aves_Caprimulgiformes_Caprimulgidae_Nyctidromus_albicollis/bcb53db8-29ee-4c0c-bee9-2cf71788073b.wav,17.6
1621,Nyctidromus albicollis,compau,train/01621_Animalia_Chordata_Aves_Caprimulgiformes_Caprimulgidae_Nyctidromus_albicollis/bdd617cd-5764-4f37-9ff3-5406776c4871.wav,4.05
1621,Nyctidromus albicollis,compau,train/01621_Animalia_Chordata_Aves_Caprimulgiformes_Caprimulgidae_Nyctidromus_albicollis/be2fb1eb-bc0a-41a7-9c38-5fd658a91c77.wav,33.112
1621,Nyctidromus albicollis,compau,train/01621_Animalia_Chordata_Aves_Caprimulgiformes_Caprimulgidae_Nyctidromus_albicollis/c2f4f0a7-a6bd-46cf-9ac6-8393ad90ece0.wav,13.32
1621,Nyctidromus albicollis,compau,train/01621_Animalia_Chordata_Aves_Caprimulgiformes_Caprimulgidae_Nyctidromus_albicollis/c44be52d-d8fa-4c3b-ad2c-8da0352045e0.wav,14.078
1621,Nyctidromus albicollis,compau,train/01621_Animalia_Chordata_Aves_Caprimulgiformes_Caprimulgidae_Nyctidromus_albicollis/c6e1ed54-6b47-4035-935f-3e34644b155f.wav,30.536
1621,Nyctidromus albicollis,compau,train/01621_Animalia_Chordata_Aves_Caprimulgiformes_Caprimulgidae_Nyctidromus_albicollis/c9e32618-7656-494f-8c15-5379bb334920.wav,20.387
1621,Nyctidromus albicollis,compau,train/01621_Animalia_Chordata_Aves_Caprimulgiformes_Caprimulgidae_Nyctidromus_albicollis/cda3fb7a-7f7f-4062-b103-73d1cb58cf96.wav,13.376
1621,Nyctidromus albicollis,compau,train/01621_Animalia_Chordata_Aves_Caprimulgiformes_Caprimulgidae_Nyctidromus_albicollis/d5635bf5-50d1-4f4f-ac69-a979dd661ed3.wav,10.608
1621,Nyctidromus albicollis,compau,train/01621_Animalia_Chordata_Aves_Caprimulgiformes_Caprimulgidae_Nyctidromus_albicollis/d628dc10-fed6-43a9-a83b-97e8bd05d218.wav,14.059
1621,Nyctidromus albicollis,compau,train/01621_Animalia_Chordata_Aves_Caprimulgiformes_Caprimulgidae_Nyctidromus_albicollis/d64ca32e-a005-4ec3-920a-aa9bf8816d23.wav,11.477
1621,Nyctidromus albicollis,compau,train/01621_Animalia_Chordata_Aves_Caprimulgiformes_Caprimulgidae_Nyctidromus_albicollis/d7d58de8-7612-4ef4-85f5-9125aee268ac.wav,35.84
1621,Nyctidromus albicollis,compau,train/01621_Animalia_Chordata_Aves_Caprimulgiformes_Caprimulgidae_Nyctidromus_albicollis/dec3a155-20be-48ab-bd01-a3cfa0c860cb.wav,19.104
1621,Nyctidromus albicollis,compau,train/01621_Animalia_Chordata_Aves_Caprimulgiformes_Caprimulgidae_Nyctidromus_albicollis/e532f50d-ae68-4345-a939-dc09b0636b24.wav,5.444
1621,Nyctidromus albicollis,compau,train/01621_Animalia_Chordata_Aves_Caprimulgiformes_Caprimulgidae_Nyctidromus_albicollis/e6cdaf17-5f61-4e9e-9d1f-d7106a81628a.wav,24.832
1621,Nyctidromus albicollis,compau,train/01621_Animalia_Chordata_Aves_Caprimulgiformes_Caprimulgidae_Nyctidromus_albicollis/e78c19a6-8a9d-491a-8c0f-f90970b77b10.wav,15.543
1621,Nyctidromus albicollis,compau,train/01621_Animalia_Chordata_Aves_Caprimulgiformes_Caprimulgidae_Nyctidromus_albicollis/f0dd34da-1967-40a6-bee5-7b9cafca55d5.wav,13.306
1621,Nyctidromus albicollis,compau,train/01621_Animalia_Chordata_Aves_Caprimulgiformes_Caprimulgidae_Nyctidromus_albicollis/f123c8b7-7502-41fb-9c0c-c99cc8229a14.wav,28.363
1621,Nyctidromus albicollis,compau,train/01621_Animalia_Chordata_Aves_Caprimulgiformes_Caprimulgidae_Nyctidromus_albicollis/f8049326-8923-46da-804c-08c11bcffa1e.wav,54.387
1621,Nyctidromus albicollis,compau,train/01621_Animalia_Chordata_Aves_Caprimulgiformes_Caprimulgidae_Nyctidromus_albicollis/fa6e80a0-ce1b-42c9-af50-ea8f47957bc6.wav,12.16
1632,Nyctibius griseus,compot1,train/01632_Animalia_Chordata_Aves_Caprimulgiformes_Nyctibiidae_Nyctibius_griseus/0998d0b8-6acf-4653-ad22-a45548b87893.wav,105.96
1632,Nyctibius griseus,compot1,train/01632_Animalia_Chordata_Aves_Caprimulgiformes_Nyctibiidae_Nyctibius_griseus/0a89ea25-994e-42f2-8440-a005eaa80b25.wav,13.581
1632,Nyctibius griseus,compot1,train/01632_Animalia_Chordata_Aves_Caprimulgiformes_Nyctibiidae_Nyctibius_griseus/0dbea069-16ae-4e83-a2ce-5f3ed3c87592.wav,48.327
1632,Nyctibius griseus,compot1,train/01632_Animalia_Chordata_Aves_Caprimulgiformes_Nyctibiidae_Nyctibius_griseus/180ee4d4-4286-4bc3-8349-42049405b2e4.wav,5.604
1632,Nyctibius griseus,compot1,train/01632_Animalia_Chordata_Aves_Caprimulgiformes_Nyctibiidae_Nyctibius_griseus/18db376e-24fe-46c0-95a8-3f576a51925a.wav,2.926
1632,Nyctibius griseus,compot1,train/01632_Animalia_Chordata_Aves_Caprimulgiformes_Nyctibiidae_Nyctibius_griseus/21ece614-4942-48f6-bede-3d84de3a8b81.wav,25.984
1632,Nyctibius griseus,compot1,train/01632_Animalia_Chordata_Aves_Caprimulgiformes_Nyctibiidae_Nyctibius_griseus/2d12182f-70bd-419e-9565-d9a202d897e5.wav,6.975
1632,Nyctibius griseus,compot1,train/01632_Animalia_Chordata_Aves_Caprimulgiformes_Nyctibiidae_Nyctibius_griseus/373a8cfd-5e05-4f98-830c-854419636a50.wav,31.12
1632,Nyctibius griseus,compot1,train/01632_Animalia_Chordata_Aves_Caprimulgiformes_Nyctibiidae_Nyctibius_griseus/45fb0772-f1ba-4788-bda9-13e0735be677.wav,7.778
1632,Nyctibius griseus,compot1,train/01632_Animalia_Chordata_Aves_Caprimulgiformes_Nyctibiidae_Nyctibius_griseus/48683e9b-7d6b-4793-bdc1-29b4f77f2ac2.wav,5.5
1632,Nyctibius griseus,compot1,train/01632_Animalia_Chordata_Aves_Caprimulgiformes_Nyctibiidae_Nyctibius_griseus/4b6ee0ea-35b3-4b6b-a9aa-5ac68d9f92bd.wav,17.984
1632,Nyctibius griseus,compot1,train/01632_Animalia_Chordata_Aves_Caprimulgiformes_Nyctibiidae_Nyctibius_griseus/58cd4fc9-c5aa-4dbb-b82d-7cec8886680d.wav,10.542
1632,Nyctibius griseus,compot1,train/01632_Animalia_Chordata_Aves_Caprimulgiformes_Nyctibiidae_Nyctibius_griseus/5ca3a014-1916-440a-b828-e8a0cf4284e8.wav,17.661
1632,Nyctibius griseus,compot1,train/01632_Animalia_Chordata_Aves_Caprimulgiformes_Nyctibiidae_Nyctibius_griseus/5f425b6c-fccf-4ed0-9e95-e3f76eaceef2.wav,99.855
1632,Nyctibius griseus,compot1,train/01632_Animalia_Chordata_Aves_Caprimulgiformes_Nyctibiidae_Nyctibius_griseus/6d3bac72-46d8-4543-aaa6-3a70a8fc8bea.wav,27.973
1632,Nyctibius griseus,compot1,train/01632_Animalia_Chordata_Aves_Caprimulgiformes_Nyctibiidae_Nyctibius_griseus/98854328-1c15-4ec4-a3b7-3f5506f17bd2.wav,42.432
1632,Nyctibius griseus,compot1,train/01632_Animalia_Chordata_Aves_Caprimulgiformes_Nyctibiidae_Nyctibius_griseus/ac46ba73-69e2-40ba-8534-9e96366851e7.wav,8.224
1632,Nyctibius griseus,compot1,train/01632_Animalia_Chordata_Aves_Caprimulgiformes_Nyctibiidae_Nyctibius_griseus/af87eecd-a853-491c-9af0-75d7a0f46d0f.wav,15.954
1632,Nyctibius griseus,compot1,train/01632_Animalia_Chordata_Aves_Caprimulgiformes_Nyctibiidae_Nyctibius_griseus/b6a48cb6-de6e-4c4b-b9c1-88e47e1299dc.wav,7.643
1632,Nyctibius griseus,compot1,train/01632_Animalia_Chordata_Aves_Caprimulgiformes_Nyctibiidae_Nyctibius_griseus/b8a12411-b796-4849-9ec8-c8f14cd17993.wav,6.269
1632,Nyctibius griseus,compot1,train/01632_Animalia_Chordata_Aves_Caprimulgiformes_Nyctibiidae_Nyctibius_griseus/bb303cff-b912-474a-975d-01abe9889f30.wav,12.539
1632,Nyctibius griseus,compot1,train/01632_Animalia_Chordata_Aves_Caprimulgiformes_Nyctibiidae_Nyctibius_griseus/c387d15e-1e55-477e-97d0-f93e4551da29.wav,8.832
1632,Nyctibius griseus,compot1,train/01632_Animalia_Chordata_Aves_Caprimulgiformes_Nyctibiidae_Nyctibius_griseus/d2fbbb4a-be64-4d06-9e60-ec97f9bba1f1.wav,24.704
1632,Nyctibius griseus,compot1,train/01632_Animalia_Chordata_Aves_Caprimulgiformes_Nyctibiidae_Nyctibius_griseus/e0ed5491-8b44-4d56-8960-725effc6c332.wav,6.873
1632,Nyctibius griseus,compot1,train/01632_Animalia_Chordata_Aves_Caprimulgiformes_Nyctibiidae_Nyctibius_griseus/e9230d4d-f449-4224-9c23-b27bf1b68aed.wav,76.042
1632,Nyctibius griseus,compot1,train/01632_Animalia_Chordata_Aves_Caprimulgiformes_Nyctibiidae_Nyctibius_griseus/ecaadad6-9bca-4417-bc91-7bdddc5c91ee.wav,60.928
1632,Nyctibius griseus,compot1,train/01632_Animalia_Chordata_Aves_Caprimulgiformes_Nyctibiidae_Nyctibius_griseus/f327b3f5-716c-4f35-ac3b-26278c4327ff.wav,5.572
4397,Turdus amaurochalinus,crbthr1,train/04397_Animalia_Chordata_Aves_Passeriformes_Turdidae_Turdus_amaurochalinus/07309362-c9e5-4cb6-9013-baed053fcb84.wav,10.496
4397,Turdus amaurochalinus,crbthr1,train/04397_Animalia_Chordata_Aves_Passeriformes_Turdidae_Turdus_amaurochalinus/15394be7-a61b-4102-86e7-1a9282aa9e26.wav,13.44
4397,Turdus amaurochalinus,crbthr1,train/04397_Animalia_Chordata_Aves_Passeriformes_Turdidae_Turdus_amaurochalinus/1c3ceb60-525f-46f2-a756-8fd22adb9ccd.wav,7.72
4397,Turdus amaurochalinus,crbthr1,train/04397_Animalia_Chordata_Aves_Passeriformes_Turdidae_Turdus_amaurochalinus/25da2d1b-a08f-4b88-97d4-6c052ff1390f.wav,63.527
4397,Turdus amaurochalinus,crbthr1,train/04397_Animalia_Chordata_Aves_Passeriformes_Turdidae_Turdus_amaurochalinus/25e3752b-8585-40b4-a6ff-1a76334472cf.wav,21.419
4397,Turdus amaurochalinus,crbthr1,train/04397_Animalia_Chordata_Aves_Passeriformes_Turdidae_Turdus_amaurochalinus/2c5a53b2-e06a-4576-ac39-ca49d232c7e7.wav,3.692
4397,Turdus amaurochalinus,crbthr1,train/04397_Animalia_Chordata_Aves_Passeriformes_Turdidae_Turdus_amaurochalinus/30f33c95-c9e2-4d8a-aadf-ff3a36858337.wav,26.739
4397,Turdus amaurochalinus,crbthr1,train/04397_Animalia_Chordata_Aves_Passeriformes_Turdidae_Turdus_amaurochalinus/3714c863-3a35-48c7-aca8-77fe93fb617d.wav,74.64
4397,Turdus amaurochalinus,crbthr1,train/04397_Animalia_Chordata_Aves_Passeriformes_Turdidae_Turdus_amaurochalinus/408f2623-9f13-4bd2-9750-c559a9f145e0.wav,12.0
4397,Turdus amaurochalinus,crbthr1,train/04397_Animalia_Chordata_Aves_Passeriformes_Turdidae_Turdus_amaurochalinus/427e3608-b459-4a9b-8b00-9ad196b6e423.wav,35.248
4397,Turdus amaurochalinus,crbthr1,train/04397_Animalia_Chordata_Aves_Passeriformes_Turdidae_Turdus_amaurochalinus/54edf559-9d7f-44e4-a590-bb5a66471850.wav,13.499
4397,Turdus amaurochalinus,crbthr1,train/04397_Animalia_Chordata_Aves_Passeriformes_Turdidae_Turdus_amaurochalinus/5aff3853-a1ae-405e-8027-2aecf68e19a4.wav,19.551
4397,Turdus amaurochalinus,crbthr1,train/04397_Animalia_Chordata_Aves_Passeriformes_Turdidae_Turdus_amaurochalinus/5b2bad9e-1c04-475e-91ca-74d9dde24dc5.wav,13.328
4397,Turdus amaurochalinus,crbthr1,train/04397_Animalia_Chordata_Aves_Passeriformes_Turdidae_Turdus_amaurochalinus/7ab6cbf4-77bb-4ce9-97bc-a7bfac609b9d.wav,12.957
4397,Turdus amaurochalinus,crbthr1,train/04397_Animalia_Chordata_Aves_Passeriformes_Turdidae_Turdus_amaurochalinus/80b02442-3451-401a-9a6d-e4a4081e5a32.wav,62.833
4397,Turdus amaurochalinus,crbthr1,train/04397_Animalia_Chordata_Aves_Passeriformes_Turdidae_Turdus_amaurochalinus/8bbaee8c-6df0-49b5-8e93-ad0443d6b688.wav,11.072
4397,Turdus amaurochalinus,crbthr1,train/04397_Animalia_Chordata_Aves_Passeriformes_Turdidae_Turdus_amaurochalinus/8f7813b9-9c5e-4916-923f-0f5fc164234f.wav,17.406
4397,Turdus amaurochalinus,crbthr1,train/04397_Animalia_Chordata_Aves_Passeriformes_Turdidae_Turdus_amaurochalinus/96725c69-aedc-4141-b948-5b6848ccd51b.wav,36.336
4397,Turdus amaurochalinus,crbthr1,train/04397_Animalia_Chordata_Aves_Passeriformes_Turdidae_Turdus_amaurochalinus/9aa2991f-eb9f-411e-86b4-3bff00b4c97f.wav,5.993
4397,Turdus amaurochalinus,crbthr1,train/04397_Animalia_Chordata_Aves_Passeriformes_Turdidae_Turdus_amaurochalinus/9eb6d515-9a7d-49ec-b1b4-2d5d81edf4b8.wav,59.349
4397,Turdus amaurochalinus,crbthr1,train/04397_Animalia_Chordata_Aves_Passeriformes_Turdidae_Turdus_amaurochalinus/a0a96912-539e-4745-8aee-0453f216a0d5.wav,2.368
4397,Turdus amaurochalinus,crbthr1,train/04397_Animalia_Chordata_Aves_Passeriformes_Turdidae_Turdus_amaurochalinus/a1d093bb-289e-4fad-a1e7-2f883cd08d66.wav,29.874
4397,Turdus amaurochalinus,crbthr1,train/04397_Animalia_Chordata_Aves_Passeriformes_Turdidae_Turdus_amaurochalinus/aa18dc05-f923-4223-a335-26dea23c2b00.wav,25.937
4397,Turdus amaurochalinus,crbthr1,train/04397_Animalia_Chordata_Aves_Passeriformes_Turdidae_Turdus_amaurochalinus/bd69cd12-18f6-438b-ab58-34ee8b228faf.wav,5.956
4397,Turdus amaurochalinus,crbthr1,train/04397_Animalia_Chordata_Aves_Passeriformes_Turdidae_Turdus_amaurochalinus/d726c0b8-d30d-47f8-9c6a-d73877a1b2c8.wav,14.966
4397,Turdus amaurochalinus,crbthr1,train/04397_Animalia_Chordata_Aves_Passeriformes_Turdidae_Turdus_amaurochalinus/f3d32273-cece-47d7-a1f1-ec22326500cd.wav,29.705
4397,Turdus amaurochalinus,crbthr1,train/04397_Animalia_Chordata_Aves_Passeriformes_Turdidae_Turdus_amaurochalinus/f571a962-97d6-483c-bcf2-392afa85e632.wav,26.808
4299,Pachyramphus validus,crebec1,train/04299_Animalia_Chordata_Aves_Passeriformes_Tityridae_Pachyramphus_validus/271608fa-d9fe-4217-ac52-37e362ccf455.wav,7.208
4299,Pachyramphus validus,crebec1,train/04299_Animalia_Chordata_Aves_Passeriformes_Tityridae_Pachyramphus_validus/930a23f7-81f1-4078-9aa0-9b6586e72a3f.wav,16.789
4299,Pachyramphus validus,crebec1,train/04299_Animalia_Chordata_Aves_Passeriformes_Tityridae_Pachyramphus_validus/a59e16ef-b628-46e2-9a49-dcc2a02252be.wav,33.724
5211,Taoniscus nanus,dwatin1,train/05211_Animalia_Chordata_Aves_Tinamiformes_Tinamidae_Taoniscus_nanus/86242e36-1cd2-453f-986f-636c23e90a0f.wav,4.896
3031,Icterus pyrrhopterus,epaori4,train/03031_Animalia_Chordata_Aves_Passeriformes_Icteridae_Icterus_pyrrhopterus/06dfbfd5-4497-44aa-9301-17ff4dc1d625.wav,10.112
3031,Icterus pyrrhopterus,epaori4,train/03031_Animalia_Chordata_Aves_Passeriformes_Icteridae_Icterus_pyrrhopterus/11d9e123-974c-483c-bb37-da77d8fceebb.wav,13.484
3031,Icterus pyrrhopterus,epaori4,train/03031_Animalia_Chordata_Aves_Passeriformes_Icteridae_Icterus_pyrrhopterus/3438df53-58e9-439f-af69-dab116ef5ec8.wav,8.403
3031,Icterus pyrrhopterus,epaori4,train/03031_Animalia_Chordata_Aves_Passeriformes_Icteridae_Icterus_pyrrhopterus/376d08a3-27c5-41d2-b8b1-8506733fdde3.wav,13.401
3031,Icterus pyrrhopterus,epaori4,train/03031_Animalia_Chordata_Aves_Passeriformes_Icteridae_Icterus_pyrrhopterus/45d732b6-9078-4353-b7b4-e120e8376698.wav,21.397
3031,Icterus pyrrhopterus,epaori4,train/03031_Animalia_Chordata_Aves_Passeriformes_Icteridae_Icterus_pyrrhopterus/5f8554d4-2b9c-49d7-b672-1886d6ee08eb.wav,32.86
3031,Icterus pyrrhopterus,epaori4,train/03031_Animalia_Chordata_Aves_Passeriformes_Icteridae_Icterus_pyrrhopterus/794209ed-5b32-4569-985c-0be3a58099f0.wav,38.127
3031,Icterus pyrrhopterus,epaori4,train/03031_Animalia_Chordata_Aves_Passeriformes_Icteridae_Icterus_pyrrhopterus/991af62a-d32d-4809-a77d-8b9f9004f5ff.wav,10.913
3031,Icterus pyrrhopterus,epaori4,train/03031_Animalia_Chordata_Aves_Passeriformes_Icteridae_Icterus_pyrrhopterus/a2b238ed-17af-4a2a-9822-d55899437814.wav,45.465
3031,Icterus pyrrhopterus,epaori4,train/03031_Animalia_Chordata_Aves_Passeriformes_Icteridae_Icterus_pyrrhopterus/a6e05359-9a44-4a38-9858-918c1bd94d23.wav,30.592
3031,Icterus pyrrhopterus,epaori4,train/03031_Animalia_Chordata_Aves_Passeriformes_Icteridae_Icterus_pyrrhopterus/b7f6374a-def0-46cf-9270-db7ff3a7994d.wav,56.26
3031,Icterus pyrrhopterus,epaori4,train/03031_Animalia_Chordata_Aves_Passeriformes_Icteridae_Icterus_pyrrhopterus/c3e87143-9845-44e5-bce7-17a014d325b4.wav,14.933
4524,Lathrotriccus euleri,eulfly1,train/04524_Animalia_Chordata_Aves_Passeriformes_Tyrannidae_Lathrotriccus_euleri/2a468db8-2ea4-4df4-bfdb-7b9bcbbd50f2.wav,15.132
4524,Lathrotriccus euleri,eulfly1,train/04524_Animalia_Chordata_Aves_Passeriformes_Tyrannidae_Lathrotriccus_euleri/4de5521b-0aab-4ea6-b23b-b19ca9da6f5f.wav,2.837
4524,Lathrotriccus euleri,eulfly1,train/04524_Animalia_Chordata_Aves_Passeriformes_Tyrannidae_Lathrotriccus_euleri/5368bb79-7d97-4e2e-b047-41ef14ae2440.wav,19.2
4524,Lathrotriccus euleri,eulfly1,train/04524_Animalia_Chordata_Aves_Passeriformes_Tyrannidae_Lathrotriccus_euleri/554e8f80-dd75-4e39-b6ca-1c54e327d995.wav,4.242
4524,Lathrotriccus euleri,eulfly1,train/04524_Animalia_Chordata_Aves_Passeriformes_Tyrannidae_Lathrotriccus_euleri/60dfcb96-f6a3-40cd-a518-447391474362.wav,15.673
4524,Lathrotriccus euleri,eulfly1,train/04524_Animalia_Chordata_Aves_Passeriformes_Tyrannidae_Lathrotriccus_euleri/687d80e9-a2e7-4bb6-bec2-f1c29cdccf71.wav,9.028
4524,Lathrotriccus euleri,eulfly1,train/04524_Animalia_Chordata_Aves_Passeriformes_Tyrannidae_Lathrotriccus_euleri/782a35bf-ad3c-43a4-a14e-b6187d0eb3aa.wav,36.666
4524,Lathrotriccus euleri,eulfly1,train/04524_Animalia_Chordata_Aves_Passeriformes_Tyrannidae_Lathrotriccus_euleri/a2ea0d75-6d2b-445d-aed3-8201e6ae1d38.wav,20.438
4524,Lathrotriccus euleri,eulfly1,train/04524_Animalia_Chordata_Aves_Passeriformes_Tyrannidae_Lathrotriccus_euleri/ba420a31-9776-45d8-bde5-be9558244ca4.wav,5.799
4524,Lathrotriccus euleri,eulfly1,train/04524_Animalia_Chordata_Aves_Passeriformes_Tyrannidae_Lathrotriccus_euleri/ccd5f748-8fd9-4e12-8061-44172475114d.wav,6.426
4320,Cantorchilus guarayanus,fabwre1,train/04320_Animalia_Chordata_Aves_Passeriformes_Troglodytidae_Cantorchilus_guarayanus/9d9e76ea-2218-4f25-841e-3e5f82c49804.wav,10.58
5087,Glaucidium brasilianum,fepowl,train/05087_Animalia_Chordata_Aves_Strigiformes_Strigidae_Glaucidium_brasilianum/00da8b38-97e4-435e-9483-cd09fcf28cc2.wav,36.72
5087,Glaucidium brasilianum,fepowl,train/05087_Animalia_Chordata_Aves_Strigiformes_Strigidae_Glaucidium_brasilianum/04cef342-4149-4609-b37b-13ae45f33a11.wav,6.037
5087,Glaucidium brasilianum,fepowl,train/05087_Animalia_Chordata_Aves_Strigiformes_Strigidae_Glaucidium_brasilianum/05403441-d9b7-42fb-82bd-e7f9dfff3b39.wav,17.84
5087,Glaucidium brasilianum,fepowl,train/05087_Animalia_Chordata_Aves_Strigiformes_Strigidae_Glaucidium_brasilianum/08a0bac5-b7de-4187-b48c-85165b2633d5.wav,92.883
5087,Glaucidium brasilianum,fepowl,train/05087_Animalia_Chordata_Aves_Strigiformes_Strigidae_Glaucidium_brasilianum/0ab9f236-9184-47e9-ac3f-ab4bda6cec26.wav,19.618
5087,Glaucidium brasilianum,fepowl,train/05087_Animalia_Chordata_Aves_Strigiformes_Strigidae_Glaucidium_brasilianum/0cac731b-2477-476b-8f35-5a2081e2f50e.wav,22.198
5087,Glaucidium brasilianum,fepowl,train/05087_Animalia_Chordata_Aves_Strigiformes_Strigidae_Glaucidium_brasilianum/101d0e28-480a-460d-9d39-ee7b0c0d4a24.wav,7.3
5087,Glaucidium brasilianum,fepowl,train/05087_Animalia_Chordata_Aves_Strigiformes_Strigidae_Glaucidium_brasilianum/12c9478c-90ca-4a5e-9fd9-105f099225bd.wav,14.211
5087,Glaucidium brasilianum,fepowl,train/05087_Animalia_Chordata_Aves_Strigiformes_Strigidae_Glaucidium_brasilianum/171d5b48-6901-4412-a2e3-5dde59b883f7.wav,11.981
5087,Glaucidium brasilianum,fepowl,train/05087_Animalia_Chordata_Aves_Strigiformes_Strigidae_Glaucidium_brasilianum/1918d3fa-6e09-4688-99d6-14e4eb2fb7e2.wav,25.536
5087,Glaucidium brasilianum,fepowl,train/05087_Animalia_Chordata_Aves_Strigiformes_Strigidae_Glaucidium_brasilianum/1a2b06ff-6555-4f60-b93f-83e69d21048e.wav,8.469
5087,Glaucidium brasilianum,fepowl,train/05087_Animalia_Chordata_Aves_Strigiformes_Strigidae_Glaucidium_brasilianum/1d886eca-3b6d-45fc-9329-76da1d1b0727.wav,21.44
5087,Glaucidium brasilianum,fepowl,train/05087_Animalia_Chordata_Aves_Strigiformes_Strigidae_Glaucidium_brasilianum/1e2e28ff-09e4-4cb4-8100-2a426f003ba7.wav,8.731
5087,Glaucidium brasilianum,fepowl,train/05087_Animalia_Chordata_Aves_Strigiformes_Strigidae_Glaucidium_brasilianum/1e67ead9-e5f9-4c36-834e-cd2af7a80c65.wav,9.109
5087,Glaucidium brasilianum,fepowl,train/05087_Animalia_Chordata_Aves_Strigiformes_Strigidae_Glaucidium_brasilianum/2ac0d774-2eb2-4b7c-af02-2a4b683af741.wav,41.247
5087,Glaucidium brasilianum,fepowl,train/05087_Animalia_Chordata_Aves_Strigiformes_Strigidae_Glaucidium_brasilianum/2ae65552-dfc3-4b06-85a0-a8c8c1fc27c4.wav,27.539
5087,Glaucidium brasilianum,fepowl,train/05087_Animalia_Chordata_Aves_Strigiformes_Strigidae_Glaucidium_brasilianum/2b598182-c0eb-4621-9615-b345373998e9.wav,31.9
5087,Glaucidium brasilianum,fepowl,train/05087_Animalia_Chordata_Aves_Strigiformes_Strigidae_Glaucidium_brasilianum/30ff137a-e7ac-4180-8a81-a40411dd4f0e.wav,21.751
5087,Glaucidium brasilianum,fepowl,train/05087_Animalia_Chordata_Aves_Strigiformes_Strigidae_Glaucidium_brasilianum/342a33b5-5250-4100-b174-bcc5fa9bf128.wav,18.413
5087,Glaucidium brasilianum,fepowl,train/05087_Animalia_Chordata_Aves_Strigiformes_Strigidae_Glaucidium_brasilianum/3a80fd99-5ded-43f6-80fa-50a8aed33da3.wav,11.627
5087,Glaucidium brasilianum,fepowl,train/05087_Animalia_Chordata_Aves_Strigiformes_Strigidae_Glaucidium_brasilianum/3ce07599-de91-4264-8b24-bb7c613797a4.wav,9.834
5087,Glaucidium brasilianum,fepowl,train/05087_Animalia_Chordata_Aves_Strigiformes_Strigidae_Glaucidium_brasilianum/3d26f806-61e2-4377-aedb-a8d2cb765d48.wav,11.776
5087,Glaucidium brasilianum,fepowl,train/05087_Animalia_Chordata_Aves_Strigiformes_Strigidae_Glaucidium_brasilianum/3e893776-3eca-4cc5-8471-15cfed037979.wav,13.32
5087,Glaucidium brasilianum,fepowl,train/05087_Animalia_Chordata_Aves_Strigiformes_Strigidae_Glaucidium_brasilianum/403b9a36-0c3d-4e10-9d5e-ab490256876c.wav,36.664
5087,Glaucidium brasilianum,fepowl,train/05087_Animalia_Chordata_Aves_Strigiformes_Strigidae_Glaucidium_brasilianum/40d1c79a-2808-447c-b3ae-95d51615d149.wav,12.928
5087,Glaucidium brasilianum,fepowl,train/05087_Animalia_Chordata_Aves_Strigiformes_Strigidae_Glaucidium_brasilianum/41f83bec-8201-4e12-86cf-6a74ebbbec1a.wav,7.198
5087,Glaucidium brasilianum,fepowl,train/05087_Animalia_Chordata_Aves_Strigiformes_Strigidae_Glaucidium_brasilianum/42e9a790-055a-4058-baef-fdd8c7bb9141.wav,5.312
5087,Glaucidium brasilianum,fepowl,train/05087_Animalia_Chordata_Aves_Strigiformes_Strigidae_Glaucidium_brasilianum/431f2159-769c-4aee-a306-80dba84cb289.wav,27.214
5087,Glaucidium brasilianum,fepowl,train/05087_Animalia_Chordata_Aves_Strigiformes_Strigidae_Glaucidium_brasilianum/45d71cbe-9610-4cb1-901a-aee27297ee95.wav,46.183
5087,Glaucidium brasilianum,fepowl,train/05087_Animalia_Chordata_Aves_Strigiformes_Strigidae_Glaucidium_brasilianum/4842a2d1-d488-4507-86c0-9572ed215b8c.wav,24.477
5087,Glaucidium brasilianum,fepowl,train/05087_Animalia_Chordata_Aves_Strigiformes_Strigidae_Glaucidium_brasilianum/4b186465-15b3-4446-a507-a7426de1e1d8.wav,4.923
5087,Glaucidium brasilianum,fepowl,train/05087_Animalia_Chordata_Aves_Strigiformes_Strigidae_Glaucidium_brasilianum/4b777861-502d-470d-88c8-19a847198e5b.wav,18.233
5087,Glaucidium brasilianum,fepowl,train/05087_Animalia_Chordata_Aves_Strigiformes_Strigidae_Glaucidium_brasilianum/4b898b67-db7e-4f29-94a7-8c5eb89ab047.wav,19.413
5087,Glaucidium brasilianum,fepowl,train/05087_Animalia_Chordata_Aves_Strigiformes_Strigidae_Glaucidium_brasilianum/4f04d92c-4362-48b7-824d-dd974a43ed4b.wav,6.208
5087,Glaucidium brasilianum,fepowl,train/05087_Animalia_Chordata_Aves_Strigiformes_Strigidae_Glaucidium_brasilianum/4fb48460-41ca-4607-b4dc-82162e241463.wav,12.352
5087,Glaucidium brasilianum,fepowl,train/05087_Animalia_Chordata_Aves_Strigiformes_Strigidae_Glaucidium_brasilianum/503e36fb-c9ee-4c7b-b231-ef276c9cb6bb.wav,14.229
5087,Glaucidium brasilianum,fepowl,train/05087_Animalia_Chordata_Aves_Strigiformes_Strigidae_Glaucidium_brasilianum/50b3c85b-465d-4ab2-836c-5d66e6a9f378.wav,7.625
5087,Glaucidium brasilianum,fepowl,train/05087_Animalia_Chordata_Aves_Strigiformes_Strigidae_Glaucidium_brasilianum/5111bfeb-b32d-44a5-812a-7a71a25c62a3.wav,9.456
5087,Glaucidium brasilianum,fepowl,train/05087_Animalia_Chordata_Aves_Strigiformes_Strigidae_Glaucidium_brasilianum/54ea97d4-c4cc-437f-ae58-cbbd77e61974.wav,10.03
5087,Glaucidium brasilianum,fepowl,train/05087_Animalia_Chordata_Aves_Strigiformes_Strigidae_Glaucidium_brasilianum/56a3777f-e327-48da-b644-de58d28f7862.wav,43.733
5087,Glaucidium brasilianum,fepowl,train/05087_Animalia_Chordata_Aves_Strigiformes_Strigidae_Glaucidium_brasilianum/591f7085-09d1-4da7-85bd-f7a9f23d41ec.wav,7.915
5087,Glaucidium brasilianum,fepowl,train/05087_Animalia_Chordata_Aves_Strigiformes_Strigidae_Glaucidium_brasilianum/5934cdf1-d5cb-4c87-a328-e3d1ee8acf1a.wav,86.471
5087,Glaucidium brasilianum,fepowl,train/05087_Animalia_Chordata_Aves_Strigiformes_Strigidae_Glaucidium_brasilianum/5b66366b-6e25-4508-a9c9-518af5a72c7c.wav,16.17
5087,Glaucidium brasilianum,fepowl,train/05087_Animalia_Chordata_Aves_Strigiformes_Strigidae_Glaucidium_brasilianum/5c240d3c-8ca3-4ffe-9163-5d95d5a6fc5e.wav,14.976
5087,Glaucidium brasilianum,fepowl,train/05087_Animalia_Chordata_Aves_Strigiformes_Strigidae_Glaucidium_brasilianum/5e4e3c5b-2e17-4ba7-ba79-d481b9ed7b6c.wav,62.462
5087,Glaucidium brasilianum,fepowl,train/05087_Animalia_Chordata_Aves_Strigiformes_Strigidae_Glaucidium_brasilianum/5e5d3200-ae23-4fe5-8e97-36fe4e102503.wav,23.29
5087,Glaucidium brasilianum,fepowl,train/05087_Animalia_Chordata_Aves_Strigiformes_Strigidae_Glaucidium_brasilianum/61d8c3f2-9842-4a3f-ad84-3b39206dffa9.wav,12.203
5087,Glaucidium brasilianum,fepowl,train/05087_Animalia_Chordata_Aves_Strigiformes_Strigidae_Glaucidium_brasilianum/657fd1e1-bf2a-4d7f-a7cd-10de3597191c.wav,83.499
5087,Glaucidium brasilianum,fepowl,train/05087_Animalia_Chordata_Aves_Strigiformes_Strigidae_Glaucidium_brasilianum/68bb3c79-19e3-4750-a031-3dfab85b6d6e.wav,14.71
5087,Glaucidium brasilianum,fepowl,train/05087_Animalia_Chordata_Aves_Strigiformes_Strigidae_Glaucidium_brasilianum/69c74b6c-fd40-421a-97e0-0a67ac2e9faa.wav,14.367
5087,Glaucidium brasilianum,fepowl,train/05087_Animalia_Chordata_Aves_Strigiformes_Strigidae_Glaucidium_brasilianum/6bed7835-90b0-46f4-8a6b-e4a7c558c4eb.wav,11.378
5087,Glaucidium brasilianum,fepowl,train/05087_Animalia_Chordata_Aves_Strigiformes_Strigidae_Glaucidium_brasilianum/6fc97399-db82-4bec-9507-c49ee3d455ba.wav,19.394
5087,Glaucidium brasilianum,fepowl,train/05087_Animalia_Chordata_Aves_Strigiformes_Strigidae_Glaucidium_brasilianum/71d7ac28-a739-4b35-8553-cd978133b498.wav,13.569
5087,Glaucidium brasilianum,fepowl,train/05087_Animalia_Chordata_Aves_Strigiformes_Strigidae_Glaucidium_brasilianum/725c1714-8df2-41f4-8fb7-f6db2213a48b.wav,26.411
5087,Glaucidium brasilianum,fepowl,train/05087_Animalia_Chordata_Aves_Strigiformes_Strigidae_Glaucidium_brasilianum/74a7b6cb-6988-4153-9683-b0565c4d8d19.wav,29.248
5087,Glaucidium brasilianum,fepowl,train/05087_Animalia_Chordata_Aves_Strigiformes_Strigidae_Glaucidium_brasilianum/753876c2-9f7e-4b4e-a0f6-7d52414bd32c.wav,49.818
5087,Glaucidium brasilianum,fepowl,train/05087_Animalia_Chordata_Aves_Strigiformes_Strigidae_Glaucidium_brasilianum/76a9286e-94b6-4906-9b7b-2b6ff29d307a.wav,34.393
5087,Glaucidium brasilianum,fepowl,train/05087_Animalia_Chordata_Aves_Strigiformes_Strigidae_Glaucidium_brasilianum/77aa5228-8689-486b-97da-7855edff7367.wav,11.468
5087,Glaucidium brasilianum,fepowl,train/05087_Animalia_Chordata_Aves_Strigiformes_Strigidae_Glaucidium_brasilianum/7a476deb-8f7b-4ddb-89ee-370791f9d477.wav,49.429
5087,Glaucidium brasilianum,fepowl,train/05087_Animalia_Chordata_Aves_Strigiformes_Strigidae_Glaucidium_brasilianum/7b9e3d70-c9ef-4386-b8aa-c4a11aa6d48f.wav,11.39
5087,Glaucidium brasilianum,fepowl,train/05087_Animalia_Chordata_Aves_Strigiformes_Strigidae_Glaucidium_brasilianum/7cf1ec8a-5852-4a7c-8cf4-2002706c4649.wav,9.195
5087,Glaucidium brasilianum,fepowl,train/05087_Animalia_Chordata_Aves_Strigiformes_Strigidae_Glaucidium_brasilianum/8148b18d-7ed2-452d-ae07-577b47d9c607.wav,22.387
5087,Glaucidium brasilianum,fepowl,train/05087_Animalia_Chordata_Aves_Strigiformes_Strigidae_Glaucidium_brasilianum/82b87c7a-158f-4d35-99b3-715d14a20592.wav,5.758
5087,Glaucidium brasilianum,fepowl,train/05087_Animalia_Chordata_Aves_Strigiformes_Strigidae_Glaucidium_brasilianum/85c5c0ec-a35f-4f03-9154-b332d40aeb1c.wav,39.729
5087,Glaucidium brasilianum,fepowl,train/05087_Animalia_Chordata_Aves_Strigiformes_Strigidae_Glaucidium_brasilianum/8679890c-68c5-47b4-b15f-44478c4853c0.wav,4.639
5087,Glaucidium brasilianum,fepowl,train/05087_Animalia_Chordata_Aves_Strigiformes_Strigidae_Glaucidium_brasilianum/86bcbe7e-ff89-48d4-85b8-76b6ec5db6b9.wav,7.957
5087,Glaucidium brasilianum,fepowl,train/05087_Animalia_Chordata_Aves_Strigiformes_Strigidae_Glaucidium_brasilianum/8c35fbd5-4f82-4b32-972d-4eed8a855839.wav,38.243
5087,Glaucidium brasilianum,fepowl,train/05087_Animalia_Chordata_Aves_Strigiformes_Strigidae_Glaucidium_brasilianum/8d15d03f-7152-4ca0-b5e3-8e5fb28396de.wav,10.569
5087,Glaucidium brasilianum,fepowl,train/05087_Animalia_Chordata_Aves_Strigiformes_Strigidae_Glaucidium_brasilianum/8d1fdc19-6552-4690-ac23-83593d514c14.wav,159.713
5087,Glaucidium brasilianum,fepowl,train/05087_Animalia_Chordata_Aves_Strigiformes_Strigidae_Glaucidium_brasilianum/95ed9577-4366-4eed-9b27-6e3ca23041e0.wav,4.203
5087,Glaucidium brasilianum,fepowl,train/05087_Animalia_Chordata_Aves_Strigiformes_Strigidae_Glaucidium_brasilianum/9a9a0a3c-1445-4b86-b422-2b5eaf6b0c56.wav,26.453
5087,Glaucidium brasilianum,fepowl,train/05087_Animalia_Chordata_Aves_Strigiformes_Strigidae_Glaucidium_brasilianum/9be388e9-9360-4209-9a93-e40fbea93e05.wav,61.394
5087,Glaucidium brasilianum,fepowl,train/05087_Animalia_Chordata_Aves_Strigiformes_Strigidae_Glaucidium_brasilianum/a1c8a8e3-feef-44ba-b9e5-60fff15776a9.wav,26.112
5087,Glaucidium brasilianum,fepowl,train/05087_Animalia_Chordata_Aves_Strigiformes_Strigidae_Glaucidium_brasilianum/a1e116a1-b6a9-4f77-9110-7448c844467d.wav,4.523
5087,Glaucidium brasilianum,fepowl,train/05087_Animalia_Chordata_Aves_Strigiformes_Strigidae_Glaucidium_brasilianum/a244340b-fff3-4161-aa72-ea96ed6665db.wav,12.8
5087,Glaucidium brasilianum,fepowl,train/05087_Animalia_Chordata_Aves_Strigiformes_Strigidae_Glaucidium_brasilianum/a3d58857-3988-44f5-8d16-204555049ecc.wav,5.521
5087,Glaucidium brasilianum,fepowl,train/05087_Animalia_Chordata_Aves_Strigiformes_Strigidae_Glaucidium_brasilianum/a5234ac7-6fd4-4ccf-a243-5f839bd919d0.wav,8.266
5087,Glaucidium brasilianum,fepowl,train/05087_Animalia_Chordata_Aves_Strigiformes_Strigidae_Glaucidium_brasilianum/a57a4b8f-6d5a-4229-8f83-5a3cadfc2e19.wav,28.949
5087,Glaucidium brasilianum,fepowl,train/05087_Animalia_Chordata_Aves_Strigiformes_Strigidae_Glaucidium_brasilianum/a5e6afc0-6155-4a86-bc57-8a98865824b2.wav,3.019
5087,Glaucidium brasilianum,fepowl,train/05087_Animalia_Chordata_Aves_Strigiformes_Strigidae_Glaucidium_brasilianum/a68a02b6-0019-4342-91af-673751bdaf7e.wav,5.638
5087,Glaucidium brasilianum,fepowl,train/05087_Animalia_Chordata_Aves_Strigiformes_Strigidae_Glaucidium_brasilianum/a85686da-40d0-44ff-b676-9f4996b91fe0.wav,12.1
5087,Glaucidium brasilianum,fepowl,train/05087_Animalia_Chordata_Aves_Strigiformes_Strigidae_Glaucidium_brasilianum/a91c7083-8f19-4fc7-b09c-a0fb9235f741.wav,4.714
5087,Glaucidium brasilianum,fepowl,train/05087_Animalia_Chordata_Aves_Strigiformes_Strigidae_Glaucidium_brasilianum/a92da0d7-546d-4f9a-9d7d-ae5dc564103b.wav,73.003
5087,Glaucidium brasilianum,fepowl,train/05087_Animalia_Chordata_Aves_Strigiformes_Strigidae_Glaucidium_brasilianum/ab8cfc64-35f1-460c-a2c8-72495918412c.wav,17.792
5087,Glaucidium brasilianum,fepowl,train/05087_Animalia_Chordata_Aves_Strigiformes_Strigidae_Glaucidium_brasilianum/b09beede-178b-4c26-b383-6ca915a299b4.wav,17.798
5087,Glaucidium brasilianum,fepowl,train/05087_Animalia_Chordata_Aves_Strigiformes_Strigidae_Glaucidium_brasilianum/b0df9439-af03-45e5-8613-3ec390905241.wav,13.077
5087,Glaucidium brasilianum,fepowl,train/05087_Animalia_Chordata_Aves_Strigiformes_Strigidae_Glaucidium_brasilianum/b1a8e465-72d7-47e1-9516-fb00363c1702.wav,15.804
5087,Glaucidium brasilianum,fepowl,train/05087_Animalia_Chordata_Aves_Strigiformes_Strigidae_Glaucidium_brasilianum/b4781d9b-0d05-4219-a0cd-e85bec2a3174.wav,7.723
5087,Glaucidium brasilianum,fepowl,train/05087_Animalia_Chordata_Aves_Strigiformes_Strigidae_Glaucidium_brasilianum/ba1819a1-269c-4bba-9704-d5428610f2b9.wav,83.104
5087,Glaucidium brasilianum,fepowl,train/05087_Animalia_Chordata_Aves_Strigiformes_Strigidae_Glaucidium_brasilianum/baa39af7-c911-46bd-a720-1d29c1be6cef.wav,103.915
5087,Glaucidium brasilianum,fepowl,train/05087_Animalia_Chordata_Aves_Strigiformes_Strigidae_Glaucidium_brasilianum/bb352ff4-b857-4250-874b-f81c04871c17.wav,24.107
5087,Glaucidium brasilianum,fepowl,train/05087_Animalia_Chordata_Aves_Strigiformes_Strigidae_Glaucidium_brasilianum/bcf603af-1cc8-47af-a8cb-80b71e2856ef.wav,7.0
5087,Glaucidium brasilianum,fepowl,train/05087_Animalia_Chordata_Aves_Strigiformes_Strigidae_Glaucidium_brasilianum/bd7c0168-4eda-43ba-8ee9-d2e4db4e700e.wav,6.339
5087,Glaucidium brasilianum,fepowl,train/05087_Animalia_Chordata_Aves_Strigiformes_Strigidae_Glaucidium_brasilianum/bdc6925b-e25b-454b-9400-a3b9a353e6a4.wav,5.748
5087,Glaucidium brasilianum,fepowl,train/05087_Animalia_Chordata_Aves_Strigiformes_Strigidae_Glaucidium_brasilianum/c166e90a-7d95-4127-9859-de803ba7ea35.wav,12.083
5087,Glaucidium brasilianum,fepowl,train/05087_Animalia_Chordata_Aves_Strigiformes_Strigidae_Glaucidium_brasilianum/c6035282-298d-4c05-9b52-6e8eb735ebd5.wav,7.21
5087,Glaucidium brasilianum,fepowl,train/05087_Animalia_Chordata_Aves_Strigiformes_Strigidae_Glaucidium_brasilianum/c8f3daab-99ba-4336-b5d8-93bf7d49c869.wav,35.115
5087,Glaucidium brasilianum,fepowl,train/05087_Animalia_Chordata_Aves_Strigiformes_Strigidae_Glaucidium_brasilianum/cafee8a4-8aab-4874-a07c-64fe288374f9.wav,22.869
5087,Glaucidium brasilianum,fepowl,train/05087_Animalia_Chordata_Aves_Strigiformes_Strigidae_Glaucidium_brasilianum/d4d8bd27-1734-476f-b6c4-1002cf946f81.wav,11.679
5087,Glaucidium brasilianum,fepowl,train/05087_Animalia_Chordata_Aves_Strigiformes_Strigidae_Glaucidium_brasilianum/d95d55d1-cea0-4474-b859-e528478ec113.wav,57.972
5087,Glaucidium brasilianum,fepowl,train/05087_Animalia_Chordata_Aves_Strigiformes_Strigidae_Glaucidium_brasilianum/d9cb8c80-ca23-4ae0-8abd-c062150a2689.wav,20.501
5087,Glaucidium brasilianum,fepowl,train/05087_Animalia_Chordata_Aves_Strigiformes_Strigidae_Glaucidium_brasilianum/d9cec1bd-c82a-42cb-9cad-b4deeaa4f43a.wav,6.641
5087,Glaucidium brasilianum,fepowl,train/05087_Animalia_Chordata_Aves_Strigiformes_Strigidae_Glaucidium_brasilianum/da2043fc-99b0-43c6-9024-1fe7b7e5d31a.wav,3.328
5087,Glaucidium brasilianum,fepowl,train/05087_Animalia_Chordata_Aves_Strigiformes_Strigidae_Glaucidium_brasilianum/dc449fb7-b5e9-4792-937b-2603411dde7e.wav,13.5
5087,Glaucidium brasilianum,fepowl,train/05087_Animalia_Chordata_Aves_Strigiformes_Strigidae_Glaucidium_brasilianum/ddc4ab19-2c7e-47e9-9495-70a9a8a39c5a.wav,10.11
5087,Glaucidium brasilianum,fepowl,train/05087_Animalia_Chordata_Aves_Strigiformes_Strigidae_Glaucidium_brasilianum/de95c798-7ab6-46d5-bad2-dae120dd268b.wav,56.422
5087,Glaucidium brasilianum,fepowl,train/05087_Animalia_Chordata_Aves_Strigiformes_Strigidae_Glaucidium_brasilianum/e33d5544-0180-409c-9921-43bca82186bf.wav,28.212
5087,Glaucidium brasilianum,fepowl,train/05087_Animalia_Chordata_Aves_Strigiformes_Strigidae_Glaucidium_brasilianum/e4b1f599-e8e2-46b4-b775-b9f0f7eb5d36.wav,14.986
5087,Glaucidium brasilianum,fepowl,train/05087_Animalia_Chordata_Aves_Strigiformes_Strigidae_Glaucidium_brasilianum/e635ea92-60b9-46d2-b49f-e2528603dfd0.wav,5.696
5087,Glaucidium brasilianum,fepowl,train/05087_Animalia_Chordata_Aves_Strigiformes_Strigidae_Glaucidium_brasilianum/e6da76ab-01b3-437b-9fdf-4ada88e89f29.wav,22.656
5087,Glaucidium brasilianum,fepowl,train/05087_Animalia_Chordata_Aves_Strigiformes_Strigidae_Glaucidium_brasilianum/e7cb4753-474a-499f-883c-c89373590330.wav,35.6
5087,Glaucidium brasilianum,fepowl,train/05087_Animalia_Chordata_Aves_Strigiformes_Strigidae_Glaucidium_brasilianum/e929584a-3efc-493c-8ff1-556c193307d5.wav,29.478
5087,Glaucidium brasilianum,fepowl,train/05087_Animalia_Chordata_Aves_Strigiformes_Strigidae_Glaucidium_brasilianum/e99d3e06-0fc1-4273-99b0-b371e3d63230.wav,19.5
5087,Glaucidium brasilianum,fepowl,train/05087_Animalia_Chordata_Aves_Strigiformes_Strigidae_Glaucidium_brasilianum/ec001d3f-440c-49b5-930e-eefa8cf1f5ab.wav,46.951
5087,Glaucidium brasilianum,fepowl,train/05087_Animalia_Chordata_Aves_Strigiformes_Strigidae_Glaucidium_brasilianum/eeb97633-333d-4ce5-b71f-ed285d6421b0.wav,18.994
5087,Glaucidium brasilianum,fepowl,train/05087_Animalia_Chordata_Aves_Strigiformes_Strigidae_Glaucidium_brasilianum/f0ef9b55-7322-4878-9118-b8756bcc64dc.wav,4.158
5087,Glaucidium brasilianum,fepowl,train/05087_Animalia_Chordata_Aves_Strigiformes_Strigidae_Glaucidium_brasilianum/f6ac0ea6-f5e0-48b6-bdc9-94d45ebb4d4a.wav,17.043
5087,Glaucidium brasilianum,fepowl,train/05087_Animalia_Chordata_Aves_Strigiformes_Strigidae_Glaucidium_brasilianum/f6ef7332-cad2-4b34-95af-bd2d7dcd50cd.wav,7.2
5087,Glaucidium brasilianum,fepowl,train/05087_Animalia_Chordata_Aves_Strigiformes_Strigidae_Glaucidium_brasilianum/fb95d178-da08-4703-a9b6-c5af20b35123.wav,2.972
5087,Glaucidium brasilianum,fepowl,train/05087_Animalia_Chordata_Aves_Strigiformes_Strigidae_Glaucidium_brasilianum/fcf0fda4-ba21-48f8-81db-3bd838b67349.wav,15.147
5087,Glaucidium brasilianum,fepowl,train/05087_Animalia_Chordata_Aves_Strigiformes_Strigidae_Glaucidium_brasilianum/fe6e566d-88ec-400e-a153-65d54c982ae8.wav,7.059
3710,Machaeropterus pyrocephalus,ficman1,train/03710_Animalia_Chordata_Aves_Passeriformes_Pipridae_Machaeropterus_pyrocephalus/153ea97f-f8c2-41be-8bd2-b2a3f3e2c147.wav,22.32
3710,Machaeropterus pyrocephalus,ficman1,train/03710_Animalia_Chordata_Aves_Passeriformes_Pipridae_Machaeropterus_pyrocephalus/56b0323d-a992-4a5f-b857-82a3f2df6b15.wav,14.002
3710,Machaeropterus pyrocephalus,ficman1,train/03710_Animalia_Chordata_Aves_Passeriformes_Pipridae_Machaeropterus_pyrocephalus/c1950984-3bdd-45f3-b513-d890bb14b123.wav,14.498
3497,Myiothlypis flaveola,flawar1,train/03497_Animalia_Chordata_Aves_Passeriformes_Parulidae_Myiothlypis_flaveola/4a23480a-30af-4014-9cbf-8786eaa63350.wav,2.819
3497,Myiothlypis flaveola,flawar1,train/03497_Animalia_Chordata_Aves_Passeriformes_Parulidae_Myiothlypis_flaveola/7250661b-5b2e-45aa-a584-c2fe2bd66fab.wav,18.782
3497,Myiothlypis flaveola,flawar1,train/03497_Animalia_Chordata_Aves_Passeriformes_Parulidae_Myiothlypis_flaveola/b6d6611f-56e2-4727-9bec-a8ad2a2921b5.wav,30.981
3497,Myiothlypis flaveola,flawar1,train/03497_Animalia_Chordata_Aves_Passeriformes_Parulidae_Myiothlypis_flaveola/d17b6849-efe1-4fc2-8fdf-2ee63af419d7.wav,4.415
3497,Myiothlypis flaveola,flawar1,train/03497_Animalia_Chordata_Aves_Passeriformes_Parulidae_Myiothlypis_flaveola/e94c9f99-fb7c-47a5-84b6-b5c729679b6a.wav,50.573
3497,Myiothlypis flaveola,flawar1,train/03497_Animalia_Chordata_Aves_Passeriformes_Parulidae_Myiothlypis_flaveola/f46e406b-dea4-473c-9821-99911cbbab07.wav,3.813
4640,Tyrannus savana,fotfly,train/04640_Animalia_Chordata_Aves_Passeriformes_Tyrannidae_Tyrannus_savana/17a660a5-dbe8-4e48-9420-d74b23dfa374.wav,33.831
4640,Tyrannus savana,fotfly,train/04640_Animalia_Chordata_Aves_Passeriformes_Tyrannidae_Tyrannus_savana/3adea755-b031-4e48-9f5b-12d4e54b0728.wav,60.565
4640,Tyrannus savana,fotfly,train/04640_Animalia_Chordata_Aves_Passeriformes_Tyrannidae_Tyrannus_savana/6f35415b-7b2b-4131-b925-50ef5cc1ce8f.wav,18.624
4640,Tyrannus savana,fotfly,train/04640_Animalia_Chordata_Aves_Passeriformes_Tyrannidae_Tyrannus_savana/987b6126-f0d4-4d30-901c-196a43edb4ff.wav,10.24
4640,Tyrannus savana,fotfly,train/04640_Animalia_Chordata_Aves_Passeriformes_Tyrannidae_Tyrannus_savana/e7cbd648-44b9-49cf-849a-a19e06fa9ab6.wav,4.251
4457,Cnemotriccus fuscatus,fusfly1,train/04457_Animalia_Chordata_Aves_Passeriformes_Tyrannidae_Cnemotriccus_fuscatus/11226e60-bcc9-48f8-b747-5e02fb2b19de.wav,1.819
4457,Cnemotriccus fuscatus,fusfly1,train/04457_Animalia_Chordata_Aves_Passeriformes_Tyrannidae_Cnemotriccus_fuscatus/1ea3c2d6-cc54-4412-a8dd-b098869e7066.wav,70.07
4457,Cnemotriccus fuscatus,fusfly1,train/04457_Animalia_Chordata_Aves_Passeriformes_Tyrannidae_Cnemotriccus_fuscatus/5263f0ca-1579-4ea5-888f-99c986c3bc64.wav,4.0
4457,Cnemotriccus fuscatus,fusfly1,train/04457_Animalia_Chordata_Aves_Passeriformes_Tyrannidae_Cnemotriccus_fuscatus/5e7d0be5-6b3e-4cef-a3cf-226dfc49a8ce.wav,26.42
4457,Cnemotriccus fuscatus,fusfly1,train/04457_Animalia_Chordata_Aves_Passeriformes_Tyrannidae_Cnemotriccus_fuscatus/8b1e5e3f-0c78-4cc5-99be-15832430f62d.wav,21.014
4457,Cnemotriccus fuscatus,fusfly1,train/04457_Animalia_Chordata_Aves_Passeriformes_Tyrannidae_Cnemotriccus_fuscatus/8eaad6dd-7e67-43e8-a22f-78b59de44281.wav,14.397
4457,Cnemotriccus fuscatus,fusfly1,train/04457_Animalia_Chordata_Aves_Passeriformes_Tyrannidae_Cnemotriccus_fuscatus/ddac4e04-9bc6-4dab-9130-385a7e90655d.wav,18.04
1674,Hylocharis chrysura,gilhum1,train/01674_Animalia_Chordata_Aves_Caprimulgiformes_Trochilidae_Hylocharis_chrysura/0b8c064c-456f-4b47-bcc1-cff742984f86.wav,29.907
1674,Hylocharis chrysura,gilhum1,train/01674_Animalia_Chordata_Aves_Caprimulgiformes_Trochilidae_Hylocharis_chrysura/25121ece-51fa-4ae2-ac36-8f9b191166b7.wav,15.047
1674,Hylocharis chrysura,gilhum1,train/01674_Animalia_Chordata_Aves_Caprimulgiformes_Trochilidae_Hylocharis_chrysura/46aa29e5-8c38-48d3-b5aa-e9533b33b52e.wav,13.723
1674,Hylocharis chrysura,gilhum1,train/01674_Animalia_Chordata_Aves_Caprimulgiformes_Trochilidae_Hylocharis_chrysura/584b385b-d918-4eb8-bc90-31a0fe2d2aa6.wav,25.635
1674,Hylocharis chrysura,gilhum1,train/01674_Animalia_Chordata_Aves_Caprimulgiformes_Trochilidae_Hylocharis_chrysura/828d720d-79ce-41c1-a6b8-56f08ed6d397.wav,29.907
1674,Hylocharis chrysura,gilhum1,train/01674_Animalia_Chordata_Aves_Caprimulgiformes_Trochilidae_Hylocharis_chrysura/ac6ee66b-b718-444a-82cf-ac8987c01823.wav,16.224
1674,Hylocharis chrysura,gilhum1,train/01674_Animalia_Chordata_Aves_Caprimulgiformes_Trochilidae_Hylocharis_chrysura/b14cb482-e544-4da6-86d3-2d7ddd979b2c.wav,7.895
1674,Hylocharis chrysura,gilhum1,train/01674_Animalia_Chordata_Aves_Caprimulgiformes_Trochilidae_Hylocharis_chrysura/b88bd125-5e95-41b2-aa91-3aa3a0dd2fb7.wav,40.175
1674,Hylocharis chrysura,gilhum1,train/01674_Animalia_Chordata_Aves_Caprimulgiformes_Trochilidae_Hylocharis_chrysura/dbd2e37f-7a46-47da-be22-ed43e189a157.wav,27.794
1674,Hylocharis chrysura,gilhum1,train/01674_Animalia_Chordata_Aves_Caprimulgiformes_Trochilidae_Hylocharis_chrysura/dc21c541-57e0-489e-bb02-33feaf69412c.wav,70.609
2256,Aramides ypecaha,giwrai1,train/02256_Animalia_Chordata_Aves_Gruiformes_Rallidae_Aramides_ypecaha/124ab624-f424-42b8-aa87-27eab190212d.wav,115.461
2256,Aramides ypecaha,giwrai1,train/02256_Animalia_Chordata_Aves_Gruiformes_Rallidae_Aramides_ypecaha/185322e7-fffe-4a2c-8be7-e90efec57dcf.wav,5.843
2256,Aramides ypecaha,giwrai1,train/02256_Animalia_Chordata_Aves_Gruiformes_Rallidae_Aramides_ypecaha/285a334c-9e6b-463a-89c5-31d6a9175f37.wav,41.691
2256,Aramides ypecaha,giwrai1,train/02256_Animalia_Chordata_Aves_Gruiformes_Rallidae_Aramides_ypecaha/6deb6747-6bb9-4445-8aae-69ba58fba8e5.wav,11.285
2256,Aramides ypecaha,giwrai1,train/02256_Animalia_Chordata_Aves_Gruiformes_Rallidae_Aramides_ypecaha/770fcccd-cbb8-4681-ac4e-7814cadc677d.wav,59.791
2256,Aramides ypecaha,giwrai1,train/02256_Animalia_Chordata_Aves_Gruiformes_Rallidae_Aramides_ypecaha/7a58c0eb-c0aa-4094-98ae-966121100f73.wav,21.368
2256,Aramides ypecaha,giwrai1,train/02256_Animalia_Chordata_Aves_Gruiformes_Rallidae_Aramides_ypecaha/c5972bfa-ce5d-4396-a24c-65cf0e8a8a44.wav,15.79
2256,Aramides ypecaha,giwrai1,train/02256_Animalia_Chordata_Aves_Gruiformes_Rallidae_Aramides_ypecaha/dc38d41d-917c-4696-a8c0-24057d60dbbd.wav,29.941
2256,Aramides ypecaha,giwrai1,train/02256_Animalia_Chordata_Aves_Gruiformes_Rallidae_Aramides_ypecaha/ed21b778-d27b-4c77-b9b8-a8f75d0d64e4.wav,6.594
2256,Aramides ypecaha,giwrai1,train/02256_Animalia_Chordata_Aves_Gruiformes_Rallidae_Aramides_ypecaha/eda319f3-d691-42f0-b445-5bae0c0b1d19.wav,36.571
1656,Chionomesa fimbriata,glteme1,train/01656_Animalia_Chordata_Aves_Caprimulgiformes_Trochilidae_Chionomesa_fimbriata/a5dabc9f-a3a6-4b40-bd1c-da58cef525f5.wav,62.502
1656,Chionomesa fimbriata,glteme1,train/01656_Animalia_Chordata_Aves_Caprimulgiformes_Trochilidae_Chionomesa_fimbriata/cabf59dc-576f-4270-82e5-fd7d8b97975e.wav,15.229
4200,Saltator coerulescens,grasal3,train/04200_Animalia_Chordata_Aves_Passeriformes_Thraupidae_Saltator_coerulescens/04f48c80-bd6c-4601-9521-b9db159106ce.wav,28.158
4200,Saltator coerulescens,grasal3,train/04200_Animalia_Chordata_Aves_Passeriformes_Thraupidae_Saltator_coerulescens/059d8270-f0b1-42a7-be55-043d83abb9f9.wav,2.664
4200,Saltator coerulescens,grasal3,train/04200_Animalia_Chordata_Aves_Passeriformes_Thraupidae_Saltator_coerulescens/06b054d6-f85b-4aa6-bab1-8133cf6b257e.wav,25.983
4200,Saltator coerulescens,grasal3,train/04200_Animalia_Chordata_Aves_Passeriformes_Thraupidae_Saltator_coerulescens/0898d9f4-828c-416b-9905-8dfe0c2291e6.wav,15.063
4200,Saltator coerulescens,grasal3,train/04200_Animalia_Chordata_Aves_Passeriformes_Thraupidae_Saltator_coerulescens/103a60ab-fc27-4818-a6bc-192320d7aa09.wav,39.381
4200,Saltator coerulescens,grasal3,train/04200_Animalia_Chordata_Aves_Passeriformes_Thraupidae_Saltator_coerulescens/264bc4a9-2d49-4ed2-b625-e73d18eccf27.wav,19.737
4200,Saltator coerulescens,grasal3,train/04200_Animalia_Chordata_Aves_Passeriformes_Thraupidae_Saltator_coerulescens/4b4e713d-b30a-4c22-b369-dcc6dfdeb647.wav,6.069
4200,Saltator coerulescens,grasal3,train/04200_Animalia_Chordata_Aves_Passeriformes_Thraupidae_Saltator_coerulescens/5e1b3b4c-00e8-4a1d-9386-80959dfd5a6c.wav,34.327
4200,Saltator coerulescens,grasal3,train/04200_Animalia_Chordata_Aves_Passeriformes_Thraupidae_Saltator_coerulescens/5e83542d-4be2-458d-8a9f-1f0872b701b2.wav,37.849
4200,Saltator coerulescens,grasal3,train/04200_Animalia_Chordata_Aves_Passeriformes_Thraupidae_Saltator_coerulescens/6101ce41-e4fc-4c96-bd8d-48db026c4156.wav,18.769
4200,Saltator coerulescens,grasal3,train/04200_Animalia_Chordata_Aves_Passeriformes_Thraupidae_Saltator_coerulescens/659067cd-bc05-478f-bf81-2a150addb150.wav,14.82
4200,Saltator coerulescens,grasal3,train/04200_Animalia_Chordata_Aves_Passeriformes_Thraupidae_Saltator_coerulescens/6984c091-532b-46cc-9848-f804b7c92c02.wav,46.266
4200,Saltator coerulescens,grasal3,train/04200_Animalia_Chordata_Aves_Passeriformes_Thraupidae_Saltator_coerulescens/72764ec5-b106-45d9-ade8-87f14b77cdb0.wav,49.128
4200,Saltator coerulescens,grasal3,train/04200_Animalia_Chordata_Aves_Passeriformes_Thraupidae_Saltator_coerulescens/780d882f-d326-4b59-b456-d3458900a2c2.wav,9.878
4200,Saltator coerulescens,grasal3,train/04200_Animalia_Chordata_Aves_Passeriformes_Thraupidae_Saltator_coerulescens/97eaa0ec-ae32-4696-87ee-d57012944527.wav,34.401
4200,Saltator coerulescens,grasal3,train/04200_Animalia_Chordata_Aves_Passeriformes_Thraupidae_Saltator_coerulescens/a1e01dc3-9bed-438b-b075-59a380cb3d89.wav,42.4
4200,Saltator coerulescens,grasal3,train/04200_Animalia_Chordata_Aves_Passeriformes_Thraupidae_Saltator_coerulescens/a49115d7-ff9e-40f7-ba81-27ad215c2088.wav,21.339
4200,Saltator coerulescens,grasal3,train/04200_Animalia_Chordata_Aves_Passeriformes_Thraupidae_Saltator_coerulescens/ae0040c0-57ad-4c90-9057-ddd78f719b94.wav,7.684
4200,Saltator coerulescens,grasal3,train/04200_Animalia_Chordata_Aves_Passeriformes_Thraupidae_Saltator_coerulescens/b7d612ac-d85c-4668-95a0-bbfbd8c38ef3.wav,22.872
4200,Saltator coerulescens,grasal3,train/04200_Animalia_Chordata_Aves_Passeriformes_Thraupidae_Saltator_coerulescens/b9e65dd4-9b0b-461a-ae51-fb117752f416.wav,49.045
4200,Saltator coerulescens,grasal3,train/04200_Animalia_Chordata_Aves_Passeriformes_Thraupidae_Saltator_coerulescens/be765380-fef9-4cb7-8472-5ebe34f37c49.wav,9.603
4200,Saltator coerulescens,grasal3,train/04200_Animalia_Chordata_Aves_Passeriformes_Thraupidae_Saltator_coerulescens/c6b8f844-21fa-4846-a9aa-1cf1cadbf617.wav,8.633
4200,Saltator coerulescens,grasal3,train/04200_Animalia_Chordata_Aves_Passeriformes_Thraupidae_Saltator_coerulescens/c8145a0d-a594-4a49-9ed9-1315a884f54e.wav,28.175
4200,Saltator coerulescens,grasal3,train/04200_Animalia_Chordata_Aves_Passeriformes_Thraupidae_Saltator_coerulescens/d31d75c9-2102-4a65-8e10-63d44115d6f4.wav,18.855
4200,Saltator coerulescens,grasal3,train/04200_Animalia_Chordata_Aves_Passeriformes_Thraupidae_Saltator_coerulescens/d7145b1c-22cd-455c-9ed1-dcdf54d9082b.wav,15.726
4200,Saltator coerulescens,grasal3,train/04200_Animalia_Chordata_Aves_Passeriformes_Thraupidae_Saltator_coerulescens/dc63728e-b5f5-49c0-9119-3b1396facac3.wav,17.183
4200,Saltator coerulescens,grasal3,train/04200_Animalia_Chordata_Aves_Passeriformes_Thraupidae_Saltator_coerulescens/ddfbde97-cd29-4a0a-ad93-60223fcd57ed.wav,17.485
4200,Saltator coerulescens,grasal3,train/04200_Animalia_Chordata_Aves_Passeriformes_Thraupidae_Saltator_coerulescens/e21d8f6e-c5eb-457f-8927-81c21b510c3d.wav,13.696
4200,Saltator coerulescens,grasal3,train/04200_Animalia_Chordata_Aves_Passeriformes_Thraupidae_Saltator_coerulescens/e4167de2-0aff-4f69-8237-7945e4dd3085.wav,31.649
4200,Saltator coerulescens,grasal3,train/04200_Animalia_Chordata_Aves_Passeriformes_Thraupidae_Saltator_coerulescens/eeb44777-cae6-4236-9b69-881f9761eb8d.wav,17.694
4200,Saltator coerulescens,grasal3,train/04200_Animalia_Chordata_Aves_Passeriformes_Thraupidae_Saltator_coerulescens/ef515cdf-107e-403e-be21-a440120fc6b1.wav,47.896
4200,Saltator coerulescens,grasal3,train/04200_Animalia_Chordata_Aves_Passeriformes_Thraupidae_Saltator_coerulescens/f818025a-90a9-4c56-983e-f605b6c3789d.wav,2.374
2047,Crotophaga major,greani1,train/02047_Animalia_Chordata_Aves_Cuculiformes_Cuculidae_Crotophaga_major/1aa061ed-b5cc-4f84-b6e5-8f2731b6e4d5.wav,20.863
2047,Crotophaga major,greani1,train/02047_Animalia_Chordata_Aves_Cuculiformes_Cuculidae_Crotophaga_major/40955a06-05e0-4df6-b555-b260c152c11a.wav,40.272
2047,Crotophaga major,greani1,train/02047_Animalia_Chordata_Aves_Cuculiformes_Cuculidae_Crotophaga_major/a8c31da2-222a-468f-a2ee-6f1a12e2fb9f.wav,7.34
4084,Taraba major,greant1,train/04084_Animalia_Chordata_Aves_Passeriformes_Thamnophilidae_Taraba_major/0bca6400-4aa0-4305-9af4-cd2ba8167326.wav,40.269
4084,Taraba major,greant1,train/04084_Animalia_Chordata_Aves_Passeriformes_Thamnophilidae_Taraba_major/151706c1-f261-4061-9af7-e507dfdb7661.wav,29.675
4084,Taraba major,greant1,train/04084_Animalia_Chordata_Aves_Passeriformes_Thamnophilidae_Taraba_major/1d49dcca-4166-499b-9410-6fba39a9efe1.wav,5.045
4084,Taraba major,greant1,train/04084_Animalia_Chordata_Aves_Passeriformes_Thamnophilidae_Taraba_major/1f1e92d3-f693-4403-8db1-c10f9f611940.wav,51.278
4084,Taraba major,greant1,train/04084_Animalia_Chordata_Aves_Passeriformes_Thamnophilidae_Taraba_major/3f9d7856-9f4e-4db2-b43e-fd8a46a1eb8f.wav,7.513
4084,Taraba major,greant1,train/04084_Animalia_Chordata_Aves_Passeriformes_Thamnophilidae_Taraba_major/4e6ab804-5b9c-4de4-ae85-b5b47217ce5c.wav,39.0
4084,Taraba major,greant1,train/04084_Animalia_Chordata_Aves_Passeriformes_Thamnophilidae_Taraba_major/5ec4ad45-e068-44d4-8785-a7b7e4da9ed6.wav,8.622
4084,Taraba major,greant1,train/04084_Animalia_Chordata_Aves_Passeriformes_Thamnophilidae_Taraba_major/662806a8-f571-4504-a823-7130d18c1611.wav,47.673
4084,Taraba major,greant1,train/04084_Animalia_Chordata_Aves_Passeriformes_Thamnophilidae_Taraba_major/74837564-8c8d-498b-9dcc-ee2a04e6ef2f.wav,37.977
4084,Taraba major,greant1,train/04084_Animalia_Chordata_Aves_Passeriformes_Thamnophilidae_Taraba_major/75d9e937-77c6-4406-9b9b-34d5f99cebc1.wav,11.12
4084,Taraba major,greant1,train/04084_Animalia_Chordata_Aves_Passeriformes_Thamnophilidae_Taraba_major/763e1795-ffa2-4802-ba4a-5348ac04fa25.wav,9.729
4084,Taraba major,greant1,train/04084_Animalia_Chordata_Aves_Passeriformes_Thamnophilidae_Taraba_major/869dfedb-05be-48f4-826d-c91a2b074eab.wav,27.433
4084,Taraba major,greant1,train/04084_Animalia_Chordata_Aves_Passeriformes_Thamnophilidae_Taraba_major/86a2e508-11e3-441e-8151-99d1536a2c5e.wav,44.616
4084,Taraba major,greant1,train/04084_Animalia_Chordata_Aves_Passeriformes_Thamnophilidae_Taraba_major/92adfbb5-6493-4254-a4ac-e2b19c965489.wav,36.401
4084,Taraba major,greant1,train/04084_Animalia_Chordata_Aves_Passeriformes_Thamnophilidae_Taraba_major/a284217f-3782-4c8f-a011-8fa442130877.wav,9.636
4084,Taraba major,greant1,train/04084_Animalia_Chordata_Aves_Passeriformes_Thamnophilidae_Taraba_major/a7729e87-c361-4b5c-8202-9931e0289762.wav,19.691
4084,Taraba major,greant1,train/04084_Animalia_Chordata_Aves_Passeriformes_Thamnophilidae_Taraba_major/ac264e5a-a1c2-4aeb-9bd1-d3f9f863983a.wav,12.779
4084,Taraba major,greant1,train/04084_Animalia_Chordata_Aves_Passeriformes_Thamnophilidae_Taraba_major/ae0a6872-8590-4a71-8fba-41072a71f045.wav,34.364
4084,Taraba major,greant1,train/04084_Animalia_Chordata_Aves_Passeriformes_Thamnophilidae_Taraba_major/b7acb1ed-6aee-4b02-844f-0b16c5c56562.wav,24.085
4084,Taraba major,greant1,train/04084_Animalia_Chordata_Aves_Passeriformes_Thamnophilidae_Taraba_major/bac98aff-b10e-4ce1-81dd-a047ab96e4f0.wav,47.073
4084,Taraba major,greant1,train/04084_Animalia_Chordata_Aves_Passeriformes_Thamnophilidae_Taraba_major/d46f4565-fca8-494d-a7a8-421b1257c653.wav,37.312
4084,Taraba major,greant1,train/04084_Animalia_Chordata_Aves_Passeriformes_Thamnophilidae_Taraba_major/f022546c-eb0c-492d-8bfe-d77ccfec895b.wav,7.091
4084,Taraba major,greant1,train/04084_Animalia_Chordata_Aves_Passeriformes_Thamnophilidae_Taraba_major/f16362a0-23e2-4d7b-a63c-c6494087a0a3.wav,7.917
4084,Taraba major,greant1,train/04084_Animalia_Chordata_Aves_Passeriformes_Thamnophilidae_Taraba_major/f80cb64c-85af-43a9-be6f-00191731d89a.wav,8.712
4084,Taraba major,greant1,train/04084_Animalia_Chordata_Aves_Passeriformes_Thamnophilidae_Taraba_major/f8366ead-5784-4307-8a31-b2e82d0be12c.wav,11.889
4084,Taraba major,greant1,train/04084_Animalia_Chordata_Aves_Passeriformes_Thamnophilidae_Taraba_major/fcddc77b-3afa-48ec-acfe-7c9adb994ac1.wav,40.725
4554,Myiopagis viridicata,greela,train/04554_Animalia_Chordata_Aves_Passeriformes_Tyrannidae_Myiopagis_viridicata/28bb204e-1244-46a5-afff-d98085f2072e.wav,19.679
4554,Myiopagis viridicata,greela,train/04554_Animalia_Chordata_Aves_Passeriformes_Tyrannidae_Myiopagis_viridicata/2e700fe9-e839-4d87-9bcc-017a3e449f39.wav,22.368
4554,Myiopagis viridicata,greela,train/04554_Animalia_Chordata_Aves_Passeriformes_Tyrannidae_Myiopagis_viridicata/2fa21526-6023-4b2a-9d24-6f3ba4f26141.wav,13.683
4554,Myiopagis viridicata,greela,train/04554_Animalia_Chordata_Aves_Passeriformes_Tyrannidae_Myiopagis_viridicata/52999aa0-ce98-4fc7-a1bd-2a73509b0c23.wav,2.116
4554,Myiopagis viridicata,greela,train/04554_Animalia_Chordata_Aves_Passeriformes_Tyrannidae_Myiopagis_viridicata/55e85c7d-eb9a-4ae4-8045-f9b71c28f0cf.wav,4.826
4554,Myiopagis viridicata,greela,train/04554_Animalia_Chordata_Aves_Passeriformes_Tyrannidae_Myiopagis_viridicata/7ec18b95-4bbb-4c56-b001-b94416266e1e.wav,2.333
4554,Myiopagis viridicata,greela,train/04554_Animalia_Chordata_Aves_Passeriformes_Tyrannidae_Myiopagis_viridicata/9f7ea46f-d189-4672-9511-75bccd5066db.wav,1.256
4554,Myiopagis viridicata,greela,train/04554_Animalia_Chordata_Aves_Passeriformes_Tyrannidae_Myiopagis_viridicata/ad4e577c-3895-4bcf-a0f4-9afab3dfd89d.wav,10.958
4554,Myiopagis viridicata,greela,train/04554_Animalia_Chordata_Aves_Passeriformes_Tyrannidae_Myiopagis_viridicata/d6904a52-b0a5-4919-9149-8d05cfc15987.wav,64.752
4584,Pitangus sulphuratus,grekis,train/04584_Animalia_Chordata_Aves_Passeriformes_Tyrannidae_Pitangus_sulphuratus/007cec2f-37ab-4fc5-a794-a477d6932119.wav,2.755
4584,Pitangus sulphuratus,grekis,train/04584_Animalia_Chordata_Aves_Passeriformes_Tyrannidae_Pitangus_sulphuratus/05a97d45-5d48-420a-81a5-b7d0bab4eb85.wav,22.507
4584,Pitangus sulphuratus,grekis,train/04584_Animalia_Chordata_Aves_Passeriformes_Tyrannidae_Pitangus_sulphuratus/0aeef7d9-96d3-421a-af4b-c20a45df0977.wav,10.101
4584,Pitangus sulphuratus,grekis,train/04584_Animalia_Chordata_Aves_Passeriformes_Tyrannidae_Pitangus_sulphuratus/104693cb-74f0-471c-9492-30f67f529754.wav,10.694
4584,Pitangus sulphuratus,grekis,train/04584_Animalia_Chordata_Aves_Passeriformes_Tyrannidae_Pitangus_sulphuratus/11b75fc0-5a09-447b-b690-d902c163df51.wav,15.308
4584,Pitangus sulphuratus,grekis,train/04584_Animalia_Chordata_Aves_Passeriformes_Tyrannidae_Pitangus_sulphuratus/13c6e28f-22cd-4d2b-a661-b2de31cedc5f.wav,18.795
4584,Pitangus sulphuratus,grekis,train/04584_Animalia_Chordata_Aves_Passeriformes_Tyrannidae_Pitangus_sulphuratus/158ab391-93e7-4e8a-8a81-4720c3bf9e7b.wav,25.496
4584,Pitangus sulphuratus,grekis,train/04584_Animalia_Chordata_Aves_Passeriformes_Tyrannidae_Pitangus_sulphuratus/1745dff4-e786-4bfa-a7bd-a3ee263bbe4e.wav,9.854
4584,Pitangus sulphuratus,grekis,train/04584_Animalia_Chordata_Aves_Passeriformes_Tyrannidae_Pitangus_sulphuratus/17a1dc59-2236-4b0e-a3e1-505a935d5b5d.wav,49.984
4584,Pitangus sulphuratus,grekis,train/04584_Animalia_Chordata_Aves_Passeriformes_Tyrannidae_Pitangus_sulphuratus/19f6b555-c91c-4ebd-a9cd-47a854d073d3.wav,41.0
4584,Pitangus sulphuratus,grekis,train/04584_Animalia_Chordata_Aves_Passeriformes_Tyrannidae_Pitangus_sulphuratus/1d01c5e5-c975-4e56-89a3-0ed893a0a522.wav,12.139
4584,Pitangus sulphuratus,grekis,train/04584_Animalia_Chordata_Aves_Passeriformes_Tyrannidae_Pitangus_sulphuratus/1d67bb72-4cb3-4abb-864c-913e5b0cc1ce.wav,5.094
4584,Pitangus sulphuratus,grekis,train/04584_Animalia_Chordata_Aves_Passeriformes_Tyrannidae_Pitangus_sulphuratus/1dd23dc8-3a44-4f06-a0a8-627a59e11474.wav,6.414
4584,Pitangus sulphuratus,grekis,train/04584_Animalia_Chordata_Aves_Passeriformes_Tyrannidae_Pitangus_sulphuratus/1fc92ac7-c94e-41d9-93cd-ac9a7e432a73.wav,15.999
4584,Pitangus sulphuratus,grekis,train/04584_Animalia_Chordata_Aves_Passeriformes_Tyrannidae_Pitangus_sulphuratus/211e95ec-1ab4-45b0-ab76-61cf5ba362b5.wav,88.111
4584,Pitangus sulphuratus,grekis,train/04584_Animalia_Chordata_Aves_Passeriformes_Tyrannidae_Pitangus_sulphuratus/2180689d-7d13-492b-b25f-4d76023ac5e6.wav,13.871
4584,Pitangus sulphuratus,grekis,train/04584_Animalia_Chordata_Aves_Passeriformes_Tyrannidae_Pitangus_sulphuratus/2226a847-d275-438d-ad5e-c6058afedbee.wav,13.421
4584,Pitangus sulphuratus,grekis,train/04584_Animalia_Chordata_Aves_Passeriformes_Tyrannidae_Pitangus_sulphuratus/2392f197-d024-4e1e-b3a4-9921f9cfb80a.wav,45.625
4584,Pitangus sulphuratus,grekis,train/04584_Animalia_Chordata_Aves_Passeriformes_Tyrannidae_Pitangus_sulphuratus/270c7742-6278-4181-9d45-e633a308dd70.wav,21.159
4584,Pitangus sulphuratus,grekis,train/04584_Animalia_Chordata_Aves_Passeriformes_Tyrannidae_Pitangus_sulphuratus/27166ce8-44cc-4850-8b98-d8c13dc2b93f.wav,1.825
4584,Pitangus sulphuratus,grekis,train/04584_Animalia_Chordata_Aves_Passeriformes_Tyrannidae_Pitangus_sulphuratus/299ebc2e-890a-4cf5-a285-9ae5c301413c.wav,12.8
4584,Pitangus sulphuratus,grekis,train/04584_Animalia_Chordata_Aves_Passeriformes_Tyrannidae_Pitangus_sulphuratus/2c46242a-d6e6-4f8f-9c0e-5a6239e43fb0.wav,14.89
4584,Pitangus sulphuratus,grekis,train/04584_Animalia_Chordata_Aves_Passeriformes_Tyrannidae_Pitangus_sulphuratus/2dcd2e82-d083-4569-9d3e-f53e9e34c21c.wav,36.432
4584,Pitangus sulphuratus,grekis,train/04584_Animalia_Chordata_Aves_Passeriformes_Tyrannidae_Pitangus_sulphuratus/2f262054-77f2-41d0-a6b8-d7c489cb6d9c.wav,63.507
4584,Pitangus sulphuratus,grekis,train/04584_Animalia_Chordata_Aves_Passeriformes_Tyrannidae_Pitangus_sulphuratus/32bd3a02-7402-4431-aea1-6b5f85b77fa2.wav,11.459
4584,Pitangus sulphuratus,grekis,train/04584_Animalia_Chordata_Aves_Passeriformes_Tyrannidae_Pitangus_sulphuratus/3428ce7f-a61e-4463-8bd9-83c96b53b64d.wav,11.552
4584,Pitangus sulphuratus,grekis,train/04584_Animalia_Chordata_Aves_Passeriformes_Tyrannidae_Pitangus_sulphuratus/3644f4a3-7199-4fea-a4b6-7e918e10e7d5.wav,11.36
4584,Pitangus sulphuratus,grekis,train/04584_Animalia_Chordata_Aves_Passeriformes_Tyrannidae_Pitangus_sulphuratus/378c1d84-b822-4938-a118-5905e69df6a3.wav,6.504
4584,Pitangus sulphuratus,grekis,train/04584_Animalia_Chordata_Aves_Passeriformes_Tyrannidae_Pitangus_sulphuratus/384235bc-7623-47df-92fc-4e331c1a49e3.wav,17.371
4584,Pitangus sulphuratus,grekis,train/04584_Animalia_Chordata_Aves_Passeriformes_Tyrannidae_Pitangus_sulphuratus/384aa04e-d360-436f-883a-ef16948b64d7.wav,18.176
4584,Pitangus sulphuratus,grekis,train/04584_Animalia_Chordata_Aves_Passeriformes_Tyrannidae_Pitangus_sulphuratus/3a4ce724-9778-4a5f-b80f-70ea2739b60a.wav,8.175
4584,Pitangus sulphuratus,grekis,train/04584_Animalia_Chordata_Aves_Passeriformes_Tyrannidae_Pitangus_sulphuratus/3bc1066c-808c-41d7-8eee-77d408f82420.wav,19.989
4584,Pitangus sulphuratus,grekis,train/04584_Animalia_Chordata_Aves_Passeriformes_Tyrannidae_Pitangus_sulphuratus/3e074edd-b8af-4e35-9f8f-d6ff0b2b3129.wav,30.563
4584,Pitangus sulphuratus,grekis,train/04584_Animalia_Chordata_Aves_Passeriformes_Tyrannidae_Pitangus_sulphuratus/3e3823c4-b448-463f-9b7d-393a48771032.wav,9.493
4584,Pitangus sulphuratus,grekis,train/04584_Animalia_Chordata_Aves_Passeriformes_Tyrannidae_Pitangus_sulphuratus/3f1e2871-8a22-473b-a9ba-8ddbb6522378.wav,16.742
4584,Pitangus sulphuratus,grekis,train/04584_Animalia_Chordata_Aves_Passeriformes_Tyrannidae_Pitangus_sulphuratus/3f451769-5696-4692-985f-5b563d840cb9.wav,18.98
4584,Pitangus sulphuratus,grekis,train/04584_Animalia_Chordata_Aves_Passeriformes_Tyrannidae_Pitangus_sulphuratus/40bd7644-443e-4ce9-8670-1f07e32f666f.wav,35.852
4584,Pitangus sulphuratus,grekis,train/04584_Animalia_Chordata_Aves_Passeriformes_Tyrannidae_Pitangus_sulphuratus/40cdab52-bbbd-40b8-8eec-1fb0ff8873df.wav,29.205
4584,Pitangus sulphuratus,grekis,train/04584_Animalia_Chordata_Aves_Passeriformes_Tyrannidae_Pitangus_sulphuratus/42cc4a97-58ca-4b69-81c4-07a8355e0d6a.wav,18.688
4584,Pitangus sulphuratus,grekis,train/04584_Animalia_Chordata_Aves_Passeriformes_Tyrannidae_Pitangus_sulphuratus/4531e697-0d06-4d50-a21a-56259a73d205.wav,20.689
4584,Pitangus sulphuratus,grekis,train/04584_Animalia_Chordata_Aves_Passeriformes_Tyrannidae_Pitangus_sulphuratus/45e3b921-c01b-433f-bd32-e266688d1798.wav,3.705
4584,Pitangus sulphuratus,grekis,train/04584_Animalia_Chordata_Aves_Passeriformes_Tyrannidae_Pitangus_sulphuratus/48ec4a66-2c66-4de3-aa84-f975e2585e25.wav,15.2
4584,Pitangus sulphuratus,grekis,train/04584_Animalia_Chordata_Aves_Passeriformes_Tyrannidae_Pitangus_sulphuratus/499d7dd6-aba7-4dbc-a5b4-be71c4676e12.wav,7.802
4584,Pitangus sulphuratus,grekis,train/04584_Animalia_Chordata_Aves_Passeriformes_Tyrannidae_Pitangus_sulphuratus/4d4d8d65-bc63-46f2-b4d2-6376bfe8a9c6.wav,24.816
4584,Pitangus sulphuratus,grekis,train/04584_Animalia_Chordata_Aves_Passeriformes_Tyrannidae_Pitangus_sulphuratus/4dcefe33-d152-42f3-99a3-12cbc3b9739f.wav,18.389
4584,Pitangus sulphuratus,grekis,train/04584_Animalia_Chordata_Aves_Passeriformes_Tyrannidae_Pitangus_sulphuratus/4fbe12f3-ba97-4cc9-a003-84775c8ccffd.wav,71.602
4584,Pitangus sulphuratus,grekis,train/04584_Animalia_Chordata_Aves_Passeriformes_Tyrannidae_Pitangus_sulphuratus/50532928-277b-4529-b11f-1631f8752477.wav,14.752
4584,Pitangus sulphuratus,grekis,train/04584_Animalia_Chordata_Aves_Passeriformes_Tyrannidae_Pitangus_sulphuratus/509615cd-4f47-431d-a61f-68d90b4435a7.wav,11.652
4584,Pitangus sulphuratus,grekis,train/04584_Animalia_Chordata_Aves_Passeriformes_Tyrannidae_Pitangus_sulphuratus/522768ba-e814-45e4-a81e-c2ae28340591.wav,43.143
4584,Pitangus sulphuratus,grekis,train/04584_Animalia_Chordata_Aves_Passeriformes_Tyrannidae_Pitangus_sulphuratus/52e5a5fb-277f-4ccb-a074-7d31648cd2c1.wav,13.084
4584,Pitangus sulphuratus,grekis,train/04584_Animalia_Chordata_Aves_Passeriformes_Tyrannidae_Pitangus_sulphuratus/530856a8-4270-4544-ac8a-27de03fe70d6.wav,15.523
4584,Pitangus sulphuratus,grekis,train/04584_Animalia_Chordata_Aves_Passeriformes_Tyrannidae_Pitangus_sulphuratus/54ead08f-aa5b-4e6e-b696-ccda096f3430.wav,43.398
4584,Pitangus sulphuratus,grekis,train/04584_Animalia_Chordata_Aves_Passeriformes_Tyrannidae_Pitangus_sulphuratus/55e2d8c7-3cf2-4b32-a852-f1a0f7fa9248.wav,33.724
4584,Pitangus sulphuratus,grekis,train/04584_Animalia_Chordata_Aves_Passeriformes_Tyrannidae_Pitangus_sulphuratus/56e3b650-cb06-40c2-bb18-645cd9c2f604.wav,17.067
4584,Pitangus sulphuratus,grekis,train/04584_Animalia_Chordata_Aves_Passeriformes_Tyrannidae_Pitangus_sulphuratus/597166df-c881-41a4-86f5-c492640a7aa2.wav,97.338
4584,Pitangus sulphuratus,grekis,train/04584_Animalia_Chordata_Aves_Passeriformes_Tyrannidae_Pitangus_sulphuratus/5af567bf-adb2-495a-94e7-559001ce5184.wav,8.94
4584,Pitangus sulphuratus,grekis,train/04584_Animalia_Chordata_Aves_Passeriformes_Tyrannidae_Pitangus_sulphuratus/5c48b6c1-4d3c-4f27-8534-03d78edf81fd.wav,25.417
4584,Pitangus sulphuratus,grekis,train/04584_Animalia_Chordata_Aves_Passeriformes_Tyrannidae_Pitangus_sulphuratus/6103805d-5c28-45d6-953a-3c4c151afff8.wav,6.008
4584,Pitangus sulphuratus,grekis,train/04584_Animalia_Chordata_Aves_Passeriformes_Tyrannidae_Pitangus_sulphuratus/65120ead-f506-495c-a762-317d0285a3cd.wav,15.882
4584,Pitangus sulphuratus,grekis,train/04584_Animalia_Chordata_Aves_Passeriformes_Tyrannidae_Pitangus_sulphuratus/656e3af9-1f5d-49c7-ac75-8aa77bb5cf0b.wav,20.108
4584,Pitangus sulphuratus,grekis,train/04584_Animalia_Chordata_Aves_Passeriformes_Tyrannidae_Pitangus_sulphuratus/6709fab1-cde5-4ba6-87da-75887ed388ed.wav,19.327
4584,Pitangus sulphuratus,grekis,train/04584_Animalia_Chordata_Aves_Passeriformes_Tyrannidae_Pitangus_sulphuratus/67cdcbc3-4f09-403c-9db5-e5119f2d2b0b.wav,47.16
4584,Pitangus sulphuratus,grekis,train/04584_Animalia_Chordata_Aves_Passeriformes_Tyrannidae_Pitangus_sulphuratus/695b85d2-c1f8-4039-b7c5-3630ad5024f9.wav,2.611
4584,Pitangus sulphuratus,grekis,train/04584_Animalia_Chordata_Aves_Passeriformes_Tyrannidae_Pitangus_sulphuratus/7049b5c4-be49-497f-b3ef-b503a0c4cb48.wav,4.779
4584,Pitangus sulphuratus,grekis,train/04584_Animalia_Chordata_Aves_Passeriformes_Tyrannidae_Pitangus_sulphuratus/705ab3c5-4e3f-4493-b419-436917abd4a2.wav,16.48
4584,Pitangus sulphuratus,grekis,train/04584_Animalia_Chordata_Aves_Passeriformes_Tyrannidae_Pitangus_sulphuratus/71780de8-65b0-4815-9215-d31fbaf736ad.wav,19.18
4584,Pitangus sulphuratus,grekis,train/04584_Animalia_Chordata_Aves_Passeriformes_Tyrannidae_Pitangus_sulphuratus/71b5378e-1e52-46d9-b9c7-6f0a58520468.wav,11.053
4584,Pitangus sulphuratus,grekis,train/04584_Animalia_Chordata_Aves_Passeriformes_Tyrannidae_Pitangus_sulphuratus/7619b613-35f5-49d6-985a-478a2c53eec6.wav,18.715
4584,Pitangus sulphuratus,grekis,train/04584_Animalia_Chordata_Aves_Passeriformes_Tyrannidae_Pitangus_sulphuratus/76d265a0-e573-4452-906f-f8ddee098cd0.wav,44.16
4584,Pitangus sulphuratus,grekis,train/04584_Animalia_Chordata_Aves_Passeriformes_Tyrannidae_Pitangus_sulphuratus/7a501a7d-a63c-48b8-a4ca-89f7c0b5ec44.wav,12.98
4584,Pitangus sulphuratus,grekis,train/04584_Animalia_Chordata_Aves_Passeriformes_Tyrannidae_Pitangus_sulphuratus/7af9995a-f173-45c5-b3dc-345492dc8a89.wav,18.314
4584,Pitangus sulphuratus,grekis,train/04584_Animalia_Chordata_Aves_Passeriformes_Tyrannidae_Pitangus_sulphuratus/7bcb0d6d-2e20-4b08-82b0-d42fb71d8119.wav,12.07
4584,Pitangus sulphuratus,grekis,train/04584_Animalia_Chordata_Aves_Passeriformes_Tyrannidae_Pitangus_sulphuratus/7d618756-8722-40b4-95f8-e3c13620ccbd.wav,19.296
4584,Pitangus sulphuratus,grekis,train/04584_Animalia_Chordata_Aves_Passeriformes_Tyrannidae_Pitangus_sulphuratus/7d7977d2-5182-452d-b55f-a3bb6a266ac8.wav,4.583
4584,Pitangus sulphuratus,grekis,train/04584_Animalia_Chordata_Aves_Passeriformes_Tyrannidae_Pitangus_sulphuratus/7e1033f2-31ae-438c-832d-416386abd14b.wav,3.271
4584,Pitangus sulphuratus,grekis,train/04584_Animalia_Chordata_Aves_Passeriformes_Tyrannidae_Pitangus_sulphuratus/7e5e0323-8273-44bd-adec-734acbfa7ec8.wav,7.708
4584,Pitangus sulphuratus,grekis,train/04584_Animalia_Chordata_Aves_Passeriformes_Tyrannidae_Pitangus_sulphuratus/7e94e293-be88-4846-a71b-13d7e87e6a45.wav,12.16
4584,Pitangus sulphuratus,grekis,train/04584_Animalia_Chordata_Aves_Passeriformes_Tyrannidae_Pitangus_sulphuratus/7ee70cbd-e114-4253-bb29-da99f8b34c3b.wav,15.104
4584,Pitangus sulphuratus,grekis,train/04584_Animalia_Chordata_Aves_Passeriformes_Tyrannidae_Pitangus_sulphuratus/7f22dae2-5a59-4eac-85a4-bbb25e708e8d.wav,25.208
4584,Pitangus sulphuratus,grekis,train/04584_Animalia_Chordata_Aves_Passeriformes_Tyrannidae_Pitangus_sulphuratus/8043cf18-b19a-4860-be29-59783bf7858d.wav,60.511
4584,Pitangus sulphuratus,grekis,train/04584_Animalia_Chordata_Aves_Passeriformes_Tyrannidae_Pitangus_sulphuratus/807fdbe9-d4b8-4e46-8440-0e40041e9bcf.wav,4.362
4584,Pitangus sulphuratus,grekis,train/04584_Animalia_Chordata_Aves_Passeriformes_Tyrannidae_Pitangus_sulphuratus/80f67973-ff09-4d2a-8670-26eb098b4289.wav,20.373
4584,Pitangus sulphuratus,grekis,train/04584_Animalia_Chordata_Aves_Passeriformes_Tyrannidae_Pitangus_sulphuratus/81939a7d-7f43-4dde-9725-bda26a549dd2.wav,17.557
4584,Pitangus sulphuratus,grekis,train/04584_Animalia_Chordata_Aves_Passeriformes_Tyrannidae_Pitangus_sulphuratus/82db57a9-9772-4ce6-8e07-5d4d73c940df.wav,5.748
4584,Pitangus sulphuratus,grekis,train/04584_Animalia_Chordata_Aves_Passeriformes_Tyrannidae_Pitangus_sulphuratus/831d7621-d57c-46bf-9658-86a93963619e.wav,20.532
4584,Pitangus sulphuratus,grekis,train/04584_Animalia_Chordata_Aves_Passeriformes_Tyrannidae_Pitangus_sulphuratus/83b4ceb5-ca18-45cf-bb31-9fb048211fea.wav,16.878
4584,Pitangus sulphuratus,grekis,train/04584_Animalia_Chordata_Aves_Passeriformes_Tyrannidae_Pitangus_sulphuratus/84adf677-d7b4-436b-bd9d-101fb394cfb6.wav,9.429
4584,Pitangus sulphuratus,grekis,train/04584_Animalia_Chordata_Aves_Passeriformes_Tyrannidae_Pitangus_sulphuratus/852edb6a-f402-4251-8631-f177b519a000.wav,6.4
4584,Pitangus sulphuratus,grekis,train/04584_Animalia_Chordata_Aves_Passeriformes_Tyrannidae_Pitangus_sulphuratus/85e4f061-29b8-47c3-9ba6-a30d37496923.wav,10.524
4584,Pitangus sulphuratus,grekis,train/04584_Animalia_Chordata_Aves_Passeriformes_Tyrannidae_Pitangus_sulphuratus/86398b6b-8d58-4173-ac88-0c9ce57a623b.wav,28.403
4584,Pitangus sulphuratus,grekis,train/04584_Animalia_Chordata_Aves_Passeriformes_Tyrannidae_Pitangus_sulphuratus/863a5c51-c9ee-4f44-b192-943ab4e38482.wav,45.0
4584,Pitangus sulphuratus,grekis,train/04584_Animalia_Chordata_Aves_Passeriformes_Tyrannidae_Pitangus_sulphuratus/8858a2cd-fea7-4acc-a778-0b6bf829e7de.wav,22.997
4584,Pitangus sulphuratus,grekis,train/04584_Animalia_Chordata_Aves_Passeriformes_Tyrannidae_Pitangus_sulphuratus/885e7186-68b7-4e61-a217-efc12fbf7d24.wav,17.44
4584,Pitangus sulphuratus,grekis,train/04584_Animalia_Chordata_Aves_Passeriformes_Tyrannidae_Pitangus_sulphuratus/889b18a5-f205-4fd5-9ce6-6afe310e25da.wav,31.3
4584,Pitangus sulphuratus,grekis,train/04584_Animalia_Chordata_Aves_Passeriformes_Tyrannidae_Pitangus_sulphuratus/88ccd4ed-ed69-4587-af06-559254f4c9dd.wav,29.364
4584,Pitangus sulphuratus,grekis,train/04584_Animalia_Chordata_Aves_Passeriformes_Tyrannidae_Pitangus_sulphuratus/88d24e42-7232-4e56-bec4-dcb860d51ef4.wav,18.646
4584,Pitangus sulphuratus,grekis,train/04584_Animalia_Chordata_Aves_Passeriformes_Tyrannidae_Pitangus_sulphuratus/8948c0a4-218a-4ae7-91a8-9dd3691d49e9.wav,5.433
4584,Pitangus sulphuratus,grekis,train/04584_Animalia_Chordata_Aves_Passeriformes_Tyrannidae_Pitangus_sulphuratus/8b007688-169a-4739-94a2-6c682d8b8cbe.wav,11.164
4584,Pitangus sulphuratus,grekis,train/04584_Animalia_Chordata_Aves_Passeriformes_Tyrannidae_Pitangus_sulphuratus/8bef6775-c4ac-4d47-8973-88af2ca45084.wav,10.047
4584,Pitangus sulphuratus,grekis,train/04584_Animalia_Chordata_Aves_Passeriformes_Tyrannidae_Pitangus_sulphuratus/8d86bf8e-46a2-42ea-9d12-70d14c6199b3.wav,57.678
4584,Pitangus sulphuratus,grekis,train/04584_Animalia_Chordata_Aves_Passeriformes_Tyrannidae_Pitangus_sulphuratus/8e7131e1-9f59-4c04-96f2-62c0073d1abf.wav,20.032
4584,Pitangus sulphuratus,grekis,train/04584_Animalia_Chordata_Aves_Passeriformes_Tyrannidae_Pitangus_sulphuratus/8f60094e-cfeb-4255-9b96-33923a17c44f.wav,8.0
4584,Pitangus sulphuratus,grekis,train/04584_Animalia_Chordata_Aves_Passeriformes_Tyrannidae_Pitangus_sulphuratus/9159a070-e1b2-40e6-afcc-19a197d57b83.wav,12.492
4584,Pitangus sulphuratus,grekis,train/04584_Animalia_Chordata_Aves_Passeriformes_Tyrannidae_Pitangus_sulphuratus/93738e48-a8b7-4ab2-8ee1-8cd1ede8efc0.wav,22.314
4584,Pitangus sulphuratus,grekis,train/04584_Animalia_Chordata_Aves_Passeriformes_Tyrannidae_Pitangus_sulphuratus/95b056ac-f7a3-4b4a-a360-76d8c4e78f55.wav,50.782
4584,Pitangus sulphuratus,grekis,train/04584_Animalia_Chordata_Aves_Passeriformes_Tyrannidae_Pitangus_sulphuratus/96f2fb1f-0bc8-4f39-af55-ca97d87ff09b.wav,7.445
4584,Pitangus sulphuratus,grekis,train/04584_Animalia_Chordata_Aves_Passeriformes_Tyrannidae_Pitangus_sulphuratus/973b8cfe-1609-4259-aad1-ceb1daed6961.wav,5.011
4584,Pitangus sulphuratus,grekis,train/04584_Animalia_Chordata_Aves_Passeriformes_Tyrannidae_Pitangus_sulphuratus/98d221db-a98d-499d-951e-26672c21d98b.wav,5.526
4584,Pitangus sulphuratus,grekis,train/04584_Animalia_Chordata_Aves_Passeriformes_Tyrannidae_Pitangus_sulphuratus/9a64221c-8d91-46e2-9bad-6554e30b95d0.wav,138.22
4584,Pitangus sulphuratus,grekis,train/04584_Animalia_Chordata_Aves_Passeriformes_Tyrannidae_Pitangus_sulphuratus/9d0c3fa9-7c17-4727-bdba-335357e04b74.wav,12.678
4584,Pitangus sulphuratus,grekis,train/04584_Animalia_Chordata_Aves_Passeriformes_Tyrannidae_Pitangus_sulphuratus/9ddb38f9-bebe-4851-b1e7-6afbfd14b460.wav,41.221
4584,Pitangus sulphuratus,grekis,train/04584_Animalia_Chordata_Aves_Passeriformes_Tyrannidae_Pitangus_sulphuratus/9f01e5fc-9ed6-4384-8279-f1135df48c02.wav,12.583
4584,Pitangus sulphuratus,grekis,train/04584_Animalia_Chordata_Aves_Passeriformes_Tyrannidae_Pitangus_sulphuratus/9fc557a3-3161-402d-8ca8-78a596302c15.wav,8.661
4584,Pitangus sulphuratus,grekis,train/04584_Animalia_Chordata_Aves_Passeriformes_Tyrannidae_Pitangus_sulphuratus/a1145a1a-f113-4690-8c8c-e358380ba13e.wav,125.411
4584,Pitangus sulphuratus,grekis,train/04584_Animalia_Chordata_Aves_Passeriformes_Tyrannidae_Pitangus_sulphuratus/a5f768f8-78bd-4ea7-bbb8-479ed58d7d2f.wav,16.009
4584,Pitangus sulphuratus,grekis,train/04584_Animalia_Chordata_Aves_Passeriformes_Tyrannidae_Pitangus_sulphuratus/a6041671-e106-4122-ba67-a27182e605a0.wav,9.763
4584,Pitangus sulphuratus,grekis,train/04584_Animalia_Chordata_Aves_Passeriformes_Tyrannidae_Pitangus_sulphuratus/a7dd5ba4-2abe-48b8-aa5a-acf6884410ed.wav,7.083
4584,Pitangus sulphuratus,grekis,train/04584_Animalia_Chordata_Aves_Passeriformes_Tyrannidae_Pitangus_sulphuratus/a81b1ddb-2b59-4ced-8312-11a8f22ac052.wav,4.377
4584,Pitangus sulphuratus,grekis,train/04584_Animalia_Chordata_Aves_Passeriformes_Tyrannidae_Pitangus_sulphuratus/a88885f9-93e5-4dd9-91df-d5547881c694.wav,14.448
4584,Pitangus sulphuratus,grekis,train/04584_Animalia_Chordata_Aves_Passeriformes_Tyrannidae_Pitangus_sulphuratus/aa522800-7bd2-4b19-9e24-791cc4ef589c.wav,22.531
4584,Pitangus sulphuratus,grekis,train/04584_Animalia_Chordata_Aves_Passeriformes_Tyrannidae_Pitangus_sulphuratus/abc8d4ed-c3f8-48b8-97db-9e716412dfbd.wav,8.438
4584,Pitangus sulphuratus,grekis,train/04584_Animalia_Chordata_Aves_Passeriformes_Tyrannidae_Pitangus_sulphuratus/ac7dd514-927c-448c-b009-a48e24022964.wav,18.051
4584,Pitangus sulphuratus,grekis,train/04584_Animalia_Chordata_Aves_Passeriformes_Tyrannidae_Pitangus_sulphuratus/ad536ebb-d1fb-4673-af07-8c7f797237f7.wav,59.507
4584,Pitangus sulphuratus,grekis,train/04584_Animalia_Chordata_Aves_Passeriformes_Tyrannidae_Pitangus_sulphuratus/ad7afba3-fa39-479d-838f-5a68cbf8b5b8.wav,10.292
4584,Pitangus sulphuratus,grekis,train/04584_Animalia_Chordata_Aves_Passeriformes_Tyrannidae_Pitangus_sulphuratus/b258f19f-7295-4a5a-ace9-53f880c5d06e.wav,4.583
4584,Pitangus sulphuratus,grekis,train/04584_Animalia_Chordata_Aves_Passeriformes_Tyrannidae_Pitangus_sulphuratus/b2c7d5e9-b6d1-43ba-8687-e1ee8e19d17b.wav,3.584
4584,Pitangus sulphuratus,grekis,train/04584_Animalia_Chordata_Aves_Passeriformes_Tyrannidae_Pitangus_sulphuratus/b330ac5e-823e-48db-b011-de68e16215ca.wav,31.04
4584,Pitangus sulphuratus,grekis,train/04584_Animalia_Chordata_Aves_Passeriformes_Tyrannidae_Pitangus_sulphuratus/b8f5c16d-c7f4-406d-8774-da5be59fae4b.wav,60.238
4584,Pitangus sulphuratus,grekis,train/04584_Animalia_Chordata_Aves_Passeriformes_Tyrannidae_Pitangus_sulphuratus/b9b7953b-7499-414f-930d-e59eaeb0d1ee.wav,19.753
4584,Pitangus sulphuratus,grekis,train/04584_Animalia_Chordata_Aves_Passeriformes_Tyrannidae_Pitangus_sulphuratus/ba351741-fe5a-4380-b78f-64979142ef68.wav,59.716
4584,Pitangus sulphuratus,grekis,train/04584_Animalia_Chordata_Aves_Passeriformes_Tyrannidae_Pitangus_sulphuratus/bbd8d2bc-919e-4151-be3d-8c3840be2865.wav,5.898
4584,Pitangus sulphuratus,grekis,train/04584_Animalia_Chordata_Aves_Passeriformes_Tyrannidae_Pitangus_sulphuratus/bbdc1d9c-9bd3-4441-9ead-a7cbb1617c1c.wav,20.437
4584,Pitangus sulphuratus,grekis,train/04584_Animalia_Chordata_Aves_Passeriformes_Tyrannidae_Pitangus_sulphuratus/bc88c43c-69e8-4043-9271-e4b69d1cc67f.wav,10.0
4584,Pitangus sulphuratus,grekis,train/04584_Animalia_Chordata_Aves_Passeriformes_Tyrannidae_Pitangus_sulphuratus/bce57352-1a2e-4084-8f55-0f78a62a6f0c.wav,25.147
4584,Pitangus sulphuratus,grekis,train/04584_Animalia_Chordata_Aves_Passeriformes_Tyrannidae_Pitangus_sulphuratus/bd24102d-f700-4193-b9b7-7f50e3aea2d1.wav,63.096
4584,Pitangus sulphuratus,grekis,train/04584_Animalia_Chordata_Aves_Passeriformes_Tyrannidae_Pitangus_sulphuratus/be4b0bf7-3608-4d5b-8dc7-015b8678ea76.wav,26.331
4584,Pitangus sulphuratus,grekis,train/04584_Animalia_Chordata_Aves_Passeriformes_Tyrannidae_Pitangus_sulphuratus/be89c7aa-843d-4f81-b883-f15cf154afa3.wav,23.327
4584,Pitangus sulphuratus,grekis,train/04584_Animalia_Chordata_Aves_Passeriformes_Tyrannidae_Pitangus_sulphuratus/bed32d4d-650d-40ab-8fb0-5066b92d2992.wav,19.488
4584,Pitangus sulphuratus,grekis,train/04584_Animalia_Chordata_Aves_Passeriformes_Tyrannidae_Pitangus_sulphuratus/bf2503cc-d861-4223-826f-765cbeff92f8.wav,3.437
4584,Pitangus sulphuratus,grekis,train/04584_Animalia_Chordata_Aves_Passeriformes_Tyrannidae_Pitangus_sulphuratus/c1d501df-f830-424a-b3d6-78c86761488c.wav,14.745
4584,Pitangus sulphuratus,grekis,train/04584_Animalia_Chordata_Aves_Passeriformes_Tyrannidae_Pitangus_sulphuratus/c2096df5-f6e8-45cf-97ec-dcad5963b434.wav,2.236
4584,Pitangus sulphuratus,grekis,train/04584_Animalia_Chordata_Aves_Passeriformes_Tyrannidae_Pitangus_sulphuratus/c31d4669-f4d3-481e-8e54-6dbb8e4b3baf.wav,10.397
4584,Pitangus sulphuratus,grekis,train/04584_Animalia_Chordata_Aves_Passeriformes_Tyrannidae_Pitangus_sulphuratus/c60dadf4-823f-4383-822a-353439e9b584.wav,17.006
4584,Pitangus sulphuratus,grekis,train/04584_Animalia_Chordata_Aves_Passeriformes_Tyrannidae_Pitangus_sulphuratus/c705227d-91a7-4847-b65e-86aac7a77103.wav,22.531
4584,Pitangus sulphuratus,grekis,train/04584_Animalia_Chordata_Aves_Passeriformes_Tyrannidae_Pitangus_sulphuratus/c7219aba-b3b2-46bf-92bf-e7ba28089604.wav,10.58
4584,Pitangus sulphuratus,grekis,train/04584_Animalia_Chordata_Aves_Passeriformes_Tyrannidae_Pitangus_sulphuratus/c74dbaf6-338d-47de-9372-c8504d59005a.wav,11.072
4584,Pitangus sulphuratus,grekis,train/04584_Animalia_Chordata_Aves_Passeriformes_Tyrannidae_Pitangus_sulphuratus/c855c265-bdd6-44e1-bd70-f89e28c4a1ac.wav,15.744
4584,Pitangus sulphuratus,grekis,train/04584_Animalia_Chordata_Aves_Passeriformes_Tyrannidae_Pitangus_sulphuratus/c861cacc-e431-46c1-8220-50e217522b0f.wav,38.628
4584,Pitangus sulphuratus,grekis,train/04584_Animalia_Chordata_Aves_Passeriformes_Tyrannidae_Pitangus_sulphuratus/c8904077-d61f-44bd-9c17-55e6c99da944.wav,1.695
4584,Pitangus sulphuratus,grekis,train/04584_Animalia_Chordata_Aves_Passeriformes_Tyrannidae_Pitangus_sulphuratus/c9c3a1fc-8bf5-43b4-b59f-dbb7eebf1f22.wav,9.39
4584,Pitangus sulphuratus,grekis,train/04584_Animalia_Chordata_Aves_Passeriformes_Tyrannidae_Pitangus_sulphuratus/cb38cfb5-4639-4088-8060-f6f7afd7c7c5.wav,15.765
4584,Pitangus sulphuratus,grekis,train/04584_Animalia_Chordata_Aves_Passeriformes_Tyrannidae_Pitangus_sulphuratus/cb4a02d3-7d1e-44ea-b892-c6a9f2ff73a1.wav,14.72
4584,Pitangus sulphuratus,grekis,train/04584_Animalia_Chordata_Aves_Passeriformes_Tyrannidae_Pitangus_sulphuratus/ccb0dc70-f381-45b5-a10a-ad740c0ade4a.wav,28.909
4584,Pitangus sulphuratus,grekis,train/04584_Animalia_Chordata_Aves_Passeriformes_Tyrannidae_Pitangus_sulphuratus/cd03bfda-828c-478d-97d1-937d71e465bf.wav,39.21
4584,Pitangus sulphuratus,grekis,train/04584_Animalia_Chordata_Aves_Passeriformes_Tyrannidae_Pitangus_sulphuratus/ce8d537b-9e01-43f6-bfd0-67796c3b48e6.wav,39.555
4584,Pitangus sulphuratus,grekis,train/04584_Animalia_Chordata_Aves_Passeriformes_Tyrannidae_Pitangus_sulphuratus/ced390d0-3855-41e7-abc7-63c180b26e83.wav,55.144
4584,Pitangus sulphuratus,grekis,train/04584_Animalia_Chordata_Aves_Passeriformes_Tyrannidae_Pitangus_sulphuratus/cf4c9ad1-96ca-4382-8201-916ca8fa61d0.wav,26.496
4584,Pitangus sulphuratus,grekis,train/04584_Animalia_Chordata_Aves_Passeriformes_Tyrannidae_Pitangus_sulphuratus/d1d0fea1-1745-43ae-9c33-6a988d35deb9.wav,21.618
4584,Pitangus sulphuratus,grekis,train/04584_Animalia_Chordata_Aves_Passeriformes_Tyrannidae_Pitangus_sulphuratus/d4885a0d-3479-4a33-a70c-1d147c4793ac.wav,6.803
4584,Pitangus sulphuratus,grekis,train/04584_Animalia_Chordata_Aves_Passeriformes_Tyrannidae_Pitangus_sulphuratus/d4d3dbba-4b83-4e0e-bc99-4ef5681e0086.wav,10.584
4584,Pitangus sulphuratus,grekis,train/04584_Animalia_Chordata_Aves_Passeriformes_Tyrannidae_Pitangus_sulphuratus/d7265499-1423-4d0a-a3ef-50f39a4598c7.wav,3.083
4584,Pitangus sulphuratus,grekis,train/04584_Animalia_Chordata_Aves_Passeriformes_Tyrannidae_Pitangus_sulphuratus/d9b3b413-fbc7-42b0-945a-b6e9ac8968f0.wav,123.8
4584,Pitangus sulphuratus,grekis,train/04584_Animalia_Chordata_Aves_Passeriformes_Tyrannidae_Pitangus_sulphuratus/dc60b626-cb59-4f4c-bf42-61e19cff8561.wav,11.555
4584,Pitangus sulphuratus,grekis,train/04584_Animalia_Chordata_Aves_Passeriformes_Tyrannidae_Pitangus_sulphuratus/ddda22df-043c-4e12-877e-f55e842187fe.wav,4.875
4584,Pitangus sulphuratus,grekis,train/04584_Animalia_Chordata_Aves_Passeriformes_Tyrannidae_Pitangus_sulphuratus/dfeeae11-d05f-4b4c-b84f-288d95c9666b.wav,22.312
4584,Pitangus sulphuratus,grekis,train/04584_Animalia_Chordata_Aves_Passeriformes_Tyrannidae_Pitangus_sulphuratus/e1c9983e-ae98-476b-8f9c-7c9dd09b07e1.wav,4.505
4584,Pitangus sulphuratus,grekis,train/04584_Animalia_Chordata_Aves_Passeriformes_Tyrannidae_Pitangus_sulphuratus/e1ced7cf-d766-4e5e-bc2f-acd0052b146f.wav,11.646
4584,Pitangus sulphuratus,grekis,train/04584_Animalia_Chordata_Aves_Passeriformes_Tyrannidae_Pitangus_sulphuratus/e3a731e3-2212-4269-ba8c-742383f5e704.wav,16.579
4584,Pitangus sulphuratus,grekis,train/04584_Animalia_Chordata_Aves_Passeriformes_Tyrannidae_Pitangus_sulphuratus/e4647956-b2dd-4901-823d-0b020a37a9ff.wav,11.703
4584,Pitangus sulphuratus,grekis,train/04584_Animalia_Chordata_Aves_Passeriformes_Tyrannidae_Pitangus_sulphuratus/e5e4c23c-66dc-4cc0-bfad-b1b98f2d591e.wav,18.204
4584,Pitangus sulphuratus,grekis,train/04584_Animalia_Chordata_Aves_Passeriformes_Tyrannidae_Pitangus_sulphuratus/ed97379d-0192-4d9e-9e07-6aa8e3d3d63d.wav,19.184
4584,Pitangus sulphuratus,grekis,train/04584_Animalia_Chordata_Aves_Passeriformes_Tyrannidae_Pitangus_sulphuratus/eda3eb94-ca03-41a0-ac97-ae415a34a365.wav,2.88
4584,Pitangus sulphuratus,grekis,train/04584_Animalia_Chordata_Aves_Passeriformes_Tyrannidae_Pitangus_sulphuratus/edd27848-e72c-4657-aaa6-ee62e36c218f.wav,19.2
4584,Pitangus sulphuratus,grekis,train/04584_Animalia_Chordata_Aves_Passeriformes_Tyrannidae_Pitangus_sulphuratus/ef7bdde0-38d6-4aaf-a047-f12860a6470d.wav,31.208
4584,Pitangus sulphuratus,grekis,train/04584_Animalia_Chordata_Aves_Passeriformes_Tyrannidae_Pitangus_sulphuratus/f0e85388-28ad-4895-a9e8-591fe48c3c84.wav,10.077
4584,Pitangus sulphuratus,grekis,train/04584_Animalia_Chordata_Aves_Passeriformes_Tyrannidae_Pitangus_sulphuratus/f25591da-7795-4e73-870e-461270cbd459.wav,33.0
4584,Pitangus sulphuratus,grekis,train/04584_Animalia_Chordata_Aves_Passeriformes_Tyrannidae_Pitangus_sulphuratus/f26a8c94-9904-4c87-8c44-a6776ccb5356.wav,13.096
4584,Pitangus sulphuratus,grekis,train/04584_Animalia_Chordata_Aves_Passeriformes_Tyrannidae_Pitangus_sulphuratus/f4b0882c-0722-498f-85bc-ae7cfaf5c535.wav,4.232
4584,Pitangus sulphuratus,grekis,train/04584_Animalia_Chordata_Aves_Passeriformes_Tyrannidae_Pitangus_sulphuratus/f4b71319-5cc0-46ad-9f4d-8d68d383c7a4.wav,11.796
4584,Pitangus sulphuratus,grekis,train/04584_Animalia_Chordata_Aves_Passeriformes_Tyrannidae_Pitangus_sulphuratus/f4e4848a-2efe-4235-8fa7-da285344362c.wav,16.091
4584,Pitangus sulphuratus,grekis,train/04584_Animalia_Chordata_Aves_Passeriformes_Tyrannidae_Pitangus_sulphuratus/f5337ede-3d8f-4462-81cb-99268afa0586.wav,11.889
4584,Pitangus sulphuratus,grekis,train/04584_Animalia_Chordata_Aves_Passeriformes_Tyrannidae_Pitangus_sulphuratus/f79a9ff1-d0c0-4036-ae02-edcc77b4cefb.wav,10.278
4584,Pitangus sulphuratus,grekis,train/04584_Animalia_Chordata_Aves_Passeriformes_Tyrannidae_Pitangus_sulphuratus/fa3754c6-2808-464d-b698-b588f544cd6f.wav,12.36
4584,Pitangus sulphuratus,grekis,train/04584_Animalia_Chordata_Aves_Passeriformes_Tyrannidae_Pitangus_sulphuratus/ffa53a7a-dbd9-412f-b7a0-318fffa82768.wav,42.39
1631,Nyctibius grandis,grepot1,train/01631_Animalia_Chordata_Aves_Caprimulgiformes_Nyctibiidae_Nyctibius_grandis/170cc152-500d-4625-bdb9-a0755aaf84f2.wav,51.77
2847,Phacellodomus ruber,gretho2,train/02847_Animalia_Chordata_Aves_Passeriformes_Furnariidae_Phacellodomus_ruber/0e2fb6c4-599b-43ef-9599-0fab9f876795.wav,12.748
2847,Phacellodomus ruber,gretho2,train/02847_Animalia_Chordata_Aves_Passeriformes_Furnariidae_Phacellodomus_ruber/143f6cfc-28d7-4217-beb2-500be6c81055.wav,13.328
2847,Phacellodomus ruber,gretho2,train/02847_Animalia_Chordata_Aves_Passeriformes_Furnariidae_Phacellodomus_ruber/151e0704-a59a-4157-96b9-97927ddaf8d1.wav,22.57
2847,Phacellodomus ruber,gretho2,train/02847_Animalia_Chordata_Aves_Passeriformes_Furnariidae_Phacellodomus_ruber/197e6dcf-48a8-49a7-8b4c-5fd62da4af30.wav,13.259
2847,Phacellodomus ruber,gretho2,train/02847_Animalia_Chordata_Aves_Passeriformes_Furnariidae_Phacellodomus_ruber/1f79ffb8-2133-4d5f-b87a-e0170b43dd56.wav,2.529
2847,Phacellodomus ruber,gretho2,train/02847_Animalia_Chordata_Aves_Passeriformes_Furnariidae_Phacellodomus_ruber/5715c01f-55a1-4a1c-8ebd-831859ba20fc.wav,11.567
2847,Phacellodomus ruber,gretho2,train/02847_Animalia_Chordata_Aves_Passeriformes_Furnariidae_Phacellodomus_ruber/685ed97a-ec5f-4780-8c99-31540408f93b.wav,2.926
2847,Phacellodomus ruber,gretho2,train/02847_Animalia_Chordata_Aves_Passeriformes_Furnariidae_Phacellodomus_ruber/6dad1340-1872-4d3e-9e4b-f3328b79d827.wav,47.972
2847,Phacellodomus ruber,gretho2,train/02847_Animalia_Chordata_Aves_Passeriformes_Furnariidae_Phacellodomus_ruber/7fc48c23-c38d-4af1-9e8a-247a2c817ba3.wav,1.957
2847,Phacellodomus ruber,gretho2,train/02847_Animalia_Chordata_Aves_Passeriformes_Furnariidae_Phacellodomus_ruber/8198f248-3870-4884-886d-9b3af4f7be3d.wav,24.892
2847,Phacellodomus ruber,gretho2,train/02847_Animalia_Chordata_Aves_Passeriformes_Furnariidae_Phacellodomus_ruber/8a71dfb8-5d8d-46ea-9eb2-b41ce141f4c1.wav,19.203
2847,Phacellodomus ruber,gretho2,train/02847_Animalia_Chordata_Aves_Passeriformes_Furnariidae_Phacellodomus_ruber/ac7a0bf6-d343-409c-b115-8c0b247e3cf6.wav,25.912
2847,Phacellodomus ruber,gretho2,train/02847_Animalia_Chordata_Aves_Passeriformes_Furnariidae_Phacellodomus_ruber/c3782a2a-7644-45d0-a3b0-5cd9fb149bfc.wav,15.209
2847,Phacellodomus ruber,gretho2,train/02847_Animalia_Chordata_Aves_Passeriformes_Furnariidae_Phacellodomus_ruber/c96f6c47-b7a1-430f-a57e-8f54283c1690.wav,25.262
2847,Phacellodomus ruber,gretho2,train/02847_Animalia_Chordata_Aves_Passeriformes_Furnariidae_Phacellodomus_ruber/d1cb4402-5d65-4364-a6a4-529cab993797.wav,46.672
2847,Phacellodomus ruber,gretho2,train/02847_Animalia_Chordata_Aves_Passeriformes_Furnariidae_Phacellodomus_ruber/d579798e-d67a-4d60-b092-05add79438c6.wav,21.073
1867,Tringa melanoleuca,greyel,train/01867_Animalia_Chordata_Aves_Charadriiformes_Scolopacidae_Tringa_melanoleuca/0868fa33-87a2-4eed-9ce3-e1feee8a451b.wav,8.803
1867,Tringa melanoleuca,greyel,train/01867_Animalia_Chordata_Aves_Charadriiformes_Scolopacidae_Tringa_melanoleuca/09149daf-343c-464a-a20a-6080aa6edc54.wav,8.367
1867,Tringa melanoleuca,greyel,train/01867_Animalia_Chordata_Aves_Charadriiformes_Scolopacidae_Tringa_melanoleuca/0b10dd96-fd80-462b-892d-76c6a7e3cded.wav,23.638
1867,Tringa melanoleuca,greyel,train/01867_Animalia_Chordata_Aves_Charadriiformes_Scolopacidae_Tringa_melanoleuca/1651d93a-461f-4d43-a5da-87c4c0f38d9b.wav,14.054
1867,Tringa melanoleuca,greyel,train/01867_Animalia_Chordata_Aves_Charadriiformes_Scolopacidae_Tringa_melanoleuca/1b7b5413-4e30-49cb-91fe-473d93f99241.wav,9.728
1867,Tringa melanoleuca,greyel,train/01867_Animalia_Chordata_Aves_Charadriiformes_Scolopacidae_Tringa_melanoleuca/1f506340-ab73-4bd7-9ab9-093dbb690a8a.wav,3.542
1867,Tringa melanoleuca,greyel,train/01867_Animalia_Chordata_Aves_Charadriiformes_Scolopacidae_Tringa_melanoleuca/20286f23-2713-4b85-ad4f-c3282c76f4f0.wav,1.625
1867,Tringa melanoleuca,greyel,train/01867_Animalia_Chordata_Aves_Charadriiformes_Scolopacidae_Tringa_melanoleuca/21c471d0-7c1e-4e15-9eb3-344d0bf7625b.wav,24.334
1867,Tringa melanoleuca,greyel,train/01867_Animalia_Chordata_Aves_Charadriiformes_Scolopacidae_Tringa_melanoleuca/26370a2c-495f-4679-8407-1a21804fb91c.wav,3.264
1867,Tringa melanoleuca,greyel,train/01867_Animalia_Chordata_Aves_Charadriiformes_Scolopacidae_Tringa_melanoleuca/27d01cce-12ad-4035-81b7-915aa6c564b3.wav,1.899
1867,Tringa melanoleuca,greyel,train/01867_Animalia_Chordata_Aves_Charadriiformes_Scolopacidae_Tringa_melanoleuca/293e0bc7-b1bb-40ef-bdc2-1f103b5bb90b.wav,3.521
1867,Tringa melanoleuca,greyel,train/01867_Animalia_Chordata_Aves_Charadriiformes_Scolopacidae_Tringa_melanoleuca/2de0b7f3-71d3-400f-a5ae-77b88cf8f075.wav,5.397
1867,Tringa melanoleuca,greyel,train/01867_Animalia_Chordata_Aves_Charadriiformes_Scolopacidae_Tringa_melanoleuca/34734937-53f8-4bd3-9ebf-00b1460cbb1c.wav,10.321
1867,Tringa melanoleuca,greyel,train/01867_Animalia_Chordata_Aves_Charadriiformes_Scolopacidae_Tringa_melanoleuca/354c8639-405a-4e20-a7ff-3c7f43fc4c27.wav,20.48
1867,Tringa melanoleuca,greyel,train/01867_Animalia_Chordata_Aves_Charadriiformes_Scolopacidae_Tringa_melanoleuca/37b98a36-0107-4390-bab0-825d4d089f6d.wav,13.376
1867,Tringa melanoleuca,greyel,train/01867_Animalia_Chordata_Aves_Charadriiformes_Scolopacidae_Tringa_melanoleuca/3939c101-ba12-4f14-8367-0fb5c04014ac.wav,10.431
1867,Tringa melanoleuca,greyel,train/01867_Animalia_Chordata_Aves_Charadriiformes_Scolopacidae_Tringa_melanoleuca/3947a3b4-0fd1-4a8b-bd16-fff25f85b259.wav,7.976
1867,Tringa melanoleuca,greyel,train/01867_Animalia_Chordata_Aves_Charadriiformes_Scolopacidae_Tringa_melanoleuca/3c72bcc8-4bc2-4233-8bb7-ab92f5fe0b1c.wav,5.833
1867,Tringa melanoleuca,greyel,train/01867_Animalia_Chordata_Aves_Charadriiformes_Scolopacidae_Tringa_melanoleuca/3f9df721-9eda-4a98-83da-78a5bf2ed771.wav,4.574
1867,Tringa melanoleuca,greyel,train/01867_Animalia_Chordata_Aves_Charadriiformes_Scolopacidae_Tringa_melanoleuca/40f872aa-77ea-4d50-b6c9-e17aec27d2d5.wav,14.393
1867,Tringa melanoleuca,greyel,train/01867_Animalia_Chordata_Aves_Charadriiformes_Scolopacidae_Tringa_melanoleuca/41abbec2-7535-4100-ba7c-16acc88f1200.wav,18.197
1867,Tringa melanoleuca,greyel,train/01867_Animalia_Chordata_Aves_Charadriiformes_Scolopacidae_Tringa_melanoleuca/42e73ffc-8207-4a79-8816-b94569ea05ac.wav,10.292
1867,Tringa melanoleuca,greyel,train/01867_Animalia_Chordata_Aves_Charadriiformes_Scolopacidae_Tringa_melanoleuca/436420c4-df9a-4cb9-909c-73be03b13bed.wav,17.148
1867,Tringa melanoleuca,greyel,train/01867_Animalia_Chordata_Aves_Charadriiformes_Scolopacidae_Tringa_melanoleuca/5a8dd8f0-4cfb-4d6f-a6ac-55eef5c8e8bf.wav,8.358
1867,Tringa melanoleuca,greyel,train/01867_Animalia_Chordata_Aves_Charadriiformes_Scolopacidae_Tringa_melanoleuca/5dfce803-08ab-4c03-b13b-1d59d8e2bfdb.wav,18.803
1867,Tringa melanoleuca,greyel,train/01867_Animalia_Chordata_Aves_Charadriiformes_Scolopacidae_Tringa_melanoleuca/5fab41ad-8af3-4689-9381-156f20cd5a38.wav,6.095
1867,Tringa melanoleuca,greyel,train/01867_Animalia_Chordata_Aves_Charadriiformes_Scolopacidae_Tringa_melanoleuca/5fe1732d-5679-4419-8f27-22d6ce505a8f.wav,5.511
1867,Tringa melanoleuca,greyel,train/01867_Animalia_Chordata_Aves_Charadriiformes_Scolopacidae_Tringa_melanoleuca/6358f9b3-3e63-465e-b976-642e22a1e714.wav,29.164
1867,Tringa melanoleuca,greyel,train/01867_Animalia_Chordata_Aves_Charadriiformes_Scolopacidae_Tringa_melanoleuca/64350554-7710-4e0d-b00e-04ef060566af.wav,10.901
1867,Tringa melanoleuca,greyel,train/01867_Animalia_Chordata_Aves_Charadriiformes_Scolopacidae_Tringa_melanoleuca/6630e4d9-354f-4553-9a19-38ea1fe047ea.wav,15.854
1867,Tringa melanoleuca,greyel,train/01867_Animalia_Chordata_Aves_Charadriiformes_Scolopacidae_Tringa_melanoleuca/6a6d8f3b-d04e-4b27-9236-93d563130d83.wav,18.261
1867,Tringa melanoleuca,greyel,train/01867_Animalia_Chordata_Aves_Charadriiformes_Scolopacidae_Tringa_melanoleuca/6d2050e1-c18b-4615-9566-0031d6a73f06.wav,5.062
1867,Tringa melanoleuca,greyel,train/01867_Animalia_Chordata_Aves_Charadriiformes_Scolopacidae_Tringa_melanoleuca/6f37895c-32cf-4fb5-957d-f10fa1e8d8d4.wav,47.231
1867,Tringa melanoleuca,greyel,train/01867_Animalia_Chordata_Aves_Charadriiformes_Scolopacidae_Tringa_melanoleuca/6fe54e95-f303-4641-9a14-3733ea13ef67.wav,2.926
1867,Tringa melanoleuca,greyel,train/01867_Animalia_Chordata_Aves_Charadriiformes_Scolopacidae_Tringa_melanoleuca/76658652-f182-4ed4-b9e4-92e9cc7c2230.wav,26.795
1867,Tringa melanoleuca,greyel,train/01867_Animalia_Chordata_Aves_Charadriiformes_Scolopacidae_Tringa_melanoleuca/769d92c7-28d0-4278-b5d4-f9b1cda7b5f6.wav,12.678
1867,Tringa melanoleuca,greyel,train/01867_Animalia_Chordata_Aves_Charadriiformes_Scolopacidae_Tringa_melanoleuca/7715a374-f5c8-41e1-8470-943ecfbe3b75.wav,2.944
1867,Tringa melanoleuca,greyel,train/01867_Animalia_Chordata_Aves_Charadriiformes_Scolopacidae_Tringa_melanoleuca/7dbb614c-afd5-4e8b-ae6c-9c8c5c6b0e22.wav,6.292
1867,Tringa melanoleuca,greyel,train/01867_Animalia_Chordata_Aves_Charadriiformes_Scolopacidae_Tringa_melanoleuca/8478e008-2909-4e4a-a804-d77df8a1cd7e.wav,6.865
1867,Tringa melanoleuca,greyel,train/01867_Animalia_Chordata_Aves_Charadriiformes_Scolopacidae_Tringa_melanoleuca/8685d0fc-a32a-4287-ac98-8000b073c016.wav,17.009
1867,Tringa melanoleuca,greyel,train/01867_Animalia_Chordata_Aves_Charadriiformes_Scolopacidae_Tringa_melanoleuca/879d5d75-5c95-4b80-978b-b9622be75f7c.wav,54.016
1867,Tringa melanoleuca,greyel,train/01867_Animalia_Chordata_Aves_Charadriiformes_Scolopacidae_Tringa_melanoleuca/8965b0f4-72ae-4fd2-9d44-ff14c8d12eee.wav,25.109
1867,Tringa melanoleuca,greyel,train/01867_Animalia_Chordata_Aves_Charadriiformes_Scolopacidae_Tringa_melanoleuca/8a2f6bd7-4131-427e-be78-f01767b43681.wav,1.92
1867,Tringa melanoleuca,greyel,train/01867_Animalia_Chordata_Aves_Charadriiformes_Scolopacidae_Tringa_melanoleuca/8c8404bf-bee4-491a-8f70-7defd0f4cbcf.wav,4.049
1867,Tringa melanoleuca,greyel,train/01867_Animalia_Chordata_Aves_Charadriiformes_Scolopacidae_Tringa_melanoleuca/91c7058c-35ed-4d89-afd3-3eca7002d642.wav,7.402
1867,Tringa melanoleuca,greyel,train/01867_Animalia_Chordata_Aves_Charadriiformes_Scolopacidae_Tringa_melanoleuca/94253f3d-68d8-4c53-a83e-8624dff131f5.wav,15.048
1867,Tringa melanoleuca,greyel,train/01867_Animalia_Chordata_Aves_Charadriiformes_Scolopacidae_Tringa_melanoleuca/96adf5a7-0afc-4e7d-b4d8-714b440105cf.wav,39.404
1867,Tringa melanoleuca,greyel,train/01867_Animalia_Chordata_Aves_Charadriiformes_Scolopacidae_Tringa_melanoleuca/97231627-2d9b-4996-be09-fe4314100451.wav,3.583
1867,Tringa melanoleuca,greyel,train/01867_Animalia_Chordata_Aves_Charadriiformes_Scolopacidae_Tringa_melanoleuca/9d90aac2-6ba1-4bd5-bbcd-efb8ffdd7be3.wav,4.639
1867,Tringa melanoleuca,greyel,train/01867_Animalia_Chordata_Aves_Charadriiformes_Scolopacidae_Tringa_melanoleuca/a0994586-4c40-482f-be82-306f1f38074b.wav,7.68
1867,Tringa melanoleuca,greyel,train/01867_Animalia_Chordata_Aves_Charadriiformes_Scolopacidae_Tringa_melanoleuca/a3a35d4f-580e-4138-87b2-be942414121e.wav,10.423
1867,Tringa melanoleuca,greyel,train/01867_Animalia_Chordata_Aves_Charadriiformes_Scolopacidae_Tringa_melanoleuca/a5206c07-af08-4312-9d6b-5b3e1615b33e.wav,7.915
1867,Tringa melanoleuca,greyel,train/01867_Animalia_Chordata_Aves_Charadriiformes_Scolopacidae_Tringa_melanoleuca/a5c7ac19-0ced-4fc6-9fd7-2d5c1f54eaf2.wav,11.956
1867,Tringa melanoleuca,greyel,train/01867_Animalia_Chordata_Aves_Charadriiformes_Scolopacidae_Tringa_melanoleuca/a94efa58-7a7c-44da-99ee-8d56b6c40076.wav,2.188
1867,Tringa melanoleuca,greyel,train/01867_Animalia_Chordata_Aves_Charadriiformes_Scolopacidae_Tringa_melanoleuca/abb9d4be-c8cf-471d-bab4-f7ada2af741e.wav,1.176
1867,Tringa melanoleuca,greyel,train/01867_Animalia_Chordata_Aves_Charadriiformes_Scolopacidae_Tringa_melanoleuca/af86f179-c31e-478f-b46f-c6118d8eff8f.wav,7.75
1867,Tringa melanoleuca,greyel,train/01867_Animalia_Chordata_Aves_Charadriiformes_Scolopacidae_Tringa_melanoleuca/b01cc3df-8a38-46b1-b58b-e8ca2bebcbc7.wav,7.083
1867,Tringa melanoleuca,greyel,train/01867_Animalia_Chordata_Aves_Charadriiformes_Scolopacidae_Tringa_melanoleuca/b29465d9-d2b5-4614-adc9-68fd819dd96d.wav,6.912
1867,Tringa melanoleuca,greyel,train/01867_Animalia_Chordata_Aves_Charadriiformes_Scolopacidae_Tringa_melanoleuca/b3284f8c-9b6e-42b2-b52b-dd288b4609ed.wav,15.575
1867,Tringa melanoleuca,greyel,train/01867_Animalia_Chordata_Aves_Charadriiformes_Scolopacidae_Tringa_melanoleuca/b49a967f-35ae-46a4-8e5c-681f2c571fd7.wav,3.372
1867,Tringa melanoleuca,greyel,train/01867_Animalia_Chordata_Aves_Charadriiformes_Scolopacidae_Tringa_melanoleuca/b966f25e-f125-4421-b0a6-b1b8dd1d7148.wav,5.445
1867,Tringa melanoleuca,greyel,train/01867_Animalia_Chordata_Aves_Charadriiformes_Scolopacidae_Tringa_melanoleuca/b9d1a356-a89d-4782-8cd3-2b3087895530.wav,3.608
1867,Tringa melanoleuca,greyel,train/01867_Animalia_Chordata_Aves_Charadriiformes_Scolopacidae_Tringa_melanoleuca/ba7fbf81-09cd-4ca3-9b82-add04ad07a21.wav,2.472
1867,Tringa melanoleuca,greyel,train/01867_Animalia_Chordata_Aves_Charadriiformes_Scolopacidae_Tringa_melanoleuca/be8bd83a-86e2-4a37-8301-987a229d5ac2.wav,2.517
1867,Tringa melanoleuca,greyel,train/01867_Animalia_Chordata_Aves_Charadriiformes_Scolopacidae_Tringa_melanoleuca/c23a2b66-993c-46df-aea2-23469fac1df9.wav,11.969
1867,Tringa melanoleuca,greyel,train/01867_Animalia_Chordata_Aves_Charadriiformes_Scolopacidae_Tringa_melanoleuca/c2a42337-3052-4252-b0ff-2eca4f0951b8.wav,3.03
1867,Tringa melanoleuca,greyel,train/01867_Animalia_Chordata_Aves_Charadriiformes_Scolopacidae_Tringa_melanoleuca/c3216267-e639-411f-a8d8-83dc890224fd.wav,29.336
1867,Tringa melanoleuca,greyel,train/01867_Animalia_Chordata_Aves_Charadriiformes_Scolopacidae_Tringa_melanoleuca/cf714e2a-8aeb-4851-a0aa-cc355f1307a1.wav,9.028
1867,Tringa melanoleuca,greyel,train/01867_Animalia_Chordata_Aves_Charadriiformes_Scolopacidae_Tringa_melanoleuca/cfa13d74-3e90-434b-83cd-cde5beaa22f7.wav,65.109
1867,Tringa melanoleuca,greyel,train/01867_Animalia_Chordata_Aves_Charadriiformes_Scolopacidae_Tringa_melanoleuca/d301b7dd-8f98-4c41-8b4d-81b79e5251a1.wav,6.105
1867,Tringa melanoleuca,greyel,train/01867_Animalia_Chordata_Aves_Charadriiformes_Scolopacidae_Tringa_melanoleuca/d3b25623-a3d2-45f2-9917-6c88ec93c547.wav,7.316
1867,Tringa melanoleuca,greyel,train/01867_Animalia_Chordata_Aves_Charadriiformes_Scolopacidae_Tringa_melanoleuca/d4c8d083-30d1-4d56-980f-25936a7ec93b.wav,43.242
1867,Tringa melanoleuca,greyel,train/01867_Animalia_Chordata_Aves_Charadriiformes_Scolopacidae_Tringa_melanoleuca/d6bb75c6-ec4e-4e26-9972-5e7e47e172b0.wav,21.943
1867,Tringa melanoleuca,greyel,train/01867_Animalia_Chordata_Aves_Charadriiformes_Scolopacidae_Tringa_melanoleuca/d9c807c5-7cb9-4478-ba54-625191f32791.wav,20.364
1867,Tringa melanoleuca,greyel,train/01867_Animalia_Chordata_Aves_Charadriiformes_Scolopacidae_Tringa_melanoleuca/da989885-8a8b-491b-af98-1d02c976fe4e.wav,17.554
1867,Tringa melanoleuca,greyel,train/01867_Animalia_Chordata_Aves_Charadriiformes_Scolopacidae_Tringa_melanoleuca/dda4e958-088b-443e-bff1-dc15f444ba3c.wav,5.229
1867,Tringa melanoleuca,greyel,train/01867_Animalia_Chordata_Aves_Charadriiformes_Scolopacidae_Tringa_melanoleuca/deddea53-2769-4ab1-8960-13f84d59d0d8.wav,29.267
1867,Tringa melanoleuca,greyel,train/01867_Animalia_Chordata_Aves_Charadriiformes_Scolopacidae_Tringa_melanoleuca/e4ec1edb-4dcf-468e-b622-3f4ce2319e31.wav,14.153
1867,Tringa melanoleuca,greyel,train/01867_Animalia_Chordata_Aves_Charadriiformes_Scolopacidae_Tringa_melanoleuca/e781aebe-918c-4b91-a210-a739f0587cd1.wav,24.024
1867,Tringa melanoleuca,greyel,train/01867_Animalia_Chordata_Aves_Charadriiformes_Scolopacidae_Tringa_melanoleuca/e8415c3d-899b-4ee9-b25a-3709bfddcd15.wav,2.752
1867,Tringa melanoleuca,greyel,train/01867_Animalia_Chordata_Aves_Charadriiformes_Scolopacidae_Tringa_melanoleuca/ea71f8f9-405c-4629-afcd-3a7af6f707be.wav,9.288
1867,Tringa melanoleuca,greyel,train/01867_Animalia_Chordata_Aves_Charadriiformes_Scolopacidae_Tringa_melanoleuca/ec6af6e7-6cd6-412a-a471-f14cadce71a5.wav,8.824
1867,Tringa melanoleuca,greyel,train/01867_Animalia_Chordata_Aves_Charadriiformes_Scolopacidae_Tringa_melanoleuca/ee679780-632e-49ea-a034-8bb961845fa4.wav,34.564
1867,Tringa melanoleuca,greyel,train/01867_Animalia_Chordata_Aves_Charadriiformes_Scolopacidae_Tringa_melanoleuca/f032975d-9011-497f-90be-533df4e64e45.wav,11.336
1867,Tringa melanoleuca,greyel,train/01867_Animalia_Chordata_Aves_Charadriiformes_Scolopacidae_Tringa_melanoleuca/f2160e99-339e-4659-9e7e-e11a00d0fd6e.wav,4.208
1867,Tringa melanoleuca,greyel,train/01867_Animalia_Chordata_Aves_Charadriiformes_Scolopacidae_Tringa_melanoleuca/f2758504-2ba8-4b4d-a4e4-d910507e5d78.wav,14.125
1867,Tringa melanoleuca,greyel,train/01867_Animalia_Chordata_Aves_Charadriiformes_Scolopacidae_Tringa_melanoleuca/f2d5aa65-5555-4b25-8cf7-5ce1993a5661.wav,31.383
1867,Tringa melanoleuca,greyel,train/01867_Animalia_Chordata_Aves_Charadriiformes_Scolopacidae_Tringa_melanoleuca/f7b060e2-4cd1-4f6f-9ef0-02b5a6395f1a.wav,27.08
1867,Tringa melanoleuca,greyel,train/01867_Animalia_Chordata_Aves_Charadriiformes_Scolopacidae_Tringa_melanoleuca/f856e030-ec47-4291-8671-8c7450823f03.wav,25.89
1867,Tringa melanoleuca,greyel,train/01867_Animalia_Chordata_Aves_Charadriiformes_Scolopacidae_Tringa_melanoleuca/fa203d16-e03f-4e45-b15e-97c5600a7fb5.wav,3.228
1867,Tringa melanoleuca,greyel,train/01867_Animalia_Chordata_Aves_Charadriiformes_Scolopacidae_Tringa_melanoleuca/ff088931-a51a-41e3-8721-9a8f34618d7a.wav,53.13
1912,Leptotila rufaxilla,grfdov1,train/01912_Animalia_Chordata_Aves_Columbiformes_Columbidae_Leptotila_rufaxilla/0742dffc-d0df-4c07-ac52-f65c23807735.wav,105.991
1912,Leptotila rufaxilla,grfdov1,train/01912_Animalia_Chordata_Aves_Columbiformes_Columbidae_Leptotila_rufaxilla/579cda14-1ce9-4b77-823b-607aed45d5d2.wav,14.088
4156,Eucometis penicillata,grhtan1,train/04156_Animalia_Chordata_Aves_Passeriformes_Thraupidae_Eucometis_penicillata/76352f1b-297c-4a06-b000-38e51d4e60aa.wav,18.913
2253,Aramides cajaneus,gycwor1,train/02253_Animalia_Chordata_Aves_Gruiformes_Rallidae_Aramides_cajaneus/050e4116-623d-44b4-a91c-58b0f9907837.wav,46.19
2253,Aramides cajaneus,gycwor1,train/02253_Animalia_Chordata_Aves_Gruiformes_Rallidae_Aramides_cajaneus/063759ae-c4a5-4df3-939b-b1e6c89ec82e.wav,21.084
2253,Aramides cajaneus,gycwor1,train/02253_Animalia_Chordata_Aves_Gruiformes_Rallidae_Aramides_cajaneus/07b5cb8f-0726-4463-8bd8-c0c7847740c7.wav,15.616
2253,Aramides cajaneus,gycwor1,train/02253_Animalia_Chordata_Aves_Gruiformes_Rallidae_Aramides_cajaneus/18c24c8c-01ce-4a74-b5d2-3b4f23dd2977.wav,16.692
2253,Aramides cajaneus,gycwor1,train/02253_Animalia_Chordata_Aves_Gruiformes_Rallidae_Aramides_cajaneus/1f0d6704-bf52-4f89-bf61-6781bcc75267.wav,69.982
2253,Aramides cajaneus,gycwor1,train/02253_Animalia_Chordata_Aves_Gruiformes_Rallidae_Aramides_cajaneus/271da32e-d5bc-4e20-b4a6-f1c4309baf74.wav,31.254
2253,Aramides cajaneus,gycwor1,train/02253_Animalia_Chordata_Aves_Gruiformes_Rallidae_Aramides_cajaneus/2721d8ea-4ccf-4a9c-8a59-1ec9c9762a00.wav,10.167
2253,Aramides cajaneus,gycwor1,train/02253_Animalia_Chordata_Aves_Gruiformes_Rallidae_Aramides_cajaneus/2d85afd4-08ff-43e4-ab9d-62178ce1e02c.wav,28.282
2253,Aramides cajaneus,gycwor1,train/02253_Animalia_Chordata_Aves_Gruiformes_Rallidae_Aramides_cajaneus/39a7bfc6-8391-4b44-bcdf-f51609fe1b87.wav,13.558
2253,Aramides cajaneus,gycwor1,train/02253_Animalia_Chordata_Aves_Gruiformes_Rallidae_Aramides_cajaneus/4184cca1-674c-4b98-b0cf-a75b5137ea36.wav,28.05
2253,Aramides cajaneus,gycwor1,train/02253_Animalia_Chordata_Aves_Gruiformes_Rallidae_Aramides_cajaneus/4fb9106d-224d-4f4f-b81a-f8fd547fd4a1.wav,21.478
2253,Aramides cajaneus,gycwor1,train/02253_Animalia_Chordata_Aves_Gruiformes_Rallidae_Aramides_cajaneus/5ffb51d3-3445-4563-b0e1-0bb29d4d27b2.wav,54.257
2253,Aramides cajaneus,gycwor1,train/02253_Animalia_Chordata_Aves_Gruiformes_Rallidae_Aramides_cajaneus/60c89bdd-66fb-4e75-b419-aa2f67233837.wav,17.995
2253,Aramides cajaneus,gycwor1,train/02253_Animalia_Chordata_Aves_Gruiformes_Rallidae_Aramides_cajaneus/699cfe72-31cd-4e79-85f5-34b39a546413.wav,50.83
2253,Aramides cajaneus,gycwor1,train/02253_Animalia_Chordata_Aves_Gruiformes_Rallidae_Aramides_cajaneus/6a3e8dd3-1439-43fa-9ced-76b60983a304.wav,8.32
2253,Aramides cajaneus,gycwor1,train/02253_Animalia_Chordata_Aves_Gruiformes_Rallidae_Aramides_cajaneus/7418d2d2-515d-4f50-b9a1-9b435f54093b.wav,116.3
2253,Aramides cajaneus,gycwor1,train/02253_Animalia_Chordata_Aves_Gruiformes_Rallidae_Aramides_cajaneus/7813b43f-58a6-4476-95ba-b09f8555a31d.wav,89.375
2253,Aramides cajaneus,gycwor1,train/02253_Animalia_Chordata_Aves_Gruiformes_Rallidae_Aramides_cajaneus/789057e3-0ca9-47ee-99d9-5ff881a25f3b.wav,68.104
2253,Aramides cajaneus,gycwor1,train/02253_Animalia_Chordata_Aves_Gruiformes_Rallidae_Aramides_cajaneus/791577f0-2d8b-4b61-b0c6-a5beb9933980.wav,12.313
2253,Aramides cajaneus,gycwor1,train/02253_Animalia_Chordata_Aves_Gruiformes_Rallidae_Aramides_cajaneus/7d148985-f673-47ab-a92c-54932f33b0dc.wav,14.838
2253,Aramides cajaneus,gycwor1,train/02253_Animalia_Chordata_Aves_Gruiformes_Rallidae_Aramides_cajaneus/8ad81d7b-9319-4a5a-a675-92d4b20b7698.wav,30.862
2253,Aramides cajaneus,gycwor1,train/02253_Animalia_Chordata_Aves_Gruiformes_Rallidae_Aramides_cajaneus/90fcdb89-9d84-43d5-9256-d83e2acbc8b4.wav,52.541
2253,Aramides cajaneus,gycwor1,train/02253_Animalia_Chordata_Aves_Gruiformes_Rallidae_Aramides_cajaneus/99b4e558-c0bf-4755-860b-d7384adfda1a.wav,33.506
2253,Aramides cajaneus,gycwor1,train/02253_Animalia_Chordata_Aves_Gruiformes_Rallidae_Aramides_cajaneus/9de4282e-192a-4787-8725-aaa1e6115426.wav,38.034
2253,Aramides cajaneus,gycwor1,train/02253_Animalia_Chordata_Aves_Gruiformes_Rallidae_Aramides_cajaneus/9ef64bd5-38fb-42a0-b220-32da35a00cc4.wav,87.125
2253,Aramides cajaneus,gycwor1,train/02253_Animalia_Chordata_Aves_Gruiformes_Rallidae_Aramides_cajaneus/a07f58bb-fb72-4c01-a12c-e1ba9baeb7ca.wav,43.723
2253,Aramides cajaneus,gycwor1,train/02253_Animalia_Chordata_Aves_Gruiformes_Rallidae_Aramides_cajaneus/a2e7d09c-010a-42bf-8b4b-17eb19750955.wav,55.04
2253,Aramides cajaneus,gycwor1,train/02253_Animalia_Chordata_Aves_Gruiformes_Rallidae_Aramides_cajaneus/a7386e91-03ab-4732-a9ea-56b9d80ec8f4.wav,23.429
2253,Aramides cajaneus,gycwor1,train/02253_Animalia_Chordata_Aves_Gruiformes_Rallidae_Aramides_cajaneus/b8dbb127-69a5-4b8e-bd93-1e734f8550a3.wav,9.44
2253,Aramides cajaneus,gycwor1,train/02253_Animalia_Chordata_Aves_Gruiformes_Rallidae_Aramides_cajaneus/c79c2c63-8a95-4b89-a6ec-db83645fc896.wav,12.84
2253,Aramides cajaneus,gycwor1,train/02253_Animalia_Chordata_Aves_Gruiformes_Rallidae_Aramides_cajaneus/d037f72b-395c-4a36-94b1-8ebd1ce0d236.wav,110.123
2253,Aramides cajaneus,gycwor1,train/02253_Animalia_Chordata_Aves_Gruiformes_Rallidae_Aramides_cajaneus/d90e27d8-54dc-4264-9c50-356e4fb10262.wav,11.627
2253,Aramides cajaneus,gycwor1,train/02253_Animalia_Chordata_Aves_Gruiformes_Rallidae_Aramides_cajaneus/dd8c00ce-9685-4105-b8a1-7470b0ad5b2e.wav,10.496
2253,Aramides cajaneus,gycwor1,train/02253_Animalia_Chordata_Aves_Gruiformes_Rallidae_Aramides_cajaneus/e9559708-a74b-4979-9d18-2ad36dcc036a.wav,12.96
2253,Aramides cajaneus,gycwor1,train/02253_Animalia_Chordata_Aves_Gruiformes_Rallidae_Aramides_cajaneus/ea41445e-2a61-43be-9fbc-4c3185a067af.wav,8.858
2253,Aramides cajaneus,gycwor1,train/02253_Animalia_Chordata_Aves_Gruiformes_Rallidae_Aramides_cajaneus/f05548ef-8e27-4740-a8c4-ba8736d6883d.wav,16.64
2253,Aramides cajaneus,gycwor1,train/02253_Animalia_Chordata_Aves_Gruiformes_Rallidae_Aramides_cajaneus/f38d99a1-9726-4a73-bbbf-5f606275a579.wav,18.228
1544,Anhima cornuta,horscr1,train/01544_Animalia_Chordata_Aves_Anseriformes_Anhimidae_Anhima_cornuta/9da8c1f4-611d-4023-b373-7e4f320d03f6.wav,38.469
1544,Anhima cornuta,horscr1,train/01544_Animalia_Chordata_Aves_Anseriformes_Anhimidae_Anhima_cornuta/ade8ce38-8b98-4550-9bf2-322215e15f33.wav,39.419
1544,Anhima cornuta,horscr1,train/01544_Animalia_Chordata_Aves_Anseriformes_Anhimidae_Anhima_cornuta/e3e58309-aebd-4d01-8b42-e86235b9aebf.wav,13.427
3621,Passer domesticus,houspa,train/03621_Animalia_Chordata_Aves_Passeriformes_Passeridae_Passer_domesticus/001e001c-babb-41ff-801a-7a9d43220281.wav,10.728
3621,Passer domesticus,houspa,train/03621_Animalia_Chordata_Aves_Passeriformes_Passeridae_Passer_domesticus/008ca8d7-d957-4ea8-a22b-b383875bc935.wav,13.548
3621,Passer domesticus,houspa,train/03621_Animalia_Chordata_Aves_Passeriformes_Passeridae_Passer_domesticus/00bae12b-b9c6-4ed5-8716-6e88a6f56dc5.wav,8.638
3621,Passer domesticus,houspa,train/03621_Animalia_Chordata_Aves_Passeriformes_Passeridae_Passer_domesticus/0132b544-0125-4ef5-9428-c1be7b910f8f.wav,5.666
3621,Passer domesticus,houspa,train/03621_Animalia_Chordata_Aves_Passeriformes_Passeridae_Passer_domesticus/01b35ccf-3d95-4fbb-ad48-37ff621a6d97.wav,12.907
3621,Passer domesticus,houspa,train/03621_Animalia_Chordata_Aves_Passeriformes_Passeridae_Passer_domesticus/01f4c352-85e3-419f-a048-f91a97ed82dc.wav,5.222
3621,Passer domesticus,houspa,train/03621_Animalia_Chordata_Aves_Passeriformes_Passeridae_Passer_domesticus/02097a83-a756-4c03-8203-641b470a77fc.wav,9.474
3621,Passer domesticus,houspa,train/03621_Animalia_Chordata_Aves_Passeriformes_Passeridae_Passer_domesticus/023e3bfb-1443-492e-bd45-24906c26decd.wav,13.792
3621,Passer domesticus,houspa,train/03621_Animalia_Chordata_Aves_Passeriformes_Passeridae_Passer_domesticus/02766ef3-42e9-4c57-b23f-22bdb014ff51.wav,10.077
3621,Passer domesticus,houspa,train/03621_Animalia_Chordata_Aves_Passeriformes_Passeridae_Passer_domesticus/028af697-56fc-4f14-8347-addae58472a1.wav,4.737
3621,Passer domesticus,houspa,train/03621_Animalia_Chordata_Aves_Passeriformes_Passeridae_Passer_domesticus/02f65781-e6f2-440b-8143-5134a7fbaa9c.wav,12.224
3621,Passer domesticus,houspa,train/03621_Animalia_Chordata_Aves_Passeriformes_Passeridae_Passer_domesticus/03366368-deed-423e-85ea-bed8b1395e33.wav,13.795
3621,Passer domesticus,houspa,train/03621_Animalia_Chordata_Aves_Passeriformes_Passeridae_Passer_domesticus/0386818a-9a89-4d97-be04-da99e5e9e2e2.wav,13.873
3621,Passer domesticus,houspa,train/03621_Animalia_Chordata_Aves_Passeriformes_Passeridae_Passer_domesticus/03a6d002-22a3-43d8-91d1-7081e441ef4d.wav,4.598
3621,Passer domesticus,houspa,train/03621_Animalia_Chordata_Aves_Passeriformes_Passeridae_Passer_domesticus/03f11a57-f503-4aab-9cc9-8a6ee4275860.wav,42.829
3621,Passer domesticus,houspa,train/03621_Animalia_Chordata_Aves_Passeriformes_Passeridae_Passer_domesticus/04e0bb89-d958-4ff8-8ba7-dd3d08673503.wav,23.893
3621,Passer domesticus,houspa,train/03621_Animalia_Chordata_Aves_Passeriformes_Passeridae_Passer_domesticus/04f1801c-863c-4b42-b7d2-5ceec69468f1.wav,25.867
3621,Passer domesticus,houspa,train/03621_Animalia_Chordata_Aves_Passeriformes_Passeridae_Passer_domesticus/04fae5a3-76ce-4ae5-af54-b81d0ca0a4d6.wav,14.791
3621,Passer domesticus,houspa,train/03621_Animalia_Chordata_Aves_Passeriformes_Passeridae_Passer_domesticus/056d6d76-537c-4745-8e82-0128581da2b1.wav,7.523
3621,Passer domesticus,houspa,train/03621_Animalia_Chordata_Aves_Passeriformes_Passeridae_Passer_domesticus/0588ede2-e799-4a83-b2af-e631b97a7f2d.wav,9.183
3621,Passer domesticus,houspa,train/03621_Animalia_Chordata_Aves_Passeriformes_Passeridae_Passer_domesticus/05c61c41-42ed-436e-952b-b7e1b4933fd8.wav,19.968
3621,Passer domesticus,houspa,train/03621_Animalia_Chordata_Aves_Passeriformes_Passeridae_Passer_domesticus/067b529a-333d-4ea0-a669-4649b62a10df.wav,15.36
3621,Passer domesticus,houspa,train/03621_Animalia_Chordata_Aves_Passeriformes_Passeridae_Passer_domesticus/06bf973b-b52a-4fec-8473-9e11cce516fe.wav,16.953
3621,Passer domesticus,houspa,train/03621_Animalia_Chordata_Aves_Passeriformes_Passeridae_Passer_domesticus/06e7fa2b-4022-45fe-861f-5b7aa4a6e933.wav,14.521
3621,Passer domesticus,houspa,train/03621_Animalia_Chordata_Aves_Passeriformes_Passeridae_Passer_domesticus/07224559-25ca-4047-a2cf-6586bedd85dc.wav,5.708
3621,Passer domesticus,houspa,train/03621_Animalia_Chordata_Aves_Passeriformes_Passeridae_Passer_domesticus/07510fed-4769-42f9-85e5-9c02cadc5eda.wav,16.277
3621,Passer domesticus,houspa,train/03621_Animalia_Chordata_Aves_Passeriformes_Passeridae_Passer_domesticus/0793e7ba-2755-4726-93fb-d0d3b25eece0.wav,17.473
3621,Passer domesticus,houspa,train/03621_Animalia_Chordata_Aves_Passeriformes_Passeridae_Passer_domesticus/079bc36e-a7ae-4675-a532-521c1d75f452.wav,8.896
3621,Passer domesticus,houspa,train/03621_Animalia_Chordata_Aves_Passeriformes_Passeridae_Passer_domesticus/0894e2ec-eb37-45c8-8be3-349c8f87ad7e.wav,6.943
3621,Passer domesticus,houspa,train/03621_Animalia_Chordata_Aves_Passeriformes_Passeridae_Passer_domesticus/097be157-46eb-4889-90eb-c87526c8b869.wav,12.288
3621,Passer domesticus,houspa,train/03621_Animalia_Chordata_Aves_Passeriformes_Passeridae_Passer_domesticus/09c0683a-b01f-4e57-b909-6ea7fa7c2343.wav,2.368
3621,Passer domesticus,houspa,train/03621_Animalia_Chordata_Aves_Passeriformes_Passeridae_Passer_domesticus/09e61a10-ef5c-41e1-941b-b5863ee1f998.wav,4.145
3621,Passer domesticus,houspa,train/03621_Animalia_Chordata_Aves_Passeriformes_Passeridae_Passer_domesticus/0a7280b4-8129-4816-8911-c1e4e1b816a7.wav,27.005
3621,Passer domesticus,houspa,train/03621_Animalia_Chordata_Aves_Passeriformes_Passeridae_Passer_domesticus/0afad6a8-20ab-4b7e-aafb-367da6f34769.wav,21.804
3621,Passer domesticus,houspa,train/03621_Animalia_Chordata_Aves_Passeriformes_Passeridae_Passer_domesticus/0b0db486-d834-43d7-9f37-c118244d228a.wav,10.194
3621,Passer domesticus,houspa,train/03621_Animalia_Chordata_Aves_Passeriformes_Passeridae_Passer_domesticus/0b2fde88-7f5d-408e-9fa2-8a6a3217c767.wav,14.07
3621,Passer domesticus,houspa,train/03621_Animalia_Chordata_Aves_Passeriformes_Passeridae_Passer_domesticus/0b62cd12-3d21-454b-bb15-000efed4a20a.wav,27.92
3621,Passer domesticus,houspa,train/03621_Animalia_Chordata_Aves_Passeriformes_Passeridae_Passer_domesticus/0b7d5c1b-b1ee-4d2e-b105-d6b35c4098bb.wav,9.822
3621,Passer domesticus,houspa,train/03621_Animalia_Chordata_Aves_Passeriformes_Passeridae_Passer_domesticus/0bb7afe2-a540-4266-99b8-8236048679b6.wav,8.046
3621,Passer domesticus,houspa,train/03621_Animalia_Chordata_Aves_Passeriformes_Passeridae_Passer_domesticus/0c02488d-a0ef-4193-ae52-e02ea558d55a.wav,13.389
3621,Passer domesticus,houspa,train/03621_Animalia_Chordata_Aves_Passeriformes_Passeridae_Passer_domesticus/0c1fa295-4a3e-4c21-a7e4-dc740b76be61.wav,25.112
3621,Passer domesticus,houspa,train/03621_Animalia_Chordata_Aves_Passeriformes_Passeridae_Passer_domesticus/0c85edbe-92aa-48b4-9c59-5d274e745392.wav,10.16
3621,Passer domesticus,houspa,train/03621_Animalia_Chordata_Aves_Passeriformes_Passeridae_Passer_domesticus/0cbe99b5-5756-41c4-8028-a3c54301f49f.wav,23.661
3621,Passer domesticus,houspa,train/03621_Animalia_Chordata_Aves_Passeriformes_Passeridae_Passer_domesticus/0d15d63f-64ce-4d60-b981-0128ec75f26f.wav,15.209
3621,Passer domesticus,houspa,train/03621_Animalia_Chordata_Aves_Passeriformes_Passeridae_Passer_domesticus/0da85c8e-8af3-4b1b-8498-ba5c03b87cbb.wav,29.318
3621,Passer domesticus,houspa,train/03621_Animalia_Chordata_Aves_Passeriformes_Passeridae_Passer_domesticus/0dc45fd6-7a7a-4403-9a4e-9d1de21ee54c.wav,28.485
3621,Passer domesticus,houspa,train/03621_Animalia_Chordata_Aves_Passeriformes_Passeridae_Passer_domesticus/0e4bd49a-2dd3-486d-a065-0c69d2d53263.wav,3.646
3621,Passer domesticus,houspa,train/03621_Animalia_Chordata_Aves_Passeriformes_Passeridae_Passer_domesticus/0ed14245-9658-431a-a2dc-298b63caecdb.wav,23.51
3621,Passer domesticus,houspa,train/03621_Animalia_Chordata_Aves_Passeriformes_Passeridae_Passer_domesticus/0ee16394-cee0-49b6-a858-0aae986ab920.wav,30.699
3621,Passer domesticus,houspa,train/03621_Animalia_Chordata_Aves_Passeriformes_Passeridae_Passer_domesticus/0f01d592-f246-46d3-bcc2-1fb5af606be7.wav,9.509
3621,Passer domesticus,houspa,train/03621_Animalia_Chordata_Aves_Passeriformes_Passeridae_Passer_domesticus/0f1372a0-774a-4b8a-8dbb-b1b060d52e90.wav,53.044
3621,Passer domesticus,houspa,train/03621_Animalia_Chordata_Aves_Passeriformes_Passeridae_Passer_domesticus/0f524f5f-ffa6-4516-8469-459ad660b76b.wav,3.344
3621,Passer domesticus,houspa,train/03621_Animalia_Chordata_Aves_Passeriformes_Passeridae_Passer_domesticus/0f91190a-b871-444c-90e3-8285b696eebe.wav,27.388
3621,Passer domesticus,houspa,train/03621_Animalia_Chordata_Aves_Passeriformes_Passeridae_Passer_domesticus/1049e7a4-1768-41b4-9ad1-d920bfa30c38.wav,34.709
3621,Passer domesticus,houspa,train/03621_Animalia_Chordata_Aves_Passeriformes_Passeridae_Passer_domesticus/105ae40f-63fd-4d2c-8c95-0170ab5284d3.wav,19.911
3621,Passer domesticus,houspa,train/03621_Animalia_Chordata_Aves_Passeriformes_Passeridae_Passer_domesticus/105fb003-f44b-4d63-8570-3b787c33dc5b.wav,14.08
3621,Passer domesticus,houspa,train/03621_Animalia_Chordata_Aves_Passeriformes_Passeridae_Passer_domesticus/10749bbb-0df2-4576-a13e-e2a20b64da5b.wav,4.83
3621,Passer domesticus,houspa,train/03621_Animalia_Chordata_Aves_Passeriformes_Passeridae_Passer_domesticus/10884527-9a19-4387-8023-673776751cf6.wav,12.198
3621,Passer domesticus,houspa,train/03621_Animalia_Chordata_Aves_Passeriformes_Passeridae_Passer_domesticus/10a722f3-6340-4eab-8c16-5eec21133ca5.wav,10.101
3621,Passer domesticus,houspa,train/03621_Animalia_Chordata_Aves_Passeriformes_Passeridae_Passer_domesticus/11415a4a-8632-42f2-b031-08cf669e3589.wav,30.198
3621,Passer domesticus,houspa,train/03621_Animalia_Chordata_Aves_Passeriformes_Passeridae_Passer_domesticus/115bf53e-8976-4ddd-8556-77b146b59f8e.wav,14.466
3621,Passer domesticus,houspa,train/03621_Animalia_Chordata_Aves_Passeriformes_Passeridae_Passer_domesticus/11839b70-4758-4f11-9f22-2d4c5056f30d.wav,10.24
3621,Passer domesticus,houspa,train/03621_Animalia_Chordata_Aves_Passeriformes_Passeridae_Passer_domesticus/11b45aa5-5fdc-414e-99bc-09efb13b1a6f.wav,8.313
3621,Passer domesticus,houspa,train/03621_Animalia_Chordata_Aves_Passeriformes_Passeridae_Passer_domesticus/11b52ffe-0c20-47f2-a3e1-424e3205c3a5.wav,12.658
3621,Passer domesticus,houspa,train/03621_Animalia_Chordata_Aves_Passeriformes_Passeridae_Passer_domesticus/11c1d952-facd-4353-b834-884ea41b43cb.wav,0.347
3621,Passer domesticus,houspa,train/03621_Animalia_Chordata_Aves_Passeriformes_Passeridae_Passer_domesticus/11d0205c-0585-48d2-b471-5a06bd800990.wav,34.038
3621,Passer domesticus,houspa,train/03621_Animalia_Chordata_Aves_Passeriformes_Passeridae_Passer_domesticus/11f0662c-e839-4241-85f3-c0d3abac57d8.wav,2.75
3621,Passer domesticus,houspa,train/03621_Animalia_Chordata_Aves_Passeriformes_Passeridae_Passer_domesticus/11f36c00-af69-4f35-bbb4-51272b52166d.wav,6.181
3621,Passer domesticus,houspa,train/03621_Animalia_Chordata_Aves_Passeriformes_Passeridae_Passer_domesticus/123a7ce9-3e28-4864-91eb-5d90c7a5fa86.wav,29.907
3621,Passer domesticus,houspa,train/03621_Animalia_Chordata_Aves_Passeriformes_Passeridae_Passer_domesticus/123ac80a-2e52-4b9d-950e-1629946b11ab.wav,28.309
3621,Passer domesticus,houspa,train/03621_Animalia_Chordata_Aves_Passeriformes_Passeridae_Passer_domesticus/127601a2-1a60-4d6d-9587-6a452a4fe226.wav,22.105
3621,Passer domesticus,houspa,train/03621_Animalia_Chordata_Aves_Passeriformes_Passeridae_Passer_domesticus/1285e190-447c-4603-90ba-a7699008564c.wav,5.568
3621,Passer domesticus,houspa,train/03621_Animalia_Chordata_Aves_Passeriformes_Passeridae_Passer_domesticus/12be35bd-9e11-4b25-ba42-a6a34e72eab4.wav,13.042
3621,Passer domesticus,houspa,train/03621_Animalia_Chordata_Aves_Passeriformes_Passeridae_Passer_domesticus/131f880f-c3d4-4831-93d6-3d8298b3835b.wav,21.664
3621,Passer domesticus,houspa,train/03621_Animalia_Chordata_Aves_Passeriformes_Passeridae_Passer_domesticus/137256ea-d0b5-444d-9136-42ae36efb146.wav,5.689
3621,Passer domesticus,houspa,train/03621_Animalia_Chordata_Aves_Passeriformes_Passeridae_Passer_domesticus/1386f557-b1ef-4b07-a7cc-a2796e4e5cd3.wav,30.7
3621,Passer domesticus,houspa,train/03621_Animalia_Chordata_Aves_Passeriformes_Passeridae_Passer_domesticus/13f465af-06e2-4b38-8c79-dbf0f5b3e9b7.wav,6.827
3621,Passer domesticus,houspa,train/03621_Animalia_Chordata_Aves_Passeriformes_Passeridae_Passer_domesticus/13f4cd57-44b0-4073-ba3b-083b4c87418f.wav,15.766
3621,Passer domesticus,houspa,train/03621_Animalia_Chordata_Aves_Passeriformes_Passeridae_Passer_domesticus/140ac77b-6b6b-4f43-966b-830f1799a473.wav,16.742
3621,Passer domesticus,houspa,train/03621_Animalia_Chordata_Aves_Passeriformes_Passeridae_Passer_domesticus/140cb23a-34be-4e29-b413-fe09b84dd742.wav,10.031
3621,Passer domesticus,houspa,train/03621_Animalia_Chordata_Aves_Passeriformes_Passeridae_Passer_domesticus/146c1f64-04e5-48da-b351-e78f7fa6886a.wav,6.841
3621,Passer domesticus,houspa,train/03621_Animalia_Chordata_Aves_Passeriformes_Passeridae_Passer_domesticus/149a7a29-81d6-4d4b-845a-dbf6c02ab46c.wav,5.155
3621,Passer domesticus,houspa,train/03621_Animalia_Chordata_Aves_Passeriformes_Passeridae_Passer_domesticus/14b5fd19-e444-4f50-9ef3-dd1bf066c0e0.wav,12.632
3621,Passer domesticus,houspa,train/03621_Animalia_Chordata_Aves_Passeriformes_Passeridae_Passer_domesticus/14f7153b-03e8-46ff-b369-2fe7a8787bae.wav,72.362
3621,Passer domesticus,houspa,train/03621_Animalia_Chordata_Aves_Passeriformes_Passeridae_Passer_domesticus/153a8626-4297-4950-9d2c-2a2b03076096.wav,5.76
3621,Passer domesticus,houspa,train/03621_Animalia_Chordata_Aves_Passeriformes_Passeridae_Passer_domesticus/155a33d3-8011-44ae-9d92-ec09f168f54b.wav,27.771
3621,Passer domesticus,houspa,train/03621_Animalia_Chordata_Aves_Passeriformes_Passeridae_Passer_domesticus/159b2f82-a06f-45af-b669-1d9d161b2dd7.wav,19.667
3621,Passer domesticus,houspa,train/03621_Animalia_Chordata_Aves_Passeriformes_Passeridae_Passer_domesticus/161b11b4-9ab5-44ab-af82-591ce3f87af6.wav,8.5
3621,Passer domesticus,houspa,train/03621_Animalia_Chordata_Aves_Passeriformes_Passeridae_Passer_domesticus/16573d6f-04f9-4f88-80bc-2b8db3e2831b.wav,14.592
3621,Passer domesticus,houspa,train/03621_Animalia_Chordata_Aves_Passeriformes_Passeridae_Passer_domesticus/16adff86-29f7-4d42-bcc0-b21733532e08.wav,11.297
3621,Passer domesticus,houspa,train/03621_Animalia_Chordata_Aves_Passeriformes_Passeridae_Passer_domesticus/1752cce4-f85e-4a59-80ce-561d5d204900.wav,7.012
3621,Passer domesticus,houspa,train/03621_Animalia_Chordata_Aves_Passeriformes_Passeridae_Passer_domesticus/1799b128-0555-421f-8ac3-a79fe21e10c6.wav,1.681
3621,Passer domesticus,houspa,train/03621_Animalia_Chordata_Aves_Passeriformes_Passeridae_Passer_domesticus/17cc03e3-f4ed-46ae-8d11-819a8930395e.wav,7.721
3621,Passer domesticus,houspa,train/03621_Animalia_Chordata_Aves_Passeriformes_Passeridae_Passer_domesticus/17e53ad5-593e-47d0-9550-45e998d7a448.wav,12.354
3621,Passer domesticus,houspa,train/03621_Animalia_Chordata_Aves_Passeriformes_Passeridae_Passer_domesticus/185362f3-403e-42b4-a9a3-34fe338ad479.wav,7.87
3621,Passer domesticus,houspa,train/03621_Animalia_Chordata_Aves_Passeriformes_Passeridae_Passer_domesticus/186a88f0-805a-43c2-9fe3-02a6b4e6f206.wav,23.336
3621,Passer domesticus,houspa,train/03621_Animalia_Chordata_Aves_Passeriformes_Passeridae_Passer_domesticus/1878ef6c-4910-474d-9cc4-73b8c57dcc64.wav,8.605
3621,Passer domesticus,houspa,train/03621_Animalia_Chordata_Aves_Passeriformes_Passeridae_Passer_domesticus/18c39382-0e1f-4d33-843a-606628128a7e.wav,17.763
3621,Passer domesticus,houspa,train/03621_Animalia_Chordata_Aves_Passeriformes_Passeridae_Passer_domesticus/1916b2e5-5690-4e29-98a2-7a5dba90889c.wav,30.766
3621,Passer domesticus,houspa,train/03621_Animalia_Chordata_Aves_Passeriformes_Passeridae_Passer_domesticus/1987e80a-118e-4f80-801e-012b9b709dbf.wav,10.983
3621,Passer domesticus,houspa,train/03621_Animalia_Chordata_Aves_Passeriformes_Passeridae_Passer_domesticus/198d07df-a34a-4f97-b5c3-2806f463daaa.wav,22.105
3621,Passer domesticus,houspa,train/03621_Animalia_Chordata_Aves_Passeriformes_Passeridae_Passer_domesticus/19a96315-d54b-4e40-be82-109e4d1259e4.wav,10.321
3621,Passer domesticus,houspa,train/03621_Animalia_Chordata_Aves_Passeriformes_Passeridae_Passer_domesticus/19b8321f-4292-43aa-be4e-74f8664b5a7c.wav,9.509
3621,Passer domesticus,houspa,train/03621_Animalia_Chordata_Aves_Passeriformes_Passeridae_Passer_domesticus/19df7fdb-682f-4aef-a229-3c84ee82356e.wav,13.735
3621,Passer domesticus,houspa,train/03621_Animalia_Chordata_Aves_Passeriformes_Passeridae_Passer_domesticus/19ec68c2-8e80-4bb4-ac60-6169a68e9c22.wav,8.94
3621,Passer domesticus,houspa,train/03621_Animalia_Chordata_Aves_Passeriformes_Passeridae_Passer_domesticus/1b193e04-1718-4296-9ed3-de29456712c7.wav,15.848
3621,Passer domesticus,houspa,train/03621_Animalia_Chordata_Aves_Passeriformes_Passeridae_Passer_domesticus/1b82af58-0b52-4b71-9f6e-62fa0e6cadc4.wav,5.056
3621,Passer domesticus,houspa,train/03621_Animalia_Chordata_Aves_Passeriformes_Passeridae_Passer_domesticus/1b844d61-febd-4d0c-933b-d9edbd9a9c03.wav,13.119
3621,Passer domesticus,houspa,train/03621_Animalia_Chordata_Aves_Passeriformes_Passeridae_Passer_domesticus/1b8a3edb-cf38-40f3-9ce9-578e01f48382.wav,10.565
3621,Passer domesticus,houspa,train/03621_Animalia_Chordata_Aves_Passeriformes_Passeridae_Passer_domesticus/1b9c76e6-04d4-4642-8b79-21c16fb5c2c4.wav,41.117
3621,Passer domesticus,houspa,train/03621_Animalia_Chordata_Aves_Passeriformes_Passeridae_Passer_domesticus/1ba6b268-2876-441e-a186-3c945f504872.wav,4.193
3621,Passer domesticus,houspa,train/03621_Animalia_Chordata_Aves_Passeriformes_Passeridae_Passer_domesticus/1be2bf34-b0be-4ff9-9584-3f4b4eaaaa5d.wav,12.109
3621,Passer domesticus,houspa,train/03621_Animalia_Chordata_Aves_Passeriformes_Passeridae_Passer_domesticus/1c31777d-cdca-4c50-8928-14650e8efe5c.wav,10.057
3621,Passer domesticus,houspa,train/03621_Animalia_Chordata_Aves_Passeriformes_Passeridae_Passer_domesticus/1c481f36-6dda-42ce-aef9-3d493de9e1ca.wav,43.05
3621,Passer domesticus,houspa,train/03621_Animalia_Chordata_Aves_Passeriformes_Passeridae_Passer_domesticus/1c73c98e-7ca7-411d-97dc-c0f2b177b281.wav,9.996
3621,Passer domesticus,houspa,train/03621_Animalia_Chordata_Aves_Passeriformes_Passeridae_Passer_domesticus/1c9434fc-35a4-4069-993e-5b6e5922b26f.wav,2.949
3621,Passer domesticus,houspa,train/03621_Animalia_Chordata_Aves_Passeriformes_Passeridae_Passer_domesticus/1cd44aa6-72b9-4789-be41-8b7cfd9f124b.wav,6.525
3621,Passer domesticus,houspa,train/03621_Animalia_Chordata_Aves_Passeriformes_Passeridae_Passer_domesticus/1cf15600-d98d-407f-8da0-32b42f588df3.wav,12.629
3621,Passer domesticus,houspa,train/03621_Animalia_Chordata_Aves_Passeriformes_Passeridae_Passer_domesticus/1d58dc02-042c-4243-a1eb-3da1cf5f2079.wav,14.421
3621,Passer domesticus,houspa,train/03621_Animalia_Chordata_Aves_Passeriformes_Passeridae_Passer_domesticus/1d93a08b-8800-4e2c-9d50-a2547d5df499.wav,5.085
3621,Passer domesticus,houspa,train/03621_Animalia_Chordata_Aves_Passeriformes_Passeridae_Passer_domesticus/1e67c027-779b-45e5-b43f-f69be6a2d756.wav,6.08
3621,Passer domesticus,houspa,train/03621_Animalia_Chordata_Aves_Passeriformes_Passeridae_Passer_domesticus/1e729049-2119-4954-b6c2-f72d28374d2d.wav,9.358
3621,Passer domesticus,houspa,train/03621_Animalia_Chordata_Aves_Passeriformes_Passeridae_Passer_domesticus/1e76bc3a-b789-4a5a-bc00-750ab6cef5ff.wav,16.272
3621,Passer domesticus,houspa,train/03621_Animalia_Chordata_Aves_Passeriformes_Passeridae_Passer_domesticus/1ea8d157-c093-4a68-86a4-c29e50ed3241.wav,27.325
3621,Passer domesticus,houspa,train/03621_Animalia_Chordata_Aves_Passeriformes_Passeridae_Passer_domesticus/1eabcb90-56af-4151-85bb-6e9a299949f1.wav,18.629
3621,Passer domesticus,houspa,train/03621_Animalia_Chordata_Aves_Passeriformes_Passeridae_Passer_domesticus/1f030221-fde9-491f-a46a-c2b5f143bd47.wav,6.445
3621,Passer domesticus,houspa,train/03621_Animalia_Chordata_Aves_Passeriformes_Passeridae_Passer_domesticus/1f2a3131-dbe8-4cde-8913-777db471cdd2.wav,11.749
3621,Passer domesticus,houspa,train/03621_Animalia_Chordata_Aves_Passeriformes_Passeridae_Passer_domesticus/1f689e44-39fc-4a84-9f39-7116adb95d5a.wav,15.441
3621,Passer domesticus,houspa,train/03621_Animalia_Chordata_Aves_Passeriformes_Passeridae_Passer_domesticus/200d17fd-6905-4bc6-a7ca-00741c49b9d3.wav,18.924
3621,Passer domesticus,houspa,train/03621_Animalia_Chordata_Aves_Passeriformes_Passeridae_Passer_domesticus/207c258c-6789-41b3-9cd9-2be2065e3423.wav,67.248
3621,Passer domesticus,houspa,train/03621_Animalia_Chordata_Aves_Passeriformes_Passeridae_Passer_domesticus/20f50ede-0dc2-4a61-83e1-f33a834b9c95.wav,9.311
3621,Passer domesticus,houspa,train/03621_Animalia_Chordata_Aves_Passeriformes_Passeridae_Passer_domesticus/212b0422-7429-43db-9223-ce47ccd6d016.wav,4.042
3621,Passer domesticus,houspa,train/03621_Animalia_Chordata_Aves_Passeriformes_Passeridae_Passer_domesticus/2146f931-63ae-44fc-94b7-6588b96ed310.wav,10.403
3621,Passer domesticus,houspa,train/03621_Animalia_Chordata_Aves_Passeriformes_Passeridae_Passer_domesticus/222fbcb4-729e-46b8-9b2e-53f7012092b0.wav,11.744
3621,Passer domesticus,houspa,train/03621_Animalia_Chordata_Aves_Passeriformes_Passeridae_Passer_domesticus/22409ed2-d687-4ac2-96a6-c0c12fe7db61.wav,6.955
3621,Passer domesticus,houspa,train/03621_Animalia_Chordata_Aves_Passeriformes_Passeridae_Passer_domesticus/224df39d-0968-4a43-ab79-13edf62719af.wav,22.204
3621,Passer domesticus,houspa,train/03621_Animalia_Chordata_Aves_Passeriformes_Passeridae_Passer_domesticus/23abb48b-77ff-4995-b246-30a20586098b.wav,3.135
3621,Passer domesticus,houspa,train/03621_Animalia_Chordata_Aves_Passeriformes_Passeridae_Passer_domesticus/23bc0c17-6e1e-42ff-a257-9748ab687bf1.wav,16.254
3621,Passer domesticus,houspa,train/03621_Animalia_Chordata_Aves_Passeriformes_Passeridae_Passer_domesticus/24200018-e394-4ca4-94cd-1ff28e576dc8.wav,9.899
3621,Passer domesticus,houspa,train/03621_Animalia_Chordata_Aves_Passeriformes_Passeridae_Passer_domesticus/25107ea6-b47b-44e5-bb55-afe30b990322.wav,32.96
3621,Passer domesticus,houspa,train/03621_Animalia_Chordata_Aves_Passeriformes_Passeridae_Passer_domesticus/2570c41c-28a2-4aab-a4dc-2c0391d6c88c.wav,3.947
3621,Passer domesticus,houspa,train/03621_Animalia_Chordata_Aves_Passeriformes_Passeridae_Passer_domesticus/2583a975-2da9-408d-ab0a-1fc4b619dc94.wav,8.87
3621,Passer domesticus,houspa,train/03621_Animalia_Chordata_Aves_Passeriformes_Passeridae_Passer_domesticus/25c2aae5-8521-4c93-b84c-03e3ef507757.wav,11.889
3621,Passer domesticus,houspa,train/03621_Animalia_Chordata_Aves_Passeriformes_Passeridae_Passer_domesticus/26042ed5-ece4-40fb-8d0c-bb91476c7ec8.wav,5.77
3621,Passer domesticus,houspa,train/03621_Animalia_Chordata_Aves_Passeriformes_Passeridae_Passer_domesticus/26260e5d-d5b0-44a9-b0e1-1cc3cc199b1c.wav,10.983
3621,Passer domesticus,houspa,train/03621_Animalia_Chordata_Aves_Passeriformes_Passeridae_Passer_domesticus/264fa536-87da-4101-a014-34687093b824.wav,6.848
3621,Passer domesticus,houspa,train/03621_Animalia_Chordata_Aves_Passeriformes_Passeridae_Passer_domesticus/265f20c6-dbe5-4f00-b8b3-d3e204ac8729.wav,31.509
3621,Passer domesticus,houspa,train/03621_Animalia_Chordata_Aves_Passeriformes_Passeridae_Passer_domesticus/266caf17-76a7-4a12-a637-b7ed0bbbdaee.wav,7.198
3621,Passer domesticus,houspa,train/03621_Animalia_Chordata_Aves_Passeriformes_Passeridae_Passer_domesticus/27911d37-0925-4faa-9097-315c9c447c7e.wav,16.254
3621,Passer domesticus,houspa,train/03621_Animalia_Chordata_Aves_Passeriformes_Passeridae_Passer_domesticus/29137073-50dc-45e9-9ea4-f984096fe0a9.wav,14.42
3621,Passer domesticus,houspa,train/03621_Animalia_Chordata_Aves_Passeriformes_Passeridae_Passer_domesticus/293e79ed-1a79-40f5-bbac-42e18568bc5b.wav,7.245
3621,Passer domesticus,houspa,train/03621_Animalia_Chordata_Aves_Passeriformes_Passeridae_Passer_domesticus/2994fe4f-3c33-4394-a1bf-0bd44bd2e792.wav,3.622
3621,Passer domesticus,houspa,train/03621_Animalia_Chordata_Aves_Passeriformes_Passeridae_Passer_domesticus/299dcc85-aaf4-4db2-9a2b-8dcc1ab3e3d2.wav,14.336
3621,Passer domesticus,houspa,train/03621_Animalia_Chordata_Aves_Passeriformes_Passeridae_Passer_domesticus/2a5d6938-757c-46a3-a06d-0b81f0305a59.wav,26.912
3621,Passer domesticus,houspa,train/03621_Animalia_Chordata_Aves_Passeriformes_Passeridae_Passer_domesticus/2a686341-a24a-4214-b389-82585b71c87c.wav,11.136
3621,Passer domesticus,houspa,train/03621_Animalia_Chordata_Aves_Passeriformes_Passeridae_Passer_domesticus/2a705784-b30a-4422-a05a-717aaf42ef6d.wav,13.955
3621,Passer domesticus,houspa,train/03621_Animalia_Chordata_Aves_Passeriformes_Passeridae_Passer_domesticus/2ae35110-fec4-42a5-bccc-f6a67a106990.wav,32.276
3621,Passer domesticus,houspa,train/03621_Animalia_Chordata_Aves_Passeriformes_Passeridae_Passer_domesticus/2b392fa6-42e9-4db4-a12b-c192f42edf9f.wav,13.354
3621,Passer domesticus,houspa,train/03621_Animalia_Chordata_Aves_Passeriformes_Passeridae_Passer_domesticus/2b58dc97-a7b7-4638-a4ca-f689c8dc739e.wav,5.317
3621,Passer domesticus,houspa,train/03621_Animalia_Chordata_Aves_Passeriformes_Passeridae_Passer_domesticus/2ba17dd9-4244-40d9-9981-51deea794315.wav,16.881
3621,Passer domesticus,houspa,train/03621_Animalia_Chordata_Aves_Passeriformes_Passeridae_Passer_domesticus/2bd086a5-c18b-4380-aa47-a104998ecb91.wav,15.278
3621,Passer domesticus,houspa,train/03621_Animalia_Chordata_Aves_Passeriformes_Passeridae_Passer_domesticus/2be8af8e-bea9-42a6-a8cb-97d009d7b2bf.wav,8.319
3621,Passer domesticus,houspa,train/03621_Animalia_Chordata_Aves_Passeriformes_Passeridae_Passer_domesticus/2c324a69-615c-48bc-a538-db32775f9192.wav,55.505
3621,Passer domesticus,houspa,train/03621_Animalia_Chordata_Aves_Passeriformes_Passeridae_Passer_domesticus/2c347b38-7876-4823-a3db-6ad94c6dcf8a.wav,25.045
3621,Passer domesticus,houspa,train/03621_Animalia_Chordata_Aves_Passeriformes_Passeridae_Passer_domesticus/2c51dbf2-c135-4e65-aa78-667b54f2172a.wav,40.576
3621,Passer domesticus,houspa,train/03621_Animalia_Chordata_Aves_Passeriformes_Passeridae_Passer_domesticus/2c99e6dd-c6d7-4d34-9aa4-7b1bea8dc688.wav,10.24
3621,Passer domesticus,houspa,train/03621_Animalia_Chordata_Aves_Passeriformes_Passeridae_Passer_domesticus/2d2fcb13-cc2e-42c1-a58d-eec9cdd51334.wav,10.411
3621,Passer domesticus,houspa,train/03621_Animalia_Chordata_Aves_Passeriformes_Passeridae_Passer_domesticus/2d3d1585-0972-411b-a20a-e5c84cefd24c.wav,9.845
3621,Passer domesticus,houspa,train/03621_Animalia_Chordata_Aves_Passeriformes_Passeridae_Passer_domesticus/2dafddb0-3bfa-4eef-a7fe-09325c5634cd.wav,13.537
3621,Passer domesticus,houspa,train/03621_Animalia_Chordata_Aves_Passeriformes_Passeridae_Passer_domesticus/2df428aa-78cd-4d59-9823-9fa8f2984c26.wav,12.167
3621,Passer domesticus,houspa,train/03621_Animalia_Chordata_Aves_Passeriformes_Passeridae_Passer_domesticus/2e048211-4a5c-4816-b857-c75a49fa6351.wav,14.507
3621,Passer domesticus,houspa,train/03621_Animalia_Chordata_Aves_Passeriformes_Passeridae_Passer_domesticus/2e1045ef-b934-467d-a875-6f6075a870a0.wav,19.456
3621,Passer domesticus,houspa,train/03621_Animalia_Chordata_Aves_Passeriformes_Passeridae_Passer_domesticus/2e3ea615-ad7c-414b-a2cb-d1e190703f0c.wav,110.527
3621,Passer domesticus,houspa,train/03621_Animalia_Chordata_Aves_Passeriformes_Passeridae_Passer_domesticus/2e4556d8-8803-44c1-9cc9-49aa455681d4.wav,11.842
3621,Passer domesticus,houspa,train/03621_Animalia_Chordata_Aves_Passeriformes_Passeridae_Passer_domesticus/2e793ca5-c175-4fe1-bece-afad8b15e8ee.wav,52.715
3621,Passer domesticus,houspa,train/03621_Animalia_Chordata_Aves_Passeriformes_Passeridae_Passer_domesticus/2f1fa08c-866f-4a56-8af5-08fd91bfdd5d.wav,13.247
3621,Passer domesticus,houspa,train/03621_Animalia_Chordata_Aves_Passeriformes_Passeridae_Passer_domesticus/2f40f8bc-69a8-42ff-9f98-4cf27d97703c.wav,8.491
3621,Passer domesticus,houspa,train/03621_Animalia_Chordata_Aves_Passeriformes_Passeridae_Passer_domesticus/3011b284-3c17-4f45-b7a0-4efeeb5b4866.wav,10.24
3621,Passer domesticus,houspa,train/03621_Animalia_Chordata_Aves_Passeriformes_Passeridae_Passer_domesticus/304ddd49-1c97-4aed-97e0-d822f7f15a42.wav,13.2
3621,Passer domesticus,houspa,train/03621_Animalia_Chordata_Aves_Passeriformes_Passeridae_Passer_domesticus/304e8a49-76fb-465e-82d5-7e2c862d84b2.wav,30.431
3621,Passer domesticus,houspa,train/03621_Animalia_Chordata_Aves_Passeriformes_Passeridae_Passer_domesticus/309b8f96-af01-4bb5-9dd4-785347821a68.wav,16.0
3621,Passer domesticus,houspa,train/03621_Animalia_Chordata_Aves_Passeriformes_Passeridae_Passer_domesticus/30ed4b0c-8277-49ee-9484-b3188fc17914.wav,61.812
3621,Passer domesticus,houspa,train/03621_Animalia_Chordata_Aves_Passeriformes_Passeridae_Passer_domesticus/31972398-574d-4644-9400-14f8854809cb.wav,11.112
3621,Passer domesticus,houspa,train/03621_Animalia_Chordata_Aves_Passeriformes_Passeridae_Passer_domesticus/3200d44c-5cfb-42d0-b1e1-ca63f90baacc.wav,2.861
3621,Passer domesticus,houspa,train/03621_Animalia_Chordata_Aves_Passeriformes_Passeridae_Passer_domesticus/323238f3-da18-4d0a-80c7-a6cc17e6e126.wav,9.257
3621,Passer domesticus,houspa,train/03621_Animalia_Chordata_Aves_Passeriformes_Passeridae_Passer_domesticus/323cf7da-52c4-496d-bc46-7d68301add4c.wav,29.443
3621,Passer domesticus,houspa,train/03621_Animalia_Chordata_Aves_Passeriformes_Passeridae_Passer_domesticus/32525189-9d94-41fa-a904-d7dc1ebc9cde.wav,19.807
3621,Passer domesticus,houspa,train/03621_Animalia_Chordata_Aves_Passeriformes_Passeridae_Passer_domesticus/328b46c5-2582-4708-a23e-ec143acd9362.wav,5.542
3621,Passer domesticus,houspa,train/03621_Animalia_Chordata_Aves_Passeriformes_Passeridae_Passer_domesticus/3299986d-feb1-465e-a61b-7b20ee30dd96.wav,22.144
3621,Passer domesticus,houspa,train/03621_Animalia_Chordata_Aves_Passeriformes_Passeridae_Passer_domesticus/329ba134-664c-414f-bee7-fe15df0d4ada.wav,33.239
3621,Passer domesticus,houspa,train/03621_Animalia_Chordata_Aves_Passeriformes_Passeridae_Passer_domesticus/32c871bb-39de-4d26-8b90-ad916cdb839b.wav,3.483
3621,Passer domesticus,houspa,train/03621_Animalia_Chordata_Aves_Passeriformes_Passeridae_Passer_domesticus/32dfde21-15b6-490d-a374-56050b904e75.wav,11.328
3621,Passer domesticus,houspa,train/03621_Animalia_Chordata_Aves_Passeriformes_Passeridae_Passer_domesticus/331902a5-91a2-418a-9474-90e16972463f.wav,1.387
3621,Passer domesticus,houspa,train/03621_Animalia_Chordata_Aves_Passeriformes_Passeridae_Passer_domesticus/332bdc8e-c5b3-4540-b1dc-a4af6433867d.wav,30.07
3621,Passer domesticus,houspa,train/03621_Animalia_Chordata_Aves_Passeriformes_Passeridae_Passer_domesticus/333713aa-abc5-41f9-8392-e6c818f0e207.wav,4.551
3621,Passer domesticus,houspa,train/03621_Animalia_Chordata_Aves_Passeriformes_Passeridae_Passer_domesticus/33729e3c-3ba6-4197-812e-f08f1bdced8b.wav,7.012
3621,Passer domesticus,houspa,train/03621_Animalia_Chordata_Aves_Passeriformes_Passeridae_Passer_domesticus/34341888-47a3-477e-87eb-64dc74af6a55.wav,6.989
3621,Passer domesticus,houspa,train/03621_Animalia_Chordata_Aves_Passeriformes_Passeridae_Passer_domesticus/34e81551-91a2-43dd-bc8a-4d886ae26071.wav,25.472
3621,Passer domesticus,houspa,train/03621_Animalia_Chordata_Aves_Passeriformes_Passeridae_Passer_domesticus/35010541-4bce-4d36-9a42-776c77ca9aa6.wav,19.76
3621,Passer domesticus,houspa,train/03621_Animalia_Chordata_Aves_Passeriformes_Passeridae_Passer_domesticus/355826d2-2b02-443e-8fe8-213ca5a161ec.wav,7.105
3621,Passer domesticus,houspa,train/03621_Animalia_Chordata_Aves_Passeriformes_Passeridae_Passer_domesticus/355fb998-5aa1-42bc-ab03-7c7c03e155b3.wav,14.413
3621,Passer domesticus,houspa,train/03621_Animalia_Chordata_Aves_Passeriformes_Passeridae_Passer_domesticus/35afd437-36ca-45fb-9793-4e2c0bc14e10.wav,2.554
3621,Passer domesticus,houspa,train/03621_Animalia_Chordata_Aves_Passeriformes_Passeridae_Passer_domesticus/360a854d-6114-407a-aa1b-20c5a47ddc21.wav,41.408
3621,Passer domesticus,houspa,train/03621_Animalia_Chordata_Aves_Passeriformes_Passeridae_Passer_domesticus/3685792d-309c-4ab6-8aac-08b0343245d7.wav,16.128
3621,Passer domesticus,houspa,train/03621_Animalia_Chordata_Aves_Passeriformes_Passeridae_Passer_domesticus/36ec74bf-5320-4978-88ae-09d62f0023cf.wav,10.704
3621,Passer domesticus,houspa,train/03621_Animalia_Chordata_Aves_Passeriformes_Passeridae_Passer_domesticus/372de29d-c356-4800-872f-183c7f2008aa.wav,13.824
3621,Passer domesticus,houspa,train/03621_Animalia_Chordata_Aves_Passeriformes_Passeridae_Passer_domesticus/37512048-2a6d-456b-a887-40bd06b46a55.wav,5.178
3621,Passer domesticus,houspa,train/03621_Animalia_Chordata_Aves_Passeriformes_Passeridae_Passer_domesticus/375a4164-623a-4d4e-b025-28df72617d8f.wav,19.249
3621,Passer domesticus,houspa,train/03621_Animalia_Chordata_Aves_Passeriformes_Passeridae_Passer_domesticus/375f47e8-a44b-4202-85a0-542c21305aa9.wav,7.291
3621,Passer domesticus,houspa,train/03621_Animalia_Chordata_Aves_Passeriformes_Passeridae_Passer_domesticus/377915ce-0b1b-4d99-af2b-d3f56a64cf47.wav,4.928
3621,Passer domesticus,houspa,train/03621_Animalia_Chordata_Aves_Passeriformes_Passeridae_Passer_domesticus/37a5e06c-7177-4228-8920-b2bf9845fb2a.wav,34.106
3621,Passer domesticus,houspa,train/03621_Animalia_Chordata_Aves_Passeriformes_Passeridae_Passer_domesticus/37aba176-587c-47ff-a24b-2a8c50a40cb7.wav,24.59
3621,Passer domesticus,houspa,train/03621_Animalia_Chordata_Aves_Passeriformes_Passeridae_Passer_domesticus/37c1c0f9-6b49-4736-8e69-975bdadc227b.wav,15.929
3621,Passer domesticus,houspa,train/03621_Animalia_Chordata_Aves_Passeriformes_Passeridae_Passer_domesticus/37d7bc76-f596-4e9d-a2c2-0f055f284974.wav,48.065
3621,Passer domesticus,houspa,train/03621_Animalia_Chordata_Aves_Passeriformes_Passeridae_Passer_domesticus/38267410-a489-4e23-8169-881d3d277ddf.wav,11.796
3621,Passer domesticus,houspa,train/03621_Animalia_Chordata_Aves_Passeriformes_Passeridae_Passer_domesticus/38812136-0270-491c-a624-85d87faebc1f.wav,70.217
3621,Passer domesticus,houspa,train/03621_Animalia_Chordata_Aves_Passeriformes_Passeridae_Passer_domesticus/392e7bf2-18a5-403c-bb3f-a90a65fe672a.wav,30.374
3621,Passer domesticus,houspa,train/03621_Animalia_Chordata_Aves_Passeriformes_Passeridae_Passer_domesticus/3967a6c4-3666-41b9-99f0-e28194454eb1.wav,11.285
3621,Passer domesticus,houspa,train/03621_Animalia_Chordata_Aves_Passeriformes_Passeridae_Passer_domesticus/3ab956f7-42dc-4dfe-a468-a248f2b4c69a.wav,3.483
3621,Passer domesticus,houspa,train/03621_Animalia_Chordata_Aves_Passeriformes_Passeridae_Passer_domesticus/3ad5021f-3436-451e-9cc4-e8678ead8b0f.wav,36.525
3621,Passer domesticus,houspa,train/03621_Animalia_Chordata_Aves_Passeriformes_Passeridae_Passer_domesticus/3b4a8dcc-e448-4cc1-9024-df231bbf1580.wav,19.68
3621,Passer domesticus,houspa,train/03621_Animalia_Chordata_Aves_Passeriformes_Passeridae_Passer_domesticus/3b5dda00-b318-4db7-acee-6f749fe1a291.wav,11.453
3621,Passer domesticus,houspa,train/03621_Animalia_Chordata_Aves_Passeriformes_Passeridae_Passer_domesticus/3b8b2a5d-2526-41fd-901d-fb602773465c.wav,3.831
3621,Passer domesticus,houspa,train/03621_Animalia_Chordata_Aves_Passeriformes_Passeridae_Passer_domesticus/3bf9ee5b-980f-49c6-a510-562438c41e78.wav,11.69
3621,Passer domesticus,houspa,train/03621_Animalia_Chordata_Aves_Passeriformes_Passeridae_Passer_domesticus/3c8f4c87-ad75-4d46-b026-b1fc7ac47c81.wav,7.639
3621,Passer domesticus,houspa,train/03621_Animalia_Chordata_Aves_Passeriformes_Passeridae_Passer_domesticus/3cb2b557-cdcf-48dc-8ea8-189232546231.wav,26.006
3621,Passer domesticus,houspa,train/03621_Animalia_Chordata_Aves_Passeriformes_Passeridae_Passer_domesticus/3cce4a9b-fc96-4986-83dd-aac69c83486a.wav,5.542
3621,Passer domesticus,houspa,train/03621_Animalia_Chordata_Aves_Passeriformes_Passeridae_Passer_domesticus/3ce958cc-416d-42b0-98bb-9c231ec799cf.wav,43.642
3621,Passer domesticus,houspa,train/03621_Animalia_Chordata_Aves_Passeriformes_Passeridae_Passer_domesticus/3cf0570f-1b2d-4eb4-a935-c67bd8447eed.wav,13.189
3621,Passer domesticus,houspa,train/03621_Animalia_Chordata_Aves_Passeriformes_Passeridae_Passer_domesticus/3d152ee5-ebf2-4a7f-be5a-20652c654622.wav,8.777
3621,Passer domesticus,houspa,train/03621_Animalia_Chordata_Aves_Passeriformes_Passeridae_Passer_domesticus/3d17c1ca-2a4a-432a-82c9-629b0c18cbd4.wav,9.033
3621,Passer domesticus,houspa,train/03621_Animalia_Chordata_Aves_Passeriformes_Passeridae_Passer_domesticus/3d3bb84a-8062-4d38-b2f1-27d7d57df696.wav,13.896
3621,Passer domesticus,houspa,train/03621_Animalia_Chordata_Aves_Passeriformes_Passeridae_Passer_domesticus/3d5661c2-da51-42a1-8ae3-a6508e1cc4b2.wav,16.661
3621,Passer domesticus,houspa,train/03621_Animalia_Chordata_Aves_Passeriformes_Passeridae_Passer_domesticus/3d9cef6a-cc7b-4dc7-a427-f10ca7135ff7.wav,11.703
3621,Passer domesticus,houspa,train/03621_Animalia_Chordata_Aves_Passeriformes_Passeridae_Passer_domesticus/3dada651-4940-47c6-b597-3b1f1c9f16cc.wav,6.997
3621,Passer domesticus,houspa,train/03621_Animalia_Chordata_Aves_Passeriformes_Passeridae_Passer_domesticus/3de7563d-cf4e-4a64-acf8-b6903eade53d.wav,11.229
3621,Passer domesticus,houspa,train/03621_Animalia_Chordata_Aves_Passeriformes_Passeridae_Passer_domesticus/3e069d5a-3679-4d6c-a0e7-092694748d8f.wav,16.039
3621,Passer domesticus,houspa,train/03621_Animalia_Chordata_Aves_Passeriformes_Passeridae_Passer_domesticus/3e1140b0-9d48-41e6-8ab8-9473fb625462.wav,8.218
3621,Passer domesticus,houspa,train/03621_Animalia_Chordata_Aves_Passeriformes_Passeridae_Passer_domesticus/3e602496-6043-47cf-9221-db4b371bf892.wav,18.263
3621,Passer domesticus,houspa,train/03621_Animalia_Chordata_Aves_Passeriformes_Passeridae_Passer_domesticus/3e615113-d8f7-40f2-9639-b7d424e4bc14.wav,5.596
3621,Passer domesticus,houspa,train/03621_Animalia_Chordata_Aves_Passeriformes_Passeridae_Passer_domesticus/3e9ca721-4b5e-4780-b699-18029d67fd85.wav,17.624
3621,Passer domesticus,houspa,train/03621_Animalia_Chordata_Aves_Passeriformes_Passeridae_Passer_domesticus/3ebee343-c977-4ca0-8e19-5872f628f0fd.wav,4.551
3621,Passer domesticus,houspa,train/03621_Animalia_Chordata_Aves_Passeriformes_Passeridae_Passer_domesticus/3f78b32c-719b-41b5-a755-15fbf3728896.wav,11.521
3621,Passer domesticus,houspa,train/03621_Animalia_Chordata_Aves_Passeriformes_Passeridae_Passer_domesticus/40005044-6bd8-4211-ba6c-c1a34ac1a821.wav,11.053
3621,Passer domesticus,houspa,train/03621_Animalia_Chordata_Aves_Passeriformes_Passeridae_Passer_domesticus/4028b781-97d7-464e-b4ce-f52d653e6670.wav,4.544
3621,Passer domesticus,houspa,train/03621_Animalia_Chordata_Aves_Passeriformes_Passeridae_Passer_domesticus/40403c34-9163-4290-b84c-4079db032bf4.wav,7.019
3621,Passer domesticus,houspa,train/03621_Animalia_Chordata_Aves_Passeriformes_Passeridae_Passer_domesticus/40bd8ce6-eb18-4b95-9d9a-c8dd31445a85.wav,9.125
3621,Passer domesticus,houspa,train/03621_Animalia_Chordata_Aves_Passeriformes_Passeridae_Passer_domesticus/40e80363-ccb4-408c-b721-8cda2816ce23.wav,40.542
3621,Passer domesticus,houspa,train/03621_Animalia_Chordata_Aves_Passeriformes_Passeridae_Passer_domesticus/41b77a0d-e1c5-4a32-9ac7-5d2dda7e264b.wav,33.857
3621,Passer domesticus,houspa,train/03621_Animalia_Chordata_Aves_Passeriformes_Passeridae_Passer_domesticus/41f06fab-ac83-4b58-aebd-578ee7fab39f.wav,7.384
3621,Passer domesticus,houspa,train/03621_Animalia_Chordata_Aves_Passeriformes_Passeridae_Passer_domesticus/420da995-94d2-4969-9961-6fa73cb429aa.wav,3.265
3621,Passer domesticus,houspa,train/03621_Animalia_Chordata_Aves_Passeriformes_Passeridae_Passer_domesticus/423203bf-1ae8-49bb-9da3-5bd878609473.wav,6.23
3621,Passer domesticus,houspa,train/03621_Animalia_Chordata_Aves_Passeriformes_Passeridae_Passer_domesticus/4271f53e-987a-459d-8b00-a7f6d32c3780.wav,11.912
3621,Passer domesticus,houspa,train/03621_Animalia_Chordata_Aves_Passeriformes_Passeridae_Passer_domesticus/42f03807-3ec5-46a8-8ee2-96d4fe44e5b1.wav,59.485
3621,Passer domesticus,houspa,train/03621_Animalia_Chordata_Aves_Passeriformes_Passeridae_Passer_domesticus/42f970f7-4700-4c85-83d1-ad59ecedb030.wav,13.541
3621,Passer domesticus,houspa,train/03621_Animalia_Chordata_Aves_Passeriformes_Passeridae_Passer_domesticus/435677e4-6846-4865-8ff3-163924271ffa.wav,5.132
3621,Passer domesticus,houspa,train/03621_Animalia_Chordata_Aves_Passeriformes_Passeridae_Passer_domesticus/436151a5-947f-49de-8ce7-a8cdde118cc2.wav,13.517
3621,Passer domesticus,houspa,train/03621_Animalia_Chordata_Aves_Passeriformes_Passeridae_Passer_domesticus/43714b92-3986-4588-99f3-dd88996cc391.wav,8.064
3621,Passer domesticus,houspa,train/03621_Animalia_Chordata_Aves_Passeriformes_Passeridae_Passer_domesticus/43890e21-7800-479f-a604-607fc98df1b9.wav,5.806
3621,Passer domesticus,houspa,train/03621_Animalia_Chordata_Aves_Passeriformes_Passeridae_Passer_domesticus/4441b872-0847-4d15-886a-39513ecfaf57.wav,4.889
3621,Passer domesticus,houspa,train/03621_Animalia_Chordata_Aves_Passeriformes_Passeridae_Passer_domesticus/448f9a1a-cbce-414d-ac0f-97e577f81d58.wav,13.41
3621,Passer domesticus,houspa,train/03621_Animalia_Chordata_Aves_Passeriformes_Passeridae_Passer_domesticus/44c7f47b-4483-44f7-88f4-24c99907a391.wav,9.92
3621,Passer domesticus,houspa,train/03621_Animalia_Chordata_Aves_Passeriformes_Passeridae_Passer_domesticus/44ca1be5-1397-41cd-b955-0e883cc9e4f8.wav,13.735
3621,Passer domesticus,houspa,train/03621_Animalia_Chordata_Aves_Passeriformes_Passeridae_Passer_domesticus/45017e5d-b463-4491-b026-184c97bfdc0d.wav,7.639
3621,Passer domesticus,houspa,train/03621_Animalia_Chordata_Aves_Passeriformes_Passeridae_Passer_domesticus/453119de-0db7-4f7c-8188-fba634483cdc.wav,12.771
3621,Passer domesticus,houspa,train/03621_Animalia_Chordata_Aves_Passeriformes_Passeridae_Passer_domesticus/453d9c15-257f-4df1-ac9c-90795966301d.wav,2.786
3621,Passer domesticus,houspa,train/03621_Animalia_Chordata_Aves_Passeriformes_Passeridae_Passer_domesticus/45ca7a83-1e00-4b83-83be-8be4310c4763.wav,4.992
3621,Passer domesticus,houspa,train/03621_Animalia_Chordata_Aves_Passeriformes_Passeridae_Passer_domesticus/46656b0b-5cea-4983-b5eb-85663fba8441.wav,28.765
3621,Passer domesticus,houspa,train/03621_Animalia_Chordata_Aves_Passeriformes_Passeridae_Passer_domesticus/46662d42-b04b-4672-8c29-cb78a6529ea5.wav,13.421
3621,Passer domesticus,houspa,train/03621_Animalia_Chordata_Aves_Passeriformes_Passeridae_Passer_domesticus/47bf528d-de23-4d4b-9d4b-654c6e4e6a90.wav,22.245
3621,Passer domesticus,houspa,train/03621_Animalia_Chordata_Aves_Passeriformes_Passeridae_Passer_domesticus/47fd4d3a-d1b1-44e5-b2e7-a4dfdadd11b3.wav,33.288
3621,Passer domesticus,houspa,train/03621_Animalia_Chordata_Aves_Passeriformes_Passeridae_Passer_domesticus/4807dbc1-9e0a-4aac-ab89-9d3b952d6f2b.wav,10.971
3621,Passer domesticus,houspa,train/03621_Animalia_Chordata_Aves_Passeriformes_Passeridae_Passer_domesticus/4818da61-6fce-4235-93eb-4abf9d497fec.wav,8.057
3621,Passer domesticus,houspa,train/03621_Animalia_Chordata_Aves_Passeriformes_Passeridae_Passer_domesticus/4820f158-27be-41ce-acc5-2d72041d447e.wav,7.979
3621,Passer domesticus,houspa,train/03621_Animalia_Chordata_Aves_Passeriformes_Passeridae_Passer_domesticus/4831cfe9-5df2-49d7-8f1a-6033f7feba1c.wav,29.24
3621,Passer domesticus,houspa,train/03621_Animalia_Chordata_Aves_Passeriformes_Passeridae_Passer_domesticus/483de6d9-267a-47ad-8a67-2e9d666ee6a6.wav,13.375
3621,Passer domesticus,houspa,train/03621_Animalia_Chordata_Aves_Passeriformes_Passeridae_Passer_domesticus/485cd988-292c-434e-b747-0f29700c34dd.wav,6.955
3621,Passer domesticus,houspa,train/03621_Animalia_Chordata_Aves_Passeriformes_Passeridae_Passer_domesticus/48933069-632d-49f0-ba5c-66397849b9c0.wav,10.809
3621,Passer domesticus,houspa,train/03621_Animalia_Chordata_Aves_Passeriformes_Passeridae_Passer_domesticus/48b85c3f-cf2a-476a-bf11-27460b06e59b.wav,21.76
3621,Passer domesticus,houspa,train/03621_Animalia_Chordata_Aves_Passeriformes_Passeridae_Passer_domesticus/48c8a324-2647-41b7-a84c-fed6da42265e.wav,16.32
3621,Passer domesticus,houspa,train/03621_Animalia_Chordata_Aves_Passeriformes_Passeridae_Passer_domesticus/49367585-22bf-4939-bd94-7aa5b5eb3877.wav,52.582
3621,Passer domesticus,houspa,train/03621_Animalia_Chordata_Aves_Passeriformes_Passeridae_Passer_domesticus/4a1bd638-396c-4f75-8165-1b35cefb23ab.wav,30.798
3621,Passer domesticus,houspa,train/03621_Animalia_Chordata_Aves_Passeriformes_Passeridae_Passer_domesticus/4a27119c-1660-43ba-84cc-a863bbc01795.wav,8.29
3621,Passer domesticus,houspa,train/03621_Animalia_Chordata_Aves_Passeriformes_Passeridae_Passer_domesticus/4a37a4d4-7454-45d1-8be0-3ca8a1bf5bf1.wav,25.885
3621,Passer domesticus,houspa,train/03621_Animalia_Chordata_Aves_Passeriformes_Passeridae_Passer_domesticus/4a51383f-524c-4038-8237-5b247b3ffe81.wav,28.688
3621,Passer domesticus,houspa,train/03621_Animalia_Chordata_Aves_Passeriformes_Passeridae_Passer_domesticus/4a652d19-5cac-44dc-8887-a995cd022c1e.wav,8.986
3621,Passer domesticus,houspa,train/03621_Animalia_Chordata_Aves_Passeriformes_Passeridae_Passer_domesticus/4b298f03-a318-45c0-8e5e-4b425a88ef6e.wav,14.832
3621,Passer domesticus,houspa,train/03621_Animalia_Chordata_Aves_Passeriformes_Passeridae_Passer_domesticus/4b2a8e59-983e-433f-8947-f5e92ce6bf22.wav,25.259
3621,Passer domesticus,houspa,train/03621_Animalia_Chordata_Aves_Passeriformes_Passeridae_Passer_domesticus/4bc48489-d92c-4434-a0d7-53ae88e02a3a.wav,22.045
3621,Passer domesticus,houspa,train/03621_Animalia_Chordata_Aves_Passeriformes_Passeridae_Passer_domesticus/4bd5c8ff-6425-4548-a727-df68ebaa3934.wav,13.322
3621,Passer domesticus,houspa,train/03621_Animalia_Chordata_Aves_Passeriformes_Passeridae_Passer_domesticus/4c006882-ace8-44cd-9020-ff4347003cbc.wav,10.635
3621,Passer domesticus,houspa,train/03621_Animalia_Chordata_Aves_Passeriformes_Passeridae_Passer_domesticus/4d116af5-e8a6-4817-87b9-8402aadd62cc.wav,11.308
3621,Passer domesticus,houspa,train/03621_Animalia_Chordata_Aves_Passeriformes_Passeridae_Passer_domesticus/4d1e9582-1b03-415c-8eee-84ef145e5f00.wav,12.005
3621,Passer domesticus,houspa,train/03621_Animalia_Chordata_Aves_Passeriformes_Passeridae_Passer_domesticus/4d432684-548f-4ac6-baf9-cb3a37702e68.wav,8.903
3621,Passer domesticus,houspa,train/03621_Animalia_Chordata_Aves_Passeriformes_Passeridae_Passer_domesticus/4db0dc09-3498-413e-9c97-aa88f74e9b2f.wav,31.289
3621,Passer domesticus,houspa,train/03621_Animalia_Chordata_Aves_Passeriformes_Passeridae_Passer_domesticus/4dde32ab-608e-4681-8063-33f8d144c4ed.wav,12.19
3621,Passer domesticus,houspa,train/03621_Animalia_Chordata_Aves_Passeriformes_Passeridae_Passer_domesticus/4e374fd1-82a1-44c5-bd5b-88a87e545208.wav,10.48
3621,Passer domesticus,houspa,train/03621_Animalia_Chordata_Aves_Passeriformes_Passeridae_Passer_domesticus/4eb50b50-2dcd-427d-b654-cc1c853fc273.wav,11.52
3621,Passer domesticus,houspa,train/03621_Animalia_Chordata_Aves_Passeriformes_Passeridae_Passer_domesticus/4ec44a1d-23b1-4afe-b345-30cfbcc74be8.wav,4.342
3621,Passer domesticus,houspa,train/03621_Animalia_Chordata_Aves_Passeriformes_Passeridae_Passer_domesticus/4ef300db-6296-4618-9cc3-1fb8c15b0035.wav,7.306
3621,Passer domesticus,houspa,train/03621_Animalia_Chordata_Aves_Passeriformes_Passeridae_Passer_domesticus/4ef55e30-25ea-43c0-a1cd-f6aacea13a97.wav,6.08
3621,Passer domesticus,houspa,train/03621_Animalia_Chordata_Aves_Passeriformes_Passeridae_Passer_domesticus/4fdccc0e-b2bf-45cc-a57b-2990676e961f.wav,8.243
3621,Passer domesticus,houspa,train/03621_Animalia_Chordata_Aves_Passeriformes_Passeridae_Passer_domesticus/4feedf18-d5df-45d6-b6a1-87b6dd88c0cb.wav,3.947
3621,Passer domesticus,houspa,train/03621_Animalia_Chordata_Aves_Passeriformes_Passeridae_Passer_domesticus/507508e1-0e45-4efd-b2d3-87fc25959fd6.wav,12.384
3621,Passer domesticus,houspa,train/03621_Animalia_Chordata_Aves_Passeriformes_Passeridae_Passer_domesticus/5080fcd8-9a0d-4c92-b8a6-7566740391eb.wav,8.127
3621,Passer domesticus,houspa,train/03621_Animalia_Chordata_Aves_Passeriformes_Passeridae_Passer_domesticus/513af064-a7c3-48dc-b593-d3e068460ac7.wav,5.178
3621,Passer domesticus,houspa,train/03621_Animalia_Chordata_Aves_Passeriformes_Passeridae_Passer_domesticus/516cb773-7efd-4fbf-9dfa-cec86495dbe7.wav,6.312
3621,Passer domesticus,houspa,train/03621_Animalia_Chordata_Aves_Passeriformes_Passeridae_Passer_domesticus/5189bf42-079c-433a-a74f-617c42d38195.wav,4.928
3621,Passer domesticus,houspa,train/03621_Animalia_Chordata_Aves_Passeriformes_Passeridae_Passer_domesticus/520a01d5-f372-49f2-bc98-8a02df6c03a7.wav,34.847
3621,Passer domesticus,houspa,train/03621_Animalia_Chordata_Aves_Passeriformes_Passeridae_Passer_domesticus/5278e1d3-85e0-4fc4-8848-ff2d83598ee6.wav,22.552
3621,Passer domesticus,houspa,train/03621_Animalia_Chordata_Aves_Passeriformes_Passeridae_Passer_domesticus/52972ee0-d517-4641-af7e-096448a826d9.wav,4.83
3621,Passer domesticus,houspa,train/03621_Animalia_Chordata_Aves_Passeriformes_Passeridae_Passer_domesticus/52ba04f8-38f1-4ca2-8865-a2762d1bb55c.wav,7.964
3621,Passer domesticus,houspa,train/03621_Animalia_Chordata_Aves_Passeriformes_Passeridae_Passer_domesticus/52e4b2a7-8ffd-41b5-b855-d12f4c415e40.wav,4.992
3621,Passer domesticus,houspa,train/03621_Animalia_Chordata_Aves_Passeriformes_Passeridae_Passer_domesticus/53f4a4b0-71ad-4085-b5fe-d57e02edc34e.wav,12.565
3621,Passer domesticus,houspa,train/03621_Animalia_Chordata_Aves_Passeriformes_Passeridae_Passer_domesticus/54769c4c-e79d-4ec0-b311-6e72edb18e54.wav,19.456
3621,Passer domesticus,houspa,train/03621_Animalia_Chordata_Aves_Passeriformes_Passeridae_Passer_domesticus/54c7f41f-3392-42ef-80dd-83a1347123c3.wav,12.571
3621,Passer domesticus,houspa,train/03621_Animalia_Chordata_Aves_Passeriformes_Passeridae_Passer_domesticus/553d1b5d-ec10-4d54-8de2-bf2c410fafe0.wav,16.231
3621,Passer domesticus,houspa,train/03621_Animalia_Chordata_Aves_Passeriformes_Passeridae_Passer_domesticus/55a071a5-7ab3-4f07-8fd2-16a36b58b6b5.wav,32.508
3621,Passer domesticus,houspa,train/03621_Animalia_Chordata_Aves_Passeriformes_Passeridae_Passer_domesticus/55d0cbad-f192-4257-a440-a78ee4b73129.wav,6.901
3621,Passer domesticus,houspa,train/03621_Animalia_Chordata_Aves_Passeriformes_Passeridae_Passer_domesticus/55dc83a3-4249-4261-a4fc-c65be608c29b.wav,11.842
3621,Passer domesticus,houspa,train/03621_Animalia_Chordata_Aves_Passeriformes_Passeridae_Passer_domesticus/55e69864-3fbd-4f59-9cce-72ca1940fd54.wav,8.452
3621,Passer domesticus,houspa,train/03621_Animalia_Chordata_Aves_Passeriformes_Passeridae_Passer_domesticus/55f9974b-5e13-433c-ad76-3a98dc13a689.wav,5.828
3621,Passer domesticus,houspa,train/03621_Animalia_Chordata_Aves_Passeriformes_Passeridae_Passer_domesticus/560f3f87-bdb9-4f5c-9edb-ad271c5fe63f.wav,9.405
3621,Passer domesticus,houspa,train/03621_Animalia_Chordata_Aves_Passeriformes_Passeridae_Passer_domesticus/563bd04b-45b1-44ca-b7bb-f28dae38f226.wav,14.208
3621,Passer domesticus,houspa,train/03621_Animalia_Chordata_Aves_Passeriformes_Passeridae_Passer_domesticus/5657ffd1-ef47-4f61-a791-33a220439e7c.wav,14.536
3621,Passer domesticus,houspa,train/03621_Animalia_Chordata_Aves_Passeriformes_Passeridae_Passer_domesticus/5669892e-8b7e-4fb7-93ca-9327dec93b04.wav,22.44
3621,Passer domesticus,houspa,train/03621_Animalia_Chordata_Aves_Passeriformes_Passeridae_Passer_domesticus/56939b3a-23a7-445f-89a9-0c9b0d1efd48.wav,2.519
3621,Passer domesticus,houspa,train/03621_Animalia_Chordata_Aves_Passeriformes_Passeridae_Passer_domesticus/569608df-d744-4148-8c4f-cc84fc3d3a9e.wav,7.875
3621,Passer domesticus,houspa,train/03621_Animalia_Chordata_Aves_Passeriformes_Passeridae_Passer_domesticus/56cff251-233f-4271-9747-03599faee715.wav,5.805
3621,Passer domesticus,houspa,train/03621_Animalia_Chordata_Aves_Passeriformes_Passeridae_Passer_domesticus/572efdf6-2f04-447f-a8f3-47fa5dd7ea65.wav,28.447
3621,Passer domesticus,houspa,train/03621_Animalia_Chordata_Aves_Passeriformes_Passeridae_Passer_domesticus/576f913d-a4f9-46c8-8f77-f9772bb57023.wav,39.544
3621,Passer domesticus,houspa,train/03621_Animalia_Chordata_Aves_Passeriformes_Passeridae_Passer_domesticus/57dae1e7-950f-49da-adec-34d58501e8ae.wav,8.29
3621,Passer domesticus,houspa,train/03621_Animalia_Chordata_Aves_Passeriformes_Passeridae_Passer_domesticus/5803886e-3203-43f8-a826-4abe2a9bb32b.wav,10.937
3621,Passer domesticus,houspa,train/03621_Animalia_Chordata_Aves_Passeriformes_Passeridae_Passer_domesticus/585d9599-7c3a-4d02-affe-5e6acc5e9ae1.wav,11.355
3621,Passer domesticus,houspa,train/03621_Animalia_Chordata_Aves_Passeriformes_Passeridae_Passer_domesticus/58861d87-8c86-4baa-a046-60463d2bbcb5.wav,27.788
3621,Passer domesticus,houspa,train/03621_Animalia_Chordata_Aves_Passeriformes_Passeridae_Passer_domesticus/58c93117-81a9-4c24-9f0a-2265f51a6b30.wav,14.263
3621,Passer domesticus,houspa,train/03621_Animalia_Chordata_Aves_Passeriformes_Passeridae_Passer_domesticus/59cc11ee-ed77-4ad5-9e5b-366c7c148924.wav,16.4
3621,Passer domesticus,houspa,train/03621_Animalia_Chordata_Aves_Passeriformes_Passeridae_Passer_domesticus/59f5289d-930e-468a-9e49-46cc6795b3c0.wav,8.847
3621,Passer domesticus,houspa,train/03621_Animalia_Chordata_Aves_Passeriformes_Passeridae_Passer_domesticus/59f9c812-c969-4ca3-88de-22a7e9c72f08.wav,7.0
3621,Passer domesticus,houspa,train/03621_Animalia_Chordata_Aves_Passeriformes_Passeridae_Passer_domesticus/5a0059bb-7091-47b1-8ea6-4c5cf58d7fb7.wav,11.198
3621,Passer domesticus,houspa,train/03621_Animalia_Chordata_Aves_Passeriformes_Passeridae_Passer_domesticus/5a5b4112-2c53-4183-835f-f8b23eb80e44.wav,6.973
3621,Passer domesticus,houspa,train/03621_Animalia_Chordata_Aves_Passeriformes_Passeridae_Passer_domesticus/5a7a51cc-3016-45f2-9f52-feecbfd2a98a.wav,21.76
3621,Passer domesticus,houspa,train/03621_Animalia_Chordata_Aves_Passeriformes_Passeridae_Passer_domesticus/5a9e6cc0-4f69-407c-ab18-0e11d131c950.wav,11.238
3621,Passer domesticus,houspa,train/03621_Animalia_Chordata_Aves_Passeriformes_Passeridae_Passer_domesticus/5af5b152-7a1c-4849-9f69-bc636afbc547.wav,11.447
3621,Passer domesticus,houspa,train/03621_Animalia_Chordata_Aves_Passeriformes_Passeridae_Passer_domesticus/5b4bd918-7b4c-466c-8ee0-0e272d433729.wav,6.78
3621,Passer domesticus,houspa,train/03621_Animalia_Chordata_Aves_Passeriformes_Passeridae_Passer_domesticus/5b7a67f2-aee5-4aa9-b79d-56b3cf984a10.wav,12.446
3621,Passer domesticus,houspa,train/03621_Animalia_Chordata_Aves_Passeriformes_Passeridae_Passer_domesticus/5bc7fe36-1fb3-4377-bf43-641c021126b0.wav,7.141
3621,Passer domesticus,houspa,train/03621_Animalia_Chordata_Aves_Passeriformes_Passeridae_Passer_domesticus/5c1c8a47-cb24-4591-9e0d-f6a4ff904cf3.wav,8.638
3621,Passer domesticus,houspa,train/03621_Animalia_Chordata_Aves_Passeriformes_Passeridae_Passer_domesticus/5c321a98-fd42-4aa1-8077-73c91e6da37c.wav,11.072
3621,Passer domesticus,houspa,train/03621_Animalia_Chordata_Aves_Passeriformes_Passeridae_Passer_domesticus/5c6bcf93-1f07-40d0-8cf8-03cdca948d03.wav,4.923
3621,Passer domesticus,houspa,train/03621_Animalia_Chordata_Aves_Passeriformes_Passeridae_Passer_domesticus/5d769476-1bde-4be1-bd75-311b176dd6ed.wav,5.694
3621,Passer domesticus,houspa,train/03621_Animalia_Chordata_Aves_Passeriformes_Passeridae_Passer_domesticus/5d83bc2d-0f0a-46b3-af61-0d42bf28c207.wav,6.903
3621,Passer domesticus,houspa,train/03621_Animalia_Chordata_Aves_Passeriformes_Passeridae_Passer_domesticus/5db43546-8ece-4811-bdee-10a215f1f583.wav,25.519
3621,Passer domesticus,houspa,train/03621_Animalia_Chordata_Aves_Passeriformes_Passeridae_Passer_domesticus/5debe09a-2630-4a46-9329-8e1ebeeb2a0a.wav,61.896
3621,Passer domesticus,houspa,train/03621_Animalia_Chordata_Aves_Passeriformes_Passeridae_Passer_domesticus/5e32f6f6-28dd-4b09-a96f-e6736297ac19.wav,16.695
3621,Passer domesticus,houspa,train/03621_Animalia_Chordata_Aves_Passeriformes_Passeridae_Passer_domesticus/5e4c8e85-9f8d-4a3d-9e97-39464f67063f.wav,16.904
3621,Passer domesticus,houspa,train/03621_Animalia_Chordata_Aves_Passeriformes_Passeridae_Passer_domesticus/5f802c87-1813-4fa4-a1ef-3178fbc21a64.wav,50.347
3621,Passer domesticus,houspa,train/03621_Animalia_Chordata_Aves_Passeriformes_Passeridae_Passer_domesticus/600d700b-dede-4bd4-aa56-fb18d71fddba.wav,22.267
3621,Passer domesticus,houspa,train/03621_Animalia_Chordata_Aves_Passeriformes_Passeridae_Passer_domesticus/60ecea41-919b-4d71-8d81-5c791d18ef11.wav,9.451
3621,Passer domesticus,houspa,train/03621_Animalia_Chordata_Aves_Passeriformes_Passeridae_Passer_domesticus/61a86c7e-57c0-4f66-9e92-dcbc0d31ab94.wav,12.5
3621,Passer domesticus,houspa,train/03621_Animalia_Chordata_Aves_Passeriformes_Passeridae_Passer_domesticus/61d6d600-fc47-4d91-9bf7-3efa981f4bd6.wav,11.328
3621,Passer domesticus,houspa,train/03621_Animalia_Chordata_Aves_Passeriformes_Passeridae_Passer_domesticus/61fb1070-73b8-45cd-9110-c6aeb5bb6d36.wav,18.052
3621,Passer domesticus,houspa,train/03621_Animalia_Chordata_Aves_Passeriformes_Passeridae_Passer_domesticus/631390c3-1e2e-4f4a-8b22-f537cae49d63.wav,41.854
3621,Passer domesticus,houspa,train/03621_Animalia_Chordata_Aves_Passeriformes_Passeridae_Passer_domesticus/631fcbe4-4be0-4b56-9afa-31728e4e407b.wav,11.584
3621,Passer domesticus,houspa,train/03621_Animalia_Chordata_Aves_Passeriformes_Passeridae_Passer_domesticus/63811da1-9f08-44d8-b41a-c6449f28a85c.wav,10.983
3621,Passer domesticus,houspa,train/03621_Animalia_Chordata_Aves_Passeriformes_Passeridae_Passer_domesticus/6398073c-7937-4968-aeb3-2c52e2d9f128.wav,6.084
3621,Passer domesticus,houspa,train/03621_Animalia_Chordata_Aves_Passeriformes_Passeridae_Passer_domesticus/63d248a3-a3e9-4705-bf04-3cec442df965.wav,4.992
3621,Passer domesticus,houspa,train/03621_Animalia_Chordata_Aves_Passeriformes_Passeridae_Passer_domesticus/6444d010-725d-4841-9067-96978ff6c937.wav,23.104
3621,Passer domesticus,houspa,train/03621_Animalia_Chordata_Aves_Passeriformes_Passeridae_Passer_domesticus/64549972-c710-4962-b0b0-00ca3d1c3fa0.wav,11.471
3621,Passer domesticus,houspa,train/03621_Animalia_Chordata_Aves_Passeriformes_Passeridae_Passer_domesticus/646f4f57-98d9-4510-be0d-09a9a18a158a.wav,3.901
3621,Passer domesticus,houspa,train/03621_Animalia_Chordata_Aves_Passeriformes_Passeridae_Passer_domesticus/64a0c5df-f525-416b-98f9-06955f40e80e.wav,17.485
3621,Passer domesticus,houspa,train/03621_Animalia_Chordata_Aves_Passeriformes_Passeridae_Passer_domesticus/64aa9638-2bff-4eac-a4b4-2c3161fcb42b.wav,12.592
3621,Passer domesticus,houspa,train/03621_Animalia_Chordata_Aves_Passeriformes_Passeridae_Passer_domesticus/660a5728-a18f-40c9-927e-d4bd8b224be1.wav,17.624
3621,Passer domesticus,houspa,train/03621_Animalia_Chordata_Aves_Passeriformes_Passeridae_Passer_domesticus/663ae430-473d-4f18-b8f3-3a4c9d8b0d6e.wav,1.173
3621,Passer domesticus,houspa,train/03621_Animalia_Chordata_Aves_Passeriformes_Passeridae_Passer_domesticus/6645a731-2f0a-4c7d-a46a-5d880bf355a6.wav,11.134
3621,Passer domesticus,houspa,train/03621_Animalia_Chordata_Aves_Passeriformes_Passeridae_Passer_domesticus/664f73e6-975e-4471-8e9b-c1b324160811.wav,4.458
3621,Passer domesticus,houspa,train/03621_Animalia_Chordata_Aves_Passeriformes_Passeridae_Passer_domesticus/6681e650-1ef9-4235-bb0e-420d96aaee3c.wav,16.021
3621,Passer domesticus,houspa,train/03621_Animalia_Chordata_Aves_Passeriformes_Passeridae_Passer_domesticus/668e4d2b-198c-44ca-b089-f726fe78323f.wav,14.838
3621,Passer domesticus,houspa,train/03621_Animalia_Chordata_Aves_Passeriformes_Passeridae_Passer_domesticus/67259e15-451b-44ca-a2dc-cb63118a096e.wav,37.338
3621,Passer domesticus,houspa,train/03621_Animalia_Chordata_Aves_Passeriformes_Passeridae_Passer_domesticus/6777031a-1f2d-4dd9-b755-7f75d7e73da3.wav,2.792
3621,Passer domesticus,houspa,train/03621_Animalia_Chordata_Aves_Passeriformes_Passeridae_Passer_domesticus/67a137c3-4136-44d8-a59b-df4ec664f2a3.wav,3.831
3621,Passer domesticus,houspa,train/03621_Animalia_Chordata_Aves_Passeriformes_Passeridae_Passer_domesticus/6811db90-57e4-4ab1-8061-71fbdd258dd6.wav,12.121
3621,Passer domesticus,houspa,train/03621_Animalia_Chordata_Aves_Passeriformes_Passeridae_Passer_domesticus/6861acbf-c0d7-41fc-b00d-f911595893d5.wav,11.76
3621,Passer domesticus,houspa,train/03621_Animalia_Chordata_Aves_Passeriformes_Passeridae_Passer_domesticus/68b04789-842f-49f6-bdd9-37f1532f7d1a.wav,7.36
3621,Passer domesticus,houspa,train/03621_Animalia_Chordata_Aves_Passeriformes_Passeridae_Passer_domesticus/68bc69cb-307b-42b4-a26b-c3e92c08cced.wav,29.977
3621,Passer domesticus,houspa,train/03621_Animalia_Chordata_Aves_Passeriformes_Passeridae_Passer_domesticus/68ecdbe8-e35a-4105-9d1f-f54cbb8bb3f3.wav,4.194
3621,Passer domesticus,houspa,train/03621_Animalia_Chordata_Aves_Passeriformes_Passeridae_Passer_domesticus/69019327-28bd-4fd8-bb1c-3152824d4750.wav,16.022
3621,Passer domesticus,houspa,train/03621_Animalia_Chordata_Aves_Passeriformes_Passeridae_Passer_domesticus/697cfa60-da50-4dbc-8da2-8726eedfcf83.wav,12.353
3621,Passer domesticus,houspa,train/03621_Animalia_Chordata_Aves_Passeriformes_Passeridae_Passer_domesticus/69bd1f29-e0e3-4341-a814-667d5d979cf1.wav,8.313
3621,Passer domesticus,houspa,train/03621_Animalia_Chordata_Aves_Passeriformes_Passeridae_Passer_domesticus/6a129a13-ca62-41f2-bd08-ba7c8c0832d4.wav,6.362
3621,Passer domesticus,houspa,train/03621_Animalia_Chordata_Aves_Passeriformes_Passeridae_Passer_domesticus/6a14fa15-53de-43c7-84ed-273d340ba7e8.wav,15.813
3621,Passer domesticus,houspa,train/03621_Animalia_Chordata_Aves_Passeriformes_Passeridae_Passer_domesticus/6b99c8bf-7ac7-4f15-a8fa-0241b758fbdc.wav,25.658
3621,Passer domesticus,houspa,train/03621_Animalia_Chordata_Aves_Passeriformes_Passeridae_Passer_domesticus/6bd6e4ac-b609-4cbc-97a5-7cbdaedae5c9.wav,23.487
3621,Passer domesticus,houspa,train/03621_Animalia_Chordata_Aves_Passeriformes_Passeridae_Passer_domesticus/6bef50a2-6f1d-4e9c-b118-83c6af054738.wav,29.536
3621,Passer domesticus,houspa,train/03621_Animalia_Chordata_Aves_Passeriformes_Passeridae_Passer_domesticus/6c8e63e3-4596-4b71-a8e5-7a58f612e3bc.wav,3.738
3621,Passer domesticus,houspa,train/03621_Animalia_Chordata_Aves_Passeriformes_Passeridae_Passer_domesticus/6c9ed498-b3b9-40d2-ba2a-065da4658412.wav,10.958
3621,Passer domesticus,houspa,train/03621_Animalia_Chordata_Aves_Passeriformes_Passeridae_Passer_domesticus/6cd24d8d-9489-458d-aba3-58277367a745.wav,5.972
3621,Passer domesticus,houspa,train/03621_Animalia_Chordata_Aves_Passeriformes_Passeridae_Passer_domesticus/6cf9c7fb-7c8d-46e0-aec2-237c8f9249be.wav,7.152
3621,Passer domesticus,houspa,train/03621_Animalia_Chordata_Aves_Passeriformes_Passeridae_Passer_domesticus/6d6f1006-f5dc-4e9d-a3a3-3925afc0bb5f.wav,10.854
3621,Passer domesticus,houspa,train/03621_Animalia_Chordata_Aves_Passeriformes_Passeridae_Passer_domesticus/6d794092-f8fa-4eb6-bcf4-bcf2e99cd5a2.wav,10.848
3621,Passer domesticus,houspa,train/03621_Animalia_Chordata_Aves_Passeriformes_Passeridae_Passer_domesticus/6df8d6b0-9c23-48e8-b557-4fc3aa60c927.wav,33.158
3621,Passer domesticus,houspa,train/03621_Animalia_Chordata_Aves_Passeriformes_Passeridae_Passer_domesticus/6e01b233-6265-42a9-a8c6-edc2e3faf479.wav,4.876
3621,Passer domesticus,houspa,train/03621_Animalia_Chordata_Aves_Passeriformes_Passeridae_Passer_domesticus/6e2c4895-7665-408d-86c5-d2247f0590ca.wav,24.52
3621,Passer domesticus,houspa,train/03621_Animalia_Chordata_Aves_Passeriformes_Passeridae_Passer_domesticus/6e86af32-7e5e-4cb0-904e-d1ee80d95ac1.wav,14.485
3621,Passer domesticus,houspa,train/03621_Animalia_Chordata_Aves_Passeriformes_Passeridae_Passer_domesticus/6ea17b0a-cd7f-4518-ad89-6b6b9240ab0c.wav,17.236
3621,Passer domesticus,houspa,train/03621_Animalia_Chordata_Aves_Passeriformes_Passeridae_Passer_domesticus/6ea8c16e-3704-40ac-a288-cccc609dfe63.wav,445.753
3621,Passer domesticus,houspa,train/03621_Animalia_Chordata_Aves_Passeriformes_Passeridae_Passer_domesticus/6ecb22f7-04b8-4cc2-943d-2e2f4d65ad64.wav,9.24
3621,Passer domesticus,houspa,train/03621_Animalia_Chordata_Aves_Passeriformes_Passeridae_Passer_domesticus/6f3ce95d-c03d-4424-9a60-366342608eac.wav,10.681
3621,Passer domesticus,houspa,train/03621_Animalia_Chordata_Aves_Passeriformes_Passeridae_Passer_domesticus/6f9557d1-9fb9-4ba6-b17c-db213d972c9e.wav,12.841
3621,Passer domesticus,houspa,train/03621_Animalia_Chordata_Aves_Passeriformes_Passeridae_Passer_domesticus/6fd8aab7-8bca-4f6b-95f9-57b08c77b8b5.wav,28.363
3621,Passer domesticus,houspa,train/03621_Animalia_Chordata_Aves_Passeriformes_Passeridae_Passer_domesticus/6fe1f5c3-5a41-4c28-8b1c-a6ba31b00dc0.wav,44.489
3621,Passer domesticus,houspa,train/03621_Animalia_Chordata_Aves_Passeriformes_Passeridae_Passer_domesticus/6fe3ea03-2f2b-4335-b1c4-816e963ece1b.wav,7.012
3621,Passer domesticus,houspa,train/03621_Animalia_Chordata_Aves_Passeriformes_Passeridae_Passer_domesticus/6fe98ad0-d127-412a-9b68-0709715f019e.wav,68.51
3621,Passer domesticus,houspa,train/03621_Animalia_Chordata_Aves_Passeriformes_Passeridae_Passer_domesticus/6ff1f3c7-d657-4356-a5c6-5148113f1305.wav,31.788
3621,Passer domesticus,houspa,train/03621_Animalia_Chordata_Aves_Passeriformes_Passeridae_Passer_domesticus/6fff211a-4f1b-4520-81ad-d9d7c3d1c0f5.wav,6.037
3621,Passer domesticus,houspa,train/03621_Animalia_Chordata_Aves_Passeriformes_Passeridae_Passer_domesticus/701a4c28-2e17-4c05-ba57-ab7910e76eb3.wav,8.382
3621,Passer domesticus,houspa,train/03621_Animalia_Chordata_Aves_Passeriformes_Passeridae_Passer_domesticus/7026d4fa-625d-436c-a389-c9b4e588602d.wav,12.167
3621,Passer domesticus,houspa,train/03621_Animalia_Chordata_Aves_Passeriformes_Passeridae_Passer_domesticus/703eb462-b638-418a-8575-6ba0b500a0af.wav,19.017
3621,Passer domesticus,houspa,train/03621_Animalia_Chordata_Aves_Passeriformes_Passeridae_Passer_domesticus/7082f386-e1d4-4dfa-8d49-e8c6015a555a.wav,7.279
3621,Passer domesticus,houspa,train/03621_Animalia_Chordata_Aves_Passeriformes_Passeridae_Passer_domesticus/711688e1-514d-4bee-bfb7-01bb724732a7.wav,21.641
3621,Passer domesticus,houspa,train/03621_Animalia_Chordata_Aves_Passeriformes_Passeridae_Passer_domesticus/7127c6ca-56f9-4050-b979-cda34b4eb877.wav,5.933
3621,Passer domesticus,houspa,train/03621_Animalia_Chordata_Aves_Passeriformes_Passeridae_Passer_domesticus/712cc499-dc4f-4eae-ba83-46cfe292cc68.wav,10.624
3621,Passer domesticus,houspa,train/03621_Animalia_Chordata_Aves_Passeriformes_Passeridae_Passer_domesticus/727921de-4ac7-4079-8b11-b8a0b9440748.wav,17.621
3621,Passer domesticus,houspa,train/03621_Animalia_Chordata_Aves_Passeriformes_Passeridae_Passer_domesticus/72b42695-dad5-41c6-a927-bacecd6dcee1.wav,10.124
3621,Passer domesticus,houspa,train/03621_Animalia_Chordata_Aves_Passeriformes_Passeridae_Passer_domesticus/72da5dad-d9c7-4bbb-aef5-5112636f017e.wav,18.161
3621,Passer domesticus,houspa,train/03621_Animalia_Chordata_Aves_Passeriformes_Passeridae_Passer_domesticus/73235ad2-23a3-40e5-9143-bf298e1c0536.wav,26.657
3621,Passer domesticus,houspa,train/03621_Animalia_Chordata_Aves_Passeriformes_Passeridae_Passer_domesticus/7324e880-66d1-414b-8b6b-fdc79b33b378.wav,14.721
3621,Passer domesticus,houspa,train/03621_Animalia_Chordata_Aves_Passeriformes_Passeridae_Passer_domesticus/7335babe-e12b-4558-808b-2e8f9b1760c4.wav,5.741
3621,Passer domesticus,houspa,train/03621_Animalia_Chordata_Aves_Passeriformes_Passeridae_Passer_domesticus/735f6b27-a14e-46d7-84b4-5cc7de51a8f3.wav,10.091
3621,Passer domesticus,houspa,train/03621_Animalia_Chordata_Aves_Passeriformes_Passeridae_Passer_domesticus/73a0d0dc-5332-45f6-b01f-b89cc05ac83d.wav,25.182
3621,Passer domesticus,houspa,train/03621_Animalia_Chordata_Aves_Passeriformes_Passeridae_Passer_domesticus/73ac0865-b704-43c6-a982-e378ca061b10.wav,8.256
3621,Passer domesticus,houspa,train/03621_Animalia_Chordata_Aves_Passeriformes_Passeridae_Passer_domesticus/73b9886c-185f-48fd-a77b-26d2a69ac360.wav,6.339
3621,Passer domesticus,houspa,train/03621_Animalia_Chordata_Aves_Passeriformes_Passeridae_Passer_domesticus/73d86c73-aa3c-4946-9da0-db515f83fe28.wav,2.519
3621,Passer domesticus,houspa,train/03621_Animalia_Chordata_Aves_Passeriformes_Passeridae_Passer_domesticus/73d97a0f-69fa-40a2-a020-3d9acb0c947f.wav,14.176
3621,Passer domesticus,houspa,train/03621_Animalia_Chordata_Aves_Passeriformes_Passeridae_Passer_domesticus/74055fd6-7b9a-49ea-9da5-beea5cec4fea.wav,3.729
3621,Passer domesticus,houspa,train/03621_Animalia_Chordata_Aves_Passeriformes_Passeridae_Passer_domesticus/745ba106-1b22-44c8-90f9-6c594b269dc2.wav,44.643
3621,Passer domesticus,houspa,train/03621_Animalia_Chordata_Aves_Passeriformes_Passeridae_Passer_domesticus/7462eb49-c752-4102-aaca-2a78ec8189d7.wav,12.794
3621,Passer domesticus,houspa,train/03621_Animalia_Chordata_Aves_Passeriformes_Passeridae_Passer_domesticus/7493a89e-84e1-44d3-b958-803e3c72aa47.wav,5.904
3621,Passer domesticus,houspa,train/03621_Animalia_Chordata_Aves_Passeriformes_Passeridae_Passer_domesticus/74db32ac-066c-4da1-80e6-a3174fb50f9d.wav,13.735
3621,Passer domesticus,houspa,train/03621_Animalia_Chordata_Aves_Passeriformes_Passeridae_Passer_domesticus/75009e19-5b2c-46e4-a492-c99b40876d84.wav,10.263
3621,Passer domesticus,houspa,train/03621_Animalia_Chordata_Aves_Passeriformes_Passeridae_Passer_domesticus/756b14e5-4a47-4759-a862-35753a00a146.wav,25.426
3621,Passer domesticus,houspa,train/03621_Animalia_Chordata_Aves_Passeriformes_Passeridae_Passer_domesticus/75df2345-b005-45ec-8540-d2b921d82825.wav,13.212
3621,Passer domesticus,houspa,train/03621_Animalia_Chordata_Aves_Passeriformes_Passeridae_Passer_domesticus/75ea8e5c-a512-4a02-bfe0-7bc66829a3ef.wav,10.681
3621,Passer domesticus,houspa,train/03621_Animalia_Chordata_Aves_Passeriformes_Passeridae_Passer_domesticus/761fc457-9087-4f5f-8b7f-fb9fb3d87244.wav,31.765
3621,Passer domesticus,houspa,train/03621_Animalia_Chordata_Aves_Passeriformes_Passeridae_Passer_domesticus/763d3341-438b-4690-b023-159c99078419.wav,22.32
3621,Passer domesticus,houspa,train/03621_Animalia_Chordata_Aves_Passeriformes_Passeridae_Passer_domesticus/7644c136-4f69-44c3-ab39-86d455f66132.wav,8.17
3621,Passer domesticus,houspa,train/03621_Animalia_Chordata_Aves_Passeriformes_Passeridae_Passer_domesticus/765d7e30-39f9-4b16-90b5-3a0481ba8010.wav,33.599
3621,Passer domesticus,houspa,train/03621_Animalia_Chordata_Aves_Passeriformes_Passeridae_Passer_domesticus/7669beba-e84a-4a69-add0-338f4893f3a6.wav,27.6
3621,Passer domesticus,houspa,train/03621_Animalia_Chordata_Aves_Passeriformes_Passeridae_Passer_domesticus/767b6b5f-7608-4373-9d03-af5b68385fa8.wav,5.035
3621,Passer domesticus,houspa,train/03621_Animalia_Chordata_Aves_Passeriformes_Passeridae_Passer_domesticus/768af3c1-81fd-4cc0-bebc-b787fa508392.wav,9.297
3621,Passer domesticus,houspa,train/03621_Animalia_Chordata_Aves_Passeriformes_Passeridae_Passer_domesticus/7697bb7d-4ea0-4025-bcc9-d133dc115acf.wav,9.242
3621,Passer domesticus,houspa,train/03621_Animalia_Chordata_Aves_Passeriformes_Passeridae_Passer_domesticus/775efabc-586d-4d99-8621-8ae08b49b69d.wav,5.736
3621,Passer domesticus,houspa,train/03621_Animalia_Chordata_Aves_Passeriformes_Passeridae_Passer_domesticus/77a83625-2eb4-4a2c-b53c-74e170483f2a.wav,3.855
3621,Passer domesticus,houspa,train/03621_Animalia_Chordata_Aves_Passeriformes_Passeridae_Passer_domesticus/77c3fe19-f7f5-4edc-92c8-83a8503b0359.wav,8.452
3621,Passer domesticus,houspa,train/03621_Animalia_Chordata_Aves_Passeriformes_Passeridae_Passer_domesticus/77fad236-3b1b-43db-b887-dff64cfcf1c3.wav,28.607
3621,Passer domesticus,houspa,train/03621_Animalia_Chordata_Aves_Passeriformes_Passeridae_Passer_domesticus/78061137-862c-437c-a56f-897c1e4d5be2.wav,5.526
3621,Passer domesticus,houspa,train/03621_Animalia_Chordata_Aves_Passeriformes_Passeridae_Passer_domesticus/784d2c16-ac54-43d3-99bf-057d6c1f7457.wav,3.111
3621,Passer domesticus,houspa,train/03621_Animalia_Chordata_Aves_Passeriformes_Passeridae_Passer_domesticus/7860b3d9-bc62-46ab-a457-18e4fed72538.wav,5.914
3621,Passer domesticus,houspa,train/03621_Animalia_Chordata_Aves_Passeriformes_Passeridae_Passer_domesticus/786adeb4-5559-47fa-b36b-63fcbed426fd.wav,1.649
3621,Passer domesticus,houspa,train/03621_Animalia_Chordata_Aves_Passeriformes_Passeridae_Passer_domesticus/7955c64c-1f7b-4734-846d-a74d289db69a.wav,9.509
3621,Passer domesticus,houspa,train/03621_Animalia_Chordata_Aves_Passeriformes_Passeridae_Passer_domesticus/797f163f-e0af-4af1-b341-54184158edd8.wav,10.519
3621,Passer domesticus,houspa,train/03621_Animalia_Chordata_Aves_Passeriformes_Passeridae_Passer_domesticus/7990836a-497f-4596-9817-00c206cf041b.wav,8.317
3621,Passer domesticus,houspa,train/03621_Animalia_Chordata_Aves_Passeriformes_Passeridae_Passer_domesticus/79a292f7-7a20-4c40-a1db-f9a1d8b49a69.wav,57.051
3621,Passer domesticus,houspa,train/03621_Animalia_Chordata_Aves_Passeriformes_Passeridae_Passer_domesticus/79abcad4-9ef2-45e0-a7e3-a17847420f90.wav,8.458
3621,Passer domesticus,houspa,train/03621_Animalia_Chordata_Aves_Passeriformes_Passeridae_Passer_domesticus/79c07bec-7b27-4932-851b-cb2b886881ac.wav,10.542
3621,Passer domesticus,houspa,train/03621_Animalia_Chordata_Aves_Passeriformes_Passeridae_Passer_domesticus/79ce974b-7efc-4c2e-a927-a9c4ab21fda9.wav,10.56
3621,Passer domesticus,houspa,train/03621_Animalia_Chordata_Aves_Passeriformes_Passeridae_Passer_domesticus/7acea3a1-fa60-422d-98cd-df0cd4317489.wav,5.782
3621,Passer domesticus,houspa,train/03621_Animalia_Chordata_Aves_Passeriformes_Passeridae_Passer_domesticus/7adbb123-2df3-497f-9df2-ac72a7e42a0a.wav,9.066
3621,Passer domesticus,houspa,train/03621_Animalia_Chordata_Aves_Passeriformes_Passeridae_Passer_domesticus/7afe6061-91db-4eab-a168-78c73b8fa55f.wav,9.822
3621,Passer domesticus,houspa,train/03621_Animalia_Chordata_Aves_Passeriformes_Passeridae_Passer_domesticus/7b0d21ae-e2f2-46dc-b62a-9b90e258b5f4.wav,35.318
3621,Passer domesticus,houspa,train/03621_Animalia_Chordata_Aves_Passeriformes_Passeridae_Passer_domesticus/7b2c37ee-7d48-4aff-a6ea-858f79a99931.wav,8.371
3621,Passer domesticus,houspa,train/03621_Animalia_Chordata_Aves_Passeriformes_Passeridae_Passer_domesticus/7babcf22-4544-4672-969a-077fb433abc0.wav,7.466
3621,Passer domesticus,houspa,train/03621_Animalia_Chordata_Aves_Passeriformes_Passeridae_Passer_domesticus/7be97f35-a933-47e2-92c9-1a79039b6eef.wav,16.64
3621,Passer domesticus,houspa,train/03621_Animalia_Chordata_Aves_Passeriformes_Passeridae_Passer_domesticus/7bfaba25-c662-4493-943d-c47d514b9fb3.wav,9.167
3621,Passer domesticus,houspa,train/03621_Animalia_Chordata_Aves_Passeriformes_Passeridae_Passer_domesticus/7c9420e3-0ac6-48d0-86df-c97564fe6427.wav,12.07
3621,Passer domesticus,houspa,train/03621_Animalia_Chordata_Aves_Passeriformes_Passeridae_Passer_domesticus/7cbfa7d9-33c0-4d92-ac2d-8d20c21c4251.wav,13.333
3621,Passer domesticus,houspa,train/03621_Animalia_Chordata_Aves_Passeriformes_Passeridae_Passer_domesticus/7cbfacf9-c341-4ffa-90ed-02a42336542b.wav,5.364
3621,Passer domesticus,houspa,train/03621_Animalia_Chordata_Aves_Passeriformes_Passeridae_Passer_domesticus/7ced5526-5ec2-49ee-ba79-d4440e23217d.wav,6.989
3621,Passer domesticus,houspa,train/03621_Animalia_Chordata_Aves_Passeriformes_Passeridae_Passer_domesticus/7d258731-4e29-403b-8488-00e8d8bc0175.wav,7.49
3621,Passer domesticus,houspa,train/03621_Animalia_Chordata_Aves_Passeriformes_Passeridae_Passer_domesticus/7dfa67f1-20eb-4b1d-9d1d-6ae3231d5117.wav,5.381
3621,Passer domesticus,houspa,train/03621_Animalia_Chordata_Aves_Passeriformes_Passeridae_Passer_domesticus/7e86f388-bc8d-42c8-9dbb-dafc5764062f.wav,6.222
3621,Passer domesticus,houspa,train/03621_Animalia_Chordata_Aves_Passeriformes_Passeridae_Passer_domesticus/7eddf197-3aa0-48df-9a8e-63eefa90b2aa.wav,20.225
3621,Passer domesticus,houspa,train/03621_Animalia_Chordata_Aves_Passeriformes_Passeridae_Passer_domesticus/7f18df46-7099-41c1-8e0f-5c4f0a546f3d.wav,7.168
3621,Passer domesticus,houspa,train/03621_Animalia_Chordata_Aves_Passeriformes_Passeridae_Passer_domesticus/7f1a2643-0209-4714-b713-5f0983c298a7.wav,28.9
3621,Passer domesticus,houspa,train/03621_Animalia_Chordata_Aves_Passeriformes_Passeridae_Passer_domesticus/7f59a4f1-9530-4fe3-b98f-e41c39433b86.wav,10.263
3621,Passer domesticus,houspa,train/03621_Animalia_Chordata_Aves_Passeriformes_Passeridae_Passer_domesticus/80127ef5-212f-439b-b1fd-1ce1a5c3974c.wav,7.658
3621,Passer domesticus,houspa,train/03621_Animalia_Chordata_Aves_Passeriformes_Passeridae_Passer_domesticus/8015d359-b458-4a54-8526-ef7380e4344d.wav,6.033
3621,Passer domesticus,houspa,train/03621_Animalia_Chordata_Aves_Passeriformes_Passeridae_Passer_domesticus/806a054d-7e5c-4136-abb5-3f117321017d.wav,6.037
3621,Passer domesticus,houspa,train/03621_Animalia_Chordata_Aves_Passeriformes_Passeridae_Passer_domesticus/80edc552-85a6-4cc5-b772-6ba138da8c43.wav,4.598
3621,Passer domesticus,houspa,train/03621_Animalia_Chordata_Aves_Passeriformes_Passeridae_Passer_domesticus/8115c55f-21b5-4cb9-b176-67c19aefb6d6.wav,6.955
3621,Passer domesticus,houspa,train/03621_Animalia_Chordata_Aves_Passeriformes_Passeridae_Passer_domesticus/818595b0-1b31-425f-9a9c-02f2703326cd.wav,12.33
3621,Passer domesticus,houspa,train/03621_Animalia_Chordata_Aves_Passeriformes_Passeridae_Passer_domesticus/8283549f-cf14-4242-8f9f-7c12ad9169f8.wav,9.102
3621,Passer domesticus,houspa,train/03621_Animalia_Chordata_Aves_Passeriformes_Passeridae_Passer_domesticus/82977fde-121a-4624-8e46-d08ba5f2e48d.wav,35.596
3621,Passer domesticus,houspa,train/03621_Animalia_Chordata_Aves_Passeriformes_Passeridae_Passer_domesticus/82a76da9-efc2-42df-998f-6faa5f6a3224.wav,11.031
3621,Passer domesticus,houspa,train/03621_Animalia_Chordata_Aves_Passeriformes_Passeridae_Passer_domesticus/82cfb670-0900-4821-8c27-7da3f59cf624.wav,7.732
3621,Passer domesticus,houspa,train/03621_Animalia_Chordata_Aves_Passeriformes_Passeridae_Passer_domesticus/82daed9e-56e1-44e1-967e-54b64c118fa8.wav,34.219
3621,Passer domesticus,houspa,train/03621_Animalia_Chordata_Aves_Passeriformes_Passeridae_Passer_domesticus/82e4872b-23e1-4584-9002-37a8b0829b8e.wav,56.427
3621,Passer domesticus,houspa,train/03621_Animalia_Chordata_Aves_Passeriformes_Passeridae_Passer_domesticus/83030d43-1963-4aa5-991a-70768e74999c.wav,19.505
3621,Passer domesticus,houspa,train/03621_Animalia_Chordata_Aves_Passeriformes_Passeridae_Passer_domesticus/830bb465-f39f-4af1-8048-fa289316d95d.wav,2.563
3621,Passer domesticus,houspa,train/03621_Animalia_Chordata_Aves_Passeriformes_Passeridae_Passer_domesticus/8390ae4a-04ad-4698-82d7-6b6adbc8c431.wav,45.6
3621,Passer domesticus,houspa,train/03621_Animalia_Chordata_Aves_Passeriformes_Passeridae_Passer_domesticus/84106019-195a-4f7f-93ab-e70aee288abd.wav,13.746
3621,Passer domesticus,houspa,train/03621_Animalia_Chordata_Aves_Passeriformes_Passeridae_Passer_domesticus/84a8454e-d283-46bc-a248-b3a52038a30e.wav,12.653
3621,Passer domesticus,houspa,train/03621_Animalia_Chordata_Aves_Passeriformes_Passeridae_Passer_domesticus/84dfc7b4-c788-4558-afa4-e94334b69771.wav,10.82
3621,Passer domesticus,houspa,train/03621_Animalia_Chordata_Aves_Passeriformes_Passeridae_Passer_domesticus/858b0434-e16d-42c4-8434-5f26c63818fb.wav,6.656
3621,Passer domesticus,houspa,train/03621_Animalia_Chordata_Aves_Passeriformes_Passeridae_Passer_domesticus/8621a86a-76f8-4597-8edd-26020303fdfc.wav,12.91
3621,Passer domesticus,houspa,train/03621_Animalia_Chordata_Aves_Passeriformes_Passeridae_Passer_domesticus/864d4eb3-372d-4f82-8e86-77714ac00c17.wav,9.671
3621,Passer domesticus,houspa,train/03621_Animalia_Chordata_Aves_Passeriformes_Passeridae_Passer_domesticus/865fa43f-21d8-4ebc-9561-d619638e3c7c.wav,32.996
3621,Passer domesticus,houspa,train/03621_Animalia_Chordata_Aves_Passeriformes_Passeridae_Passer_domesticus/869cafc5-7fa7-4322-8155-9f9bda0ca2f8.wav,21.374
3621,Passer domesticus,houspa,train/03621_Animalia_Chordata_Aves_Passeriformes_Passeridae_Passer_domesticus/86e426da-724c-45bd-8b41-82c1fc46ed7b.wav,18.133
3621,Passer domesticus,houspa,train/03621_Animalia_Chordata_Aves_Passeriformes_Passeridae_Passer_domesticus/86ff2385-3e82-4f09-ba95-abb42440af9e.wav,11.52
3621,Passer domesticus,houspa,train/03621_Animalia_Chordata_Aves_Passeriformes_Passeridae_Passer_domesticus/870f95f0-a64a-4afa-936c-cc45487aa90f.wav,11.825
3621,Passer domesticus,houspa,train/03621_Animalia_Chordata_Aves_Passeriformes_Passeridae_Passer_domesticus/875d71ca-ea9d-49f1-b559-ff9b2b3ff7f2.wav,18.048
3621,Passer domesticus,houspa,train/03621_Animalia_Chordata_Aves_Passeriformes_Passeridae_Passer_domesticus/87c155f1-b515-4a9f-9117-29c1b69908ab.wav,22.514
3621,Passer domesticus,houspa,train/03621_Animalia_Chordata_Aves_Passeriformes_Passeridae_Passer_domesticus/881a5c93-0f7b-4d26-adbd-b187f98dc3ad.wav,15.6
3621,Passer domesticus,houspa,train/03621_Animalia_Chordata_Aves_Passeriformes_Passeridae_Passer_domesticus/882c00e1-17a3-4b6f-9103-afc718572d48.wav,8.034
3621,Passer domesticus,houspa,train/03621_Animalia_Chordata_Aves_Passeriformes_Passeridae_Passer_domesticus/882f0cb3-3e5d-4bf1-81ab-0207322456b5.wav,7.634
3621,Passer domesticus,houspa,train/03621_Animalia_Chordata_Aves_Passeriformes_Passeridae_Passer_domesticus/8883699c-1636-4943-a390-4d4616d51fde.wav,12.153
3621,Passer domesticus,houspa,train/03621_Animalia_Chordata_Aves_Passeriformes_Passeridae_Passer_domesticus/8885d72a-0b75-4969-8ecb-a3d8da30f022.wav,19.098
3621,Passer domesticus,houspa,train/03621_Animalia_Chordata_Aves_Passeriformes_Passeridae_Passer_domesticus/8918dbef-c01d-41c9-9344-0b9b9cce4352.wav,21.386
3621,Passer domesticus,houspa,train/03621_Animalia_Chordata_Aves_Passeriformes_Passeridae_Passer_domesticus/895a1b5b-27d4-4ee9-b546-4b217dc9d97c.wav,20.48
3621,Passer domesticus,houspa,train/03621_Animalia_Chordata_Aves_Passeriformes_Passeridae_Passer_domesticus/89e7ff5b-1a90-44d0-9b9b-598fd7be83aa.wav,8.452
3621,Passer domesticus,houspa,train/03621_Animalia_Chordata_Aves_Passeriformes_Passeridae_Passer_domesticus/8a58b872-fd90-433a-90e4-a95d86cdbe6e.wav,34.731
3621,Passer domesticus,houspa,train/03621_Animalia_Chordata_Aves_Passeriformes_Passeridae_Passer_domesticus/8a795104-11b7-4da5-8927-bdd971d84d64.wav,31.004
3621,Passer domesticus,houspa,train/03621_Animalia_Chordata_Aves_Passeriformes_Passeridae_Passer_domesticus/8a7cfacb-7693-4c60-8af9-3130a812b2c7.wav,11.04
3621,Passer domesticus,houspa,train/03621_Animalia_Chordata_Aves_Passeriformes_Passeridae_Passer_domesticus/8adb2454-9078-41d9-b09b-f6b30266ebe4.wav,21.084
3621,Passer domesticus,houspa,train/03621_Animalia_Chordata_Aves_Passeriformes_Passeridae_Passer_domesticus/8be0b968-e4c1-43ba-ac2a-6ba9c6161878.wav,14.466
3621,Passer domesticus,houspa,train/03621_Animalia_Chordata_Aves_Passeriformes_Passeridae_Passer_domesticus/8c0a9c39-2113-481f-a253-94f69345fcc0.wav,8.256
3621,Passer domesticus,houspa,train/03621_Animalia_Chordata_Aves_Passeriformes_Passeridae_Passer_domesticus/8c4a51bd-186f-4295-a37e-501ce30f92ae.wav,20.48
3621,Passer domesticus,houspa,train/03621_Animalia_Chordata_Aves_Passeriformes_Passeridae_Passer_domesticus/8cb17215-3142-4189-bfd5-685b522ff979.wav,7.291
3621,Passer domesticus,houspa,train/03621_Animalia_Chordata_Aves_Passeriformes_Passeridae_Passer_domesticus/8cbee374-0508-4707-8b63-01d756d12446.wav,7.917
3621,Passer domesticus,houspa,train/03621_Animalia_Chordata_Aves_Passeriformes_Passeridae_Passer_domesticus/8cfecccd-fa96-4504-980a-3c2fb2c99ef9.wav,23.731
3621,Passer domesticus,houspa,train/03621_Animalia_Chordata_Aves_Passeriformes_Passeridae_Passer_domesticus/8d768484-e1ba-43a3-b398-6ae27e9d4fa6.wav,28.932
3621,Passer domesticus,houspa,train/03621_Animalia_Chordata_Aves_Passeriformes_Passeridae_Passer_domesticus/8dac6a8b-f7f0-480c-ae6b-0072fa5db9d2.wav,22.65
3621,Passer domesticus,houspa,train/03621_Animalia_Chordata_Aves_Passeriformes_Passeridae_Passer_domesticus/8dbf963c-4621-41e0-9360-b47d42c22b74.wav,6.507
3621,Passer domesticus,houspa,train/03621_Animalia_Chordata_Aves_Passeriformes_Passeridae_Passer_domesticus/8e0ad221-ce36-478f-bf14-2bd10624d8ab.wav,19.319
3621,Passer domesticus,houspa,train/03621_Animalia_Chordata_Aves_Passeriformes_Passeridae_Passer_domesticus/8ed3d669-3350-4ea7-89a1-4bb9c030fb0e.wav,24.0
3621,Passer domesticus,houspa,train/03621_Animalia_Chordata_Aves_Passeriformes_Passeridae_Passer_domesticus/8f12dcf4-83df-4d35-a14c-e67d061d9ec0.wav,12.925
3621,Passer domesticus,houspa,train/03621_Animalia_Chordata_Aves_Passeriformes_Passeridae_Passer_domesticus/8f5ac6f7-a710-4073-b151-909fde306b78.wav,20.885
3621,Passer domesticus,houspa,train/03621_Animalia_Chordata_Aves_Passeriformes_Passeridae_Passer_domesticus/8f66cc4b-5ca1-497e-a1e4-599b1489a97d.wav,5.933
3621,Passer domesticus,houspa,train/03621_Animalia_Chordata_Aves_Passeriformes_Passeridae_Passer_domesticus/8f7bcca5-d88a-44f1-8e3a-5767581a9672.wav,26.401
3621,Passer domesticus,houspa,train/03621_Animalia_Chordata_Aves_Passeriformes_Passeridae_Passer_domesticus/8fb12a20-0780-4e8b-b66c-f8d019027fad.wav,38.766
3621,Passer domesticus,houspa,train/03621_Animalia_Chordata_Aves_Passeriformes_Passeridae_Passer_domesticus/8fed44a4-5f1d-4021-9a95-40820a451b87.wav,6.696
3621,Passer domesticus,houspa,train/03621_Animalia_Chordata_Aves_Passeriformes_Passeridae_Passer_domesticus/90385c10-6a9b-4dbc-9f31-74e6601f9b56.wav,10.188
3621,Passer domesticus,houspa,train/03621_Animalia_Chordata_Aves_Passeriformes_Passeridae_Passer_domesticus/9083f877-584a-404e-95aa-18111181a517.wav,7.593
3621,Passer domesticus,houspa,train/03621_Animalia_Chordata_Aves_Passeriformes_Passeridae_Passer_domesticus/9141971c-c297-4598-a76d-a561ea876338.wav,15.685
3621,Passer domesticus,houspa,train/03621_Animalia_Chordata_Aves_Passeriformes_Passeridae_Passer_domesticus/9181e473-7bfd-4508-919a-30ffb8897192.wav,10.24
3621,Passer domesticus,houspa,train/03621_Animalia_Chordata_Aves_Passeriformes_Passeridae_Passer_domesticus/920877e6-bf35-4247-89fe-b56e22bd2dc4.wav,4.347
3621,Passer domesticus,houspa,train/03621_Animalia_Chordata_Aves_Passeriformes_Passeridae_Passer_domesticus/9210f979-2492-4c69-82ac-b993bc71ca00.wav,13.166
3621,Passer domesticus,houspa,train/03621_Animalia_Chordata_Aves_Passeriformes_Passeridae_Passer_domesticus/925f045f-df78-4a97-a08f-90d97463319e.wav,8.043
3621,Passer domesticus,houspa,train/03621_Animalia_Chordata_Aves_Passeriformes_Passeridae_Passer_domesticus/92698002-57ed-4406-b54b-2bb728d3f2f0.wav,29.257
3621,Passer domesticus,houspa,train/03621_Animalia_Chordata_Aves_Passeriformes_Passeridae_Passer_domesticus/932ec396-ddd5-45a1-b4f9-cfb95dfab1c7.wav,12.272
3621,Passer domesticus,houspa,train/03621_Animalia_Chordata_Aves_Passeriformes_Passeridae_Passer_domesticus/936d5674-3b23-4c58-ae75-47af555b23e6.wav,12.576
3621,Passer domesticus,houspa,train/03621_Animalia_Chordata_Aves_Passeriformes_Passeridae_Passer_domesticus/937aee0d-8b83-4bf2-8b7b-0e2f22fc9008.wav,7.07
3621,Passer domesticus,houspa,train/03621_Animalia_Chordata_Aves_Passeriformes_Passeridae_Passer_domesticus/93afdc31-6526-4b32-8c77-8bf62806cf18.wav,11.597
3621,Passer domesticus,houspa,train/03621_Animalia_Chordata_Aves_Passeriformes_Passeridae_Passer_domesticus/93c0809a-8d35-4adc-93dc-b1f3d565a822.wav,18.56
3621,Passer domesticus,houspa,train/03621_Animalia_Chordata_Aves_Passeriformes_Passeridae_Passer_domesticus/93e3746c-08df-484b-8988-da6e3f09ea32.wav,24.514
3621,Passer domesticus,houspa,train/03621_Animalia_Chordata_Aves_Passeriformes_Passeridae_Passer_domesticus/93e9c91a-354e-4a01-89c5-c107240fa995.wav,46.443
3621,Passer domesticus,houspa,train/03621_Animalia_Chordata_Aves_Passeriformes_Passeridae_Passer_domesticus/93f59a0a-9cf5-470f-84a0-94e41112c194.wav,93.298
3621,Passer domesticus,houspa,train/03621_Animalia_Chordata_Aves_Passeriformes_Passeridae_Passer_domesticus/9409f4f4-a13e-4333-a14c-3dc054be16a5.wav,5.851
3621,Passer domesticus,houspa,train/03621_Animalia_Chordata_Aves_Passeriformes_Passeridae_Passer_domesticus/944e73af-d26e-43f0-a748-1f8962918f4b.wav,31.692
3621,Passer domesticus,houspa,train/03621_Animalia_Chordata_Aves_Passeriformes_Passeridae_Passer_domesticus/95ebe55b-7e63-4753-a316-fd6927f77075.wav,10.86
3621,Passer domesticus,houspa,train/03621_Animalia_Chordata_Aves_Passeriformes_Passeridae_Passer_domesticus/96176a23-dd24-46fd-9297-964d431835eb.wav,4.889
3621,Passer domesticus,houspa,train/03621_Animalia_Chordata_Aves_Passeriformes_Passeridae_Passer_domesticus/96fdce74-ea5d-4e1a-a252-88482ce18f56.wav,44.861
3621,Passer domesticus,houspa,train/03621_Animalia_Chordata_Aves_Passeriformes_Passeridae_Passer_domesticus/973f3831-836f-4a7d-9975-3ed95fdd6c1e.wav,65.26
3621,Passer domesticus,houspa,train/03621_Animalia_Chordata_Aves_Passeriformes_Passeridae_Passer_domesticus/97b43fe5-01f3-46bc-9b9f-752998638391.wav,34.528
3621,Passer domesticus,houspa,train/03621_Animalia_Chordata_Aves_Passeriformes_Passeridae_Passer_domesticus/97da23c1-d362-47fc-9790-e44f4b97da03.wav,41.725
3621,Passer domesticus,houspa,train/03621_Animalia_Chordata_Aves_Passeriformes_Passeridae_Passer_domesticus/97e5f2d6-8705-41fc-9912-7ec1f5698ec2.wav,7.576
3621,Passer domesticus,houspa,train/03621_Animalia_Chordata_Aves_Passeriformes_Passeridae_Passer_domesticus/97efc363-dd7b-4877-83f9-bff7b053523d.wav,3.36
3621,Passer domesticus,houspa,train/03621_Animalia_Chordata_Aves_Passeriformes_Passeridae_Passer_domesticus/9843f285-9481-4982-9114-d5d580fdfb6e.wav,9.853
3621,Passer domesticus,houspa,train/03621_Animalia_Chordata_Aves_Passeriformes_Passeridae_Passer_domesticus/98b156e8-6525-42e8-a9c0-7c7ec643eb33.wav,5.542
3621,Passer domesticus,houspa,train/03621_Animalia_Chordata_Aves_Passeriformes_Passeridae_Passer_domesticus/9932cd2c-f5ed-45d6-aa77-cf3030078a88.wav,17.515
3621,Passer domesticus,houspa,train/03621_Animalia_Chordata_Aves_Passeriformes_Passeridae_Passer_domesticus/9a02819e-96b1-4fec-86a3-637081959a13.wav,9.183
3621,Passer domesticus,houspa,train/03621_Animalia_Chordata_Aves_Passeriformes_Passeridae_Passer_domesticus/9a31a2e5-1daf-4f36-aaed-751358376be8.wav,4.765
3621,Passer domesticus,houspa,train/03621_Animalia_Chordata_Aves_Passeriformes_Passeridae_Passer_domesticus/9a6a7422-cbce-4364-b2dd-7802e8f25eed.wav,48.747
3621,Passer domesticus,houspa,train/03621_Animalia_Chordata_Aves_Passeriformes_Passeridae_Passer_domesticus/9a9f3c72-b797-4b2b-b0d6-464d58531f13.wav,17.229
3621,Passer domesticus,houspa,train/03621_Animalia_Chordata_Aves_Passeriformes_Passeridae_Passer_domesticus/9ba375d1-bdf2-4e1f-8054-7067d52c5f7e.wav,21.374
3621,Passer domesticus,houspa,train/03621_Animalia_Chordata_Aves_Passeriformes_Passeridae_Passer_domesticus/9c32eb5b-f89f-42d5-8e56-846b67fb4cae.wav,8.684
3621,Passer domesticus,houspa,train/03621_Animalia_Chordata_Aves_Passeriformes_Passeridae_Passer_domesticus/9c7030d1-04f9-448b-a3ee-d33873c77a26.wav,10.983
3621,Passer domesticus,houspa,train/03621_Animalia_Chordata_Aves_Passeriformes_Passeridae_Passer_domesticus/9c85ea7a-bdb9-4e89-8672-e1dcfa03a938.wav,16.672
3621,Passer domesticus,houspa,train/03621_Animalia_Chordata_Aves_Passeriformes_Passeridae_Passer_domesticus/9c9bd412-1606-47d4-89c1-e4b209a05e69.wav,11.587
3621,Passer domesticus,houspa,train/03621_Animalia_Chordata_Aves_Passeriformes_Passeridae_Passer_domesticus/9ce98757-d255-46ca-bbea-7784b5a1e6ac.wav,10.084
3621,Passer domesticus,houspa,train/03621_Animalia_Chordata_Aves_Passeriformes_Passeridae_Passer_domesticus/9cf4c386-d307-4bb3-a043-747acca2b840.wav,15.232
3621,Passer domesticus,houspa,train/03621_Animalia_Chordata_Aves_Passeriformes_Passeridae_Passer_domesticus/9d059e77-2063-4b54-a196-1fc9cb5d555d.wav,19.644
3621,Passer domesticus,houspa,train/03621_Animalia_Chordata_Aves_Passeriformes_Passeridae_Passer_domesticus/9d63f8a9-0f92-4c1d-8b59-d982f751ff31.wav,9.311
3621,Passer domesticus,houspa,train/03621_Animalia_Chordata_Aves_Passeriformes_Passeridae_Passer_domesticus/9d882aa4-f415-4c20-bd8e-bf96e5fd912a.wav,42.829
3621,Passer domesticus,houspa,train/03621_Animalia_Chordata_Aves_Passeriformes_Passeridae_Passer_domesticus/9d917a44-2441-4765-a93c-9e75d92dc977.wav,6.502
3621,Passer domesticus,houspa,train/03621_Animalia_Chordata_Aves_Passeriformes_Passeridae_Passer_domesticus/9e4780b7-6b61-4d51-94a0-4ea8bd4e97d2.wav,15.418
3621,Passer domesticus,houspa,train/03621_Animalia_Chordata_Aves_Passeriformes_Passeridae_Passer_domesticus/9e5e0caf-79c4-48a4-b0b6-87edd6c8d3e6.wav,9.84
3621,Passer domesticus,houspa,train/03621_Animalia_Chordata_Aves_Passeriformes_Passeridae_Passer_domesticus/9e85168d-0c53-418e-9b11-eea5c1d1e618.wav,7.2
3621,Passer domesticus,houspa,train/03621_Animalia_Chordata_Aves_Passeriformes_Passeridae_Passer_domesticus/9e918523-146a-47c4-a46f-4533f1e36214.wav,35.972
3621,Passer domesticus,houspa,train/03621_Animalia_Chordata_Aves_Passeriformes_Passeridae_Passer_domesticus/9ebeb4ab-f4e7-4c6c-81cf-7c54fd2f78c3.wav,7.486
3621,Passer domesticus,houspa,train/03621_Animalia_Chordata_Aves_Passeriformes_Passeridae_Passer_domesticus/9f5241d3-70cd-4527-a4c7-37d952e5a6a4.wav,22.101
3621,Passer domesticus,houspa,train/03621_Animalia_Chordata_Aves_Passeriformes_Passeridae_Passer_domesticus/9f576c9a-686f-463e-8ef5-e4dfe90763d2.wav,3.456
3621,Passer domesticus,houspa,train/03621_Animalia_Chordata_Aves_Passeriformes_Passeridae_Passer_domesticus/9fd2ce09-3cac-4d7a-955e-c0f3498bb7eb.wav,8.025
3621,Passer domesticus,houspa,train/03621_Animalia_Chordata_Aves_Passeriformes_Passeridae_Passer_domesticus/a090a1c7-12f1-4500-a380-ba88b61a35f5.wav,3.808
3621,Passer domesticus,houspa,train/03621_Animalia_Chordata_Aves_Passeriformes_Passeridae_Passer_domesticus/a1356672-7aca-4f1b-add2-688e640b754f.wav,15.929
3621,Passer domesticus,houspa,train/03621_Animalia_Chordata_Aves_Passeriformes_Passeridae_Passer_domesticus/a17e1202-ab6f-40b9-8d32-69dcca5b964b.wav,7.723
3621,Passer domesticus,houspa,train/03621_Animalia_Chordata_Aves_Passeriformes_Passeridae_Passer_domesticus/a1a33600-4dee-4b9c-b573-bfdd5633d826.wav,5.542
3621,Passer domesticus,houspa,train/03621_Animalia_Chordata_Aves_Passeriformes_Passeridae_Passer_domesticus/a1a4d238-f6a4-453b-acda-204fbb19184c.wav,35.082
3621,Passer domesticus,houspa,train/03621_Animalia_Chordata_Aves_Passeriformes_Passeridae_Passer_domesticus/a1f5996b-7bf0-46dd-9564-9a1fd7a521f7.wav,22.43
3621,Passer domesticus,houspa,train/03621_Animalia_Chordata_Aves_Passeriformes_Passeridae_Passer_domesticus/a2a7622f-f246-44ed-a9e4-e1f7eba587a5.wav,12.121
3621,Passer domesticus,houspa,train/03621_Animalia_Chordata_Aves_Passeriformes_Passeridae_Passer_domesticus/a2ac197b-ea46-4db4-98ca-976d98babdf6.wav,15.926
3621,Passer domesticus,houspa,train/03621_Animalia_Chordata_Aves_Passeriformes_Passeridae_Passer_domesticus/a2b77ed3-997e-4d2a-927e-de0d48e6f746.wav,15.65
3621,Passer domesticus,houspa,train/03621_Animalia_Chordata_Aves_Passeriformes_Passeridae_Passer_domesticus/a32a52c8-3287-4aeb-bd77-024b5d6d3439.wav,5.968
3621,Passer domesticus,houspa,train/03621_Animalia_Chordata_Aves_Passeriformes_Passeridae_Passer_domesticus/a33e8562-17fe-4b45-ba77-7880f65cf666.wav,3.947
3621,Passer domesticus,houspa,train/03621_Animalia_Chordata_Aves_Passeriformes_Passeridae_Passer_domesticus/a3700813-da9a-4cf4-8704-3d7d28aefbda.wav,4.621
3621,Passer domesticus,houspa,train/03621_Animalia_Chordata_Aves_Passeriformes_Passeridae_Passer_domesticus/a3834582-448a-4a27-8f97-15174920bbd7.wav,8.546
3621,Passer domesticus,houspa,train/03621_Animalia_Chordata_Aves_Passeriformes_Passeridae_Passer_domesticus/a397895e-5b5e-43e2-a0c3-014ddad77bbb.wav,33.239
3621,Passer domesticus,houspa,train/03621_Animalia_Chordata_Aves_Passeriformes_Passeridae_Passer_domesticus/a408a830-b36f-48f2-aedc-8fb9ae9d2f5b.wav,7.083
3621,Passer domesticus,houspa,train/03621_Animalia_Chordata_Aves_Passeriformes_Passeridae_Passer_domesticus/a4e5f0f3-446c-4c6d-8c8d-99b155de5e99.wav,13.44
3621,Passer domesticus,houspa,train/03621_Animalia_Chordata_Aves_Passeriformes_Passeridae_Passer_domesticus/a4f6f366-c22b-4492-99ac-311dbf291aa1.wav,13.978
3621,Passer domesticus,houspa,train/03621_Animalia_Chordata_Aves_Passeriformes_Passeridae_Passer_domesticus/a54d37b7-2470-4974-9c9c-724ac81d6f6d.wav,6.917
3621,Passer domesticus,houspa,train/03621_Animalia_Chordata_Aves_Passeriformes_Passeridae_Passer_domesticus/a59d21c7-6f10-4512-befc-8cdc51d5164b.wav,42.08
3621,Passer domesticus,houspa,train/03621_Animalia_Chordata_Aves_Passeriformes_Passeridae_Passer_domesticus/a64458c0-6c63-4e6f-a3bd-aa802f0a1f07.wav,15.402
3621,Passer domesticus,houspa,train/03621_Animalia_Chordata_Aves_Passeriformes_Passeridae_Passer_domesticus/a6788592-25c1-4cb4-a056-6159b999f082.wav,30.418
3621,Passer domesticus,houspa,train/03621_Animalia_Chordata_Aves_Passeriformes_Passeridae_Passer_domesticus/a762fd7e-7291-4057-9ebc-6bfede9aafc1.wav,5.968
3621,Passer domesticus,houspa,train/03621_Animalia_Chordata_Aves_Passeriformes_Passeridae_Passer_domesticus/a79207b3-53fb-4692-b2ab-e8e1abcfb1a8.wav,8.94
3621,Passer domesticus,houspa,train/03621_Animalia_Chordata_Aves_Passeriformes_Passeridae_Passer_domesticus/a7afe2bf-b782-4738-a1b7-cf717cdd5fa9.wav,2.438
3621,Passer domesticus,houspa,train/03621_Animalia_Chordata_Aves_Passeriformes_Passeridae_Passer_domesticus/a7ff123c-4985-4913-b6d3-cebdb2b5eed5.wav,6.385
3621,Passer domesticus,houspa,train/03621_Animalia_Chordata_Aves_Passeriformes_Passeridae_Passer_domesticus/a80613cc-db09-4ab7-9a9e-8f7762145ecf.wav,4.148
3621,Passer domesticus,houspa,train/03621_Animalia_Chordata_Aves_Passeriformes_Passeridae_Passer_domesticus/a861e2b1-d8f2-4371-9649-5168d074c06c.wav,20.317
3621,Passer domesticus,houspa,train/03621_Animalia_Chordata_Aves_Passeriformes_Passeridae_Passer_domesticus/a8b622b9-b6d7-49a7-80dd-f6c778b03ffa.wav,3.947
3621,Passer domesticus,houspa,train/03621_Animalia_Chordata_Aves_Passeriformes_Passeridae_Passer_domesticus/a8c48f6a-c73a-4594-ada6-a1039ce505e6.wav,5.782
3621,Passer domesticus,houspa,train/03621_Animalia_Chordata_Aves_Passeriformes_Passeridae_Passer_domesticus/a8da1220-fd85-43ba-a510-4149be64bd1f.wav,18.901
3621,Passer domesticus,houspa,train/03621_Animalia_Chordata_Aves_Passeriformes_Passeridae_Passer_domesticus/a9a4841b-64ea-4aa7-b80b-0db7e14e68f0.wav,15.685
3621,Passer domesticus,houspa,train/03621_Animalia_Chordata_Aves_Passeriformes_Passeridae_Passer_domesticus/a9d7fb5f-d00a-4a0e-8de0-a35c77c76f7d.wav,25.449
3621,Passer domesticus,houspa,train/03621_Animalia_Chordata_Aves_Passeriformes_Passeridae_Passer_domesticus/a9dffe02-4015-4d33-8207-566f104b7426.wav,3.947
3621,Passer domesticus,houspa,train/03621_Animalia_Chordata_Aves_Passeriformes_Passeridae_Passer_domesticus/a9f3515e-436d-4d81-a9b2-4f87def6e7eb.wav,42.744
3621,Passer domesticus,houspa,train/03621_Animalia_Chordata_Aves_Passeriformes_Passeridae_Passer_domesticus/a9f404e3-aa45-4b89-b077-4796ef198b2c.wav,21.269
3621,Passer domesticus,houspa,train/03621_Animalia_Chordata_Aves_Passeriformes_Passeridae_Passer_domesticus/aa5195f3-5ffb-4241-a7fd-a3f78c426308.wav,12.556
3621,Passer domesticus,houspa,train/03621_Animalia_Chordata_Aves_Passeriformes_Passeridae_Passer_domesticus/aa628012-4b47-4052-a399-0dfbb7e35244.wav,6.734
3621,Passer domesticus,houspa,train/03621_Animalia_Chordata_Aves_Passeriformes_Passeridae_Passer_domesticus/aaf0ee9c-a021-49e2-910c-2f6d27a5c8c5.wav,5.248
3621,Passer domesticus,houspa,train/03621_Animalia_Chordata_Aves_Passeriformes_Passeridae_Passer_domesticus/ab742eb7-68fb-45b6-b8a0-cb533c9b2a76.wav,25.156
3621,Passer domesticus,houspa,train/03621_Animalia_Chordata_Aves_Passeriformes_Passeridae_Passer_domesticus/ab7c4e64-34e6-4d50-b553-691bc6a1eb2e.wav,7.354
3621,Passer domesticus,houspa,train/03621_Animalia_Chordata_Aves_Passeriformes_Passeridae_Passer_domesticus/abaf84fd-59ba-4989-b0dd-804c2066bd0f.wav,11.136
3621,Passer domesticus,houspa,train/03621_Animalia_Chordata_Aves_Passeriformes_Passeridae_Passer_domesticus/abc9b832-e20f-47b6-aab3-77cccf9c7bb8.wav,19.148
3621,Passer domesticus,houspa,train/03621_Animalia_Chordata_Aves_Passeriformes_Passeridae_Passer_domesticus/abdb73f9-8ada-49fd-a348-cab58b595081.wav,40.235
3621,Passer domesticus,houspa,train/03621_Animalia_Chordata_Aves_Passeriformes_Passeridae_Passer_domesticus/abf7b453-52d8-4d98-b48b-34883e7bf4c0.wav,6.014
3621,Passer domesticus,houspa,train/03621_Animalia_Chordata_Aves_Passeriformes_Passeridae_Passer_domesticus/ac0d201d-1984-45c8-a214-a3a8312e7bc2.wav,22.869
3621,Passer domesticus,houspa,train/03621_Animalia_Chordata_Aves_Passeriformes_Passeridae_Passer_domesticus/ac105362-a3d4-45e0-938f-794f10cb4500.wav,11.68
3621,Passer domesticus,houspa,train/03621_Animalia_Chordata_Aves_Passeriformes_Passeridae_Passer_domesticus/ac4d5d52-fe14-42ee-ae48-8d41fe76e69a.wav,60.368
3621,Passer domesticus,houspa,train/03621_Animalia_Chordata_Aves_Passeriformes_Passeridae_Passer_domesticus/ac9a1967-5649-47e4-b8bd-8fe1c0da6583.wav,6.936
3621,Passer domesticus,houspa,train/03621_Animalia_Chordata_Aves_Passeriformes_Passeridae_Passer_domesticus/accd2bbf-f527-44b4-bfb8-fc74e8754a73.wav,16.022
3621,Passer domesticus,houspa,train/03621_Animalia_Chordata_Aves_Passeriformes_Passeridae_Passer_domesticus/acd383d3-bf35-4c63-bd0b-f4f085669bcf.wav,15.019
3621,Passer domesticus,houspa,train/03621_Animalia_Chordata_Aves_Passeriformes_Passeridae_Passer_domesticus/ad00d960-de78-4717-b6ee-c2061f1aa58f.wav,25.323
3621,Passer domesticus,houspa,train/03621_Animalia_Chordata_Aves_Passeriformes_Passeridae_Passer_domesticus/ad2a85f2-560e-4ef7-8372-fb23085d0b49.wav,11.392
3621,Passer domesticus,houspa,train/03621_Animalia_Chordata_Aves_Passeriformes_Passeridae_Passer_domesticus/ada6642a-6925-4a48-bc39-5c93a68aa342.wav,17.157
3621,Passer domesticus,houspa,train/03621_Animalia_Chordata_Aves_Passeriformes_Passeridae_Passer_domesticus/add0a634-0683-444f-b88c-423fb5458fa3.wav,52.257
3621,Passer domesticus,houspa,train/03621_Animalia_Chordata_Aves_Passeriformes_Passeridae_Passer_domesticus/ade6c0eb-3b91-45f2-a924-c7c0b63e1fac.wav,15.604
3621,Passer domesticus,houspa,train/03621_Animalia_Chordata_Aves_Passeriformes_Passeridae_Passer_domesticus/ae2b9ada-4189-435f-ba3b-f38c4756521c.wav,10.286
3621,Passer domesticus,houspa,train/03621_Animalia_Chordata_Aves_Passeriformes_Passeridae_Passer_domesticus/ae485dbf-e83e-4327-939d-501283c95b0a.wav,2.917
3621,Passer domesticus,houspa,train/03621_Animalia_Chordata_Aves_Passeriformes_Passeridae_Passer_domesticus/ae7d462e-dfc6-4ad2-80d0-7314af3e6e5a.wav,3.483
3621,Passer domesticus,houspa,train/03621_Animalia_Chordata_Aves_Passeriformes_Passeridae_Passer_domesticus/af030fcb-e457-4638-a1fe-a6fd11dbfd98.wav,26.434
3621,Passer domesticus,houspa,train/03621_Animalia_Chordata_Aves_Passeriformes_Passeridae_Passer_domesticus/af3ec784-ae17-4209-8c3b-a20d61debc32.wav,19.18
3621,Passer domesticus,houspa,train/03621_Animalia_Chordata_Aves_Passeriformes_Passeridae_Passer_domesticus/af99fde1-5aea-4b7f-8eb5-0810cd023f4d.wav,14.549
3621,Passer domesticus,houspa,train/03621_Animalia_Chordata_Aves_Passeriformes_Passeridae_Passer_domesticus/afb9e16d-5275-420f-830f-660aff3b4e2b.wav,5.879
3621,Passer domesticus,houspa,train/03621_Animalia_Chordata_Aves_Passeriformes_Passeridae_Passer_domesticus/afdb49c3-8a73-4ba7-b359-79148aee9cd6.wav,20.364
3621,Passer domesticus,houspa,train/03621_Animalia_Chordata_Aves_Passeriformes_Passeridae_Passer_domesticus/b009e7ff-0b0b-48e7-9bc7-ddd9710fd8a1.wav,19.96
3621,Passer domesticus,houspa,train/03621_Animalia_Chordata_Aves_Passeriformes_Passeridae_Passer_domesticus/b01ffcb0-2d12-4ddf-ab79-afaa16048c0f.wav,10.797
3621,Passer domesticus,houspa,train/03621_Animalia_Chordata_Aves_Passeriformes_Passeridae_Passer_domesticus/b0d79f2b-b703-4706-94e6-a5911224de59.wav,3.542
3621,Passer domesticus,houspa,train/03621_Animalia_Chordata_Aves_Passeriformes_Passeridae_Passer_domesticus/b0dc9f8a-4a6a-46d8-903c-ec73b9b88c8d.wav,7.979
3621,Passer domesticus,houspa,train/03621_Animalia_Chordata_Aves_Passeriformes_Passeridae_Passer_domesticus/b0f357c5-6cf8-4d5d-b873-6370ae767ce7.wav,4.415
3621,Passer domesticus,houspa,train/03621_Animalia_Chordata_Aves_Passeriformes_Passeridae_Passer_domesticus/b110bef9-8175-4931-9f53-0b5ec5f89e30.wav,11.776
3621,Passer domesticus,houspa,train/03621_Animalia_Chordata_Aves_Passeriformes_Passeridae_Passer_domesticus/b182956c-a890-4a79-b7fd-17b05c001980.wav,3.831
3621,Passer domesticus,houspa,train/03621_Animalia_Chordata_Aves_Passeriformes_Passeridae_Passer_domesticus/b1c6d41b-8344-460b-a874-a7a9c632eda2.wav,8.615
3621,Passer domesticus,houspa,train/03621_Animalia_Chordata_Aves_Passeriformes_Passeridae_Passer_domesticus/b1d47140-f111-4530-a517-e00ddaa7d241.wav,13.673
3621,Passer domesticus,houspa,train/03621_Animalia_Chordata_Aves_Passeriformes_Passeridae_Passer_domesticus/b1e7ac03-b04b-41a1-b7fa-b2519d068a32.wav,10.919
3621,Passer domesticus,houspa,train/03621_Animalia_Chordata_Aves_Passeriformes_Passeridae_Passer_domesticus/b25d0e78-3311-41ce-8c36-237c913c4dc4.wav,12.288
3621,Passer domesticus,houspa,train/03621_Animalia_Chordata_Aves_Passeriformes_Passeridae_Passer_domesticus/b262c7c0-e2c9-4635-bb60-f73196cbfea4.wav,17.972
3621,Passer domesticus,houspa,train/03621_Animalia_Chordata_Aves_Passeriformes_Passeridae_Passer_domesticus/b3230b84-d0d5-4691-a4d9-9dd04fb7547d.wav,13.12
3621,Passer domesticus,houspa,train/03621_Animalia_Chordata_Aves_Passeriformes_Passeridae_Passer_domesticus/b32bee61-34ee-4f67-9a1a-ad9a33e4f865.wav,8.317
3621,Passer domesticus,houspa,train/03621_Animalia_Chordata_Aves_Passeriformes_Passeridae_Passer_domesticus/b35baddb-db7b-4302-9e8a-71a6d6fa694b.wav,42.971
3621,Passer domesticus,houspa,train/03621_Animalia_Chordata_Aves_Passeriformes_Passeridae_Passer_domesticus/b39cef95-1e16-452d-845e-0fbf6c19bf1f.wav,16.417
3621,Passer domesticus,houspa,train/03621_Animalia_Chordata_Aves_Passeriformes_Passeridae_Passer_domesticus/b3be370a-3b74-4027-a67c-f836111280cf.wav,36.288
3621,Passer domesticus,houspa,train/03621_Animalia_Chordata_Aves_Passeriformes_Passeridae_Passer_domesticus/b48496f2-bb96-42ea-91ac-9c1580d1ced2.wav,2.879
3621,Passer domesticus,houspa,train/03621_Animalia_Chordata_Aves_Passeriformes_Passeridae_Passer_domesticus/b498a7ad-6895-450c-84a3-ac0ab441e1f4.wav,68.448
3621,Passer domesticus,houspa,train/03621_Animalia_Chordata_Aves_Passeriformes_Passeridae_Passer_domesticus/b4baf297-d997-45ce-9f78-cb03ec46ef19.wav,3.069
3621,Passer domesticus,houspa,train/03621_Animalia_Chordata_Aves_Passeriformes_Passeridae_Passer_domesticus/b4bd480f-e6d3-4485-b5e4-c0eae8c0ed76.wav,8.389
3621,Passer domesticus,houspa,train/03621_Animalia_Chordata_Aves_Passeriformes_Passeridae_Passer_domesticus/b4c8381a-584a-436a-bf1f-22ff4f3e4358.wav,15.116
3621,Passer domesticus,houspa,train/03621_Animalia_Chordata_Aves_Passeriformes_Passeridae_Passer_domesticus/b4cf5cb1-ae83-4610-9746-5d55c7188a0a.wav,55.565
3621,Passer domesticus,houspa,train/03621_Animalia_Chordata_Aves_Passeriformes_Passeridae_Passer_domesticus/b50b25c0-18f2-4da4-8962-fb3b66ad00ca.wav,7.105
3621,Passer domesticus,houspa,train/03621_Animalia_Chordata_Aves_Passeriformes_Passeridae_Passer_domesticus/b53f3ac3-c465-48af-af8e-792176bc5f47.wav,6.107
3621,Passer domesticus,houspa,train/03621_Animalia_Chordata_Aves_Passeriformes_Passeridae_Passer_domesticus/b5623f21-1a68-43d2-bd8a-336683d3e2f5.wav,19.18
3621,Passer domesticus,houspa,train/03621_Animalia_Chordata_Aves_Passeriformes_Passeridae_Passer_domesticus/b59d77e5-716d-4013-a85a-1c0e16cf7541.wav,300.501
3621,Passer domesticus,houspa,train/03621_Animalia_Chordata_Aves_Passeriformes_Passeridae_Passer_domesticus/b5c77235-61e0-4648-90ab-e9a54700fc76.wav,4.992
3621,Passer domesticus,houspa,train/03621_Animalia_Chordata_Aves_Passeriformes_Passeridae_Passer_domesticus/b5c87a74-7945-4cef-b572-9560364c24e5.wav,3.208
3621,Passer domesticus,houspa,train/03621_Animalia_Chordata_Aves_Passeriformes_Passeridae_Passer_domesticus/b5ca9e6b-9401-4ac8-bd35-f55368a2131f.wav,10.751
3621,Passer domesticus,houspa,train/03621_Animalia_Chordata_Aves_Passeriformes_Passeridae_Passer_domesticus/b602542e-1418-4318-a664-6b3b5312b94b.wav,3.831
3621,Passer domesticus,houspa,train/03621_Animalia_Chordata_Aves_Passeriformes_Passeridae_Passer_domesticus/b64802b0-1b46-4fd5-838c-be5a00ca7dbc.wav,15.023
3621,Passer domesticus,houspa,train/03621_Animalia_Chordata_Aves_Passeriformes_Passeridae_Passer_domesticus/b6633333-f463-4eed-9464-122a6d411253.wav,5.445
3621,Passer domesticus,houspa,train/03621_Animalia_Chordata_Aves_Passeriformes_Passeridae_Passer_domesticus/b6f58eb6-d26b-4123-98b0-717a1782e05d.wav,5.445
3621,Passer domesticus,houspa,train/03621_Animalia_Chordata_Aves_Passeriformes_Passeridae_Passer_domesticus/b7624443-edfd-46be-83fc-a1c118c1ff5e.wav,12.109
3621,Passer domesticus,houspa,train/03621_Animalia_Chordata_Aves_Passeriformes_Passeridae_Passer_domesticus/b76f4b16-195e-4fb5-a95c-395a43d145ac.wav,14.396
3621,Passer domesticus,houspa,train/03621_Animalia_Chordata_Aves_Passeriformes_Passeridae_Passer_domesticus/b841c945-9f4a-403e-bb52-b6f190c83867.wav,51.345
3621,Passer domesticus,houspa,train/03621_Animalia_Chordata_Aves_Passeriformes_Passeridae_Passer_domesticus/b856970c-814d-401a-9771-e8d387944a25.wav,5.805
3621,Passer domesticus,houspa,train/03621_Animalia_Chordata_Aves_Passeriformes_Passeridae_Passer_domesticus/b8841726-d5ba-49e0-9a30-66c28a15bf53.wav,32.531
3621,Passer domesticus,houspa,train/03621_Animalia_Chordata_Aves_Passeriformes_Passeridae_Passer_domesticus/b8a8eee9-8d36-4218-8926-9c181f1c5ded.wav,11.993
3621,Passer domesticus,houspa,train/03621_Animalia_Chordata_Aves_Passeriformes_Passeridae_Passer_domesticus/b8fbc5a7-e3c0-466b-a808-4a33b62ee1fa.wav,11.333
3621,Passer domesticus,houspa,train/03621_Animalia_Chordata_Aves_Passeriformes_Passeridae_Passer_domesticus/b90b5f23-9d45-4dd8-9fb7-8de10ae3f14f.wav,11.947
3621,Passer domesticus,houspa,train/03621_Animalia_Chordata_Aves_Passeriformes_Passeridae_Passer_domesticus/b91cd6d9-b068-4e21-bcec-6c2f103d29b0.wav,6.989
3621,Passer domesticus,houspa,train/03621_Animalia_Chordata_Aves_Passeriformes_Passeridae_Passer_domesticus/b93b4e2e-c1fe-4d1c-8dc2-063e0efae830.wav,16.014
3621,Passer domesticus,houspa,train/03621_Animalia_Chordata_Aves_Passeriformes_Passeridae_Passer_domesticus/b9dd2f4c-c4ae-4385-bab2-ba9a029feb23.wav,3.986
3621,Passer domesticus,houspa,train/03621_Animalia_Chordata_Aves_Passeriformes_Passeridae_Passer_domesticus/b9f20b03-ce55-48f7-94eb-83c3091ccf47.wav,20.941
3621,Passer domesticus,houspa,train/03621_Animalia_Chordata_Aves_Passeriformes_Passeridae_Passer_domesticus/ba157f3e-5c25-49e1-92d4-e47c8b0ee80c.wav,8.963
3621,Passer domesticus,houspa,train/03621_Animalia_Chordata_Aves_Passeriformes_Passeridae_Passer_domesticus/bac7f362-5436-41d0-ba2a-9faa1d16744f.wav,18.197
3621,Passer domesticus,houspa,train/03621_Animalia_Chordata_Aves_Passeriformes_Passeridae_Passer_domesticus/baec94a8-8d2a-41c6-98dd-6c6f7d259477.wav,36.672
3621,Passer domesticus,houspa,train/03621_Animalia_Chordata_Aves_Passeriformes_Passeridae_Passer_domesticus/bb041054-02ef-480f-af0a-653aea63187f.wav,180.271
3621,Passer domesticus,houspa,train/03621_Animalia_Chordata_Aves_Passeriformes_Passeridae_Passer_domesticus/bb109067-dcce-48f0-9d36-d1673367d12f.wav,15.897
3621,Passer domesticus,houspa,train/03621_Animalia_Chordata_Aves_Passeriformes_Passeridae_Passer_domesticus/bb5051d1-a2ca-4145-be04-045c53925850.wav,22.187
3621,Passer domesticus,houspa,train/03621_Animalia_Chordata_Aves_Passeriformes_Passeridae_Passer_domesticus/bbf99dcc-7a8b-4a0e-9218-75662d4206f2.wav,41.691
3621,Passer domesticus,houspa,train/03621_Animalia_Chordata_Aves_Passeriformes_Passeridae_Passer_domesticus/bc5f609b-8791-4212-ac30-247112cf5b83.wav,7.903
3621,Passer domesticus,houspa,train/03621_Animalia_Chordata_Aves_Passeriformes_Passeridae_Passer_domesticus/bc652f81-5987-40ee-8080-5ee94aa36b84.wav,6.107
3621,Passer domesticus,houspa,train/03621_Animalia_Chordata_Aves_Passeriformes_Passeridae_Passer_domesticus/bc6b82d1-c12a-4195-bcba-fc9b1d791155.wav,6.034
3621,Passer domesticus,houspa,train/03621_Animalia_Chordata_Aves_Passeriformes_Passeridae_Passer_domesticus/bd030fc6-5f8a-4ef0-883a-cd04897f4057.wav,15.185
3621,Passer domesticus,houspa,train/03621_Animalia_Chordata_Aves_Passeriformes_Passeridae_Passer_domesticus/bdd43e8e-88ee-4f2c-b33b-60ecdf0f357f.wav,4.661
3621,Passer domesticus,houspa,train/03621_Animalia_Chordata_Aves_Passeriformes_Passeridae_Passer_domesticus/bdd818b0-5052-4d67-ad28-ee2b54366d94.wav,11.494
3621,Passer domesticus,houspa,train/03621_Animalia_Chordata_Aves_Passeriformes_Passeridae_Passer_domesticus/bddba8e6-449d-4667-99d3-baa999d1312e.wav,8.546
3621,Passer domesticus,houspa,train/03621_Animalia_Chordata_Aves_Passeriformes_Passeridae_Passer_domesticus/be05dc7c-9c17-41a8-94c0-d47dee9b836a.wav,17.508
3621,Passer domesticus,houspa,train/03621_Animalia_Chordata_Aves_Passeriformes_Passeridae_Passer_domesticus/be0b271e-c714-43fd-bced-75ae924061cf.wav,14.08
3621,Passer domesticus,houspa,train/03621_Animalia_Chordata_Aves_Passeriformes_Passeridae_Passer_domesticus/be26f741-a915-4896-ad63-ebc21523e50c.wav,21.215
3621,Passer domesticus,houspa,train/03621_Animalia_Chordata_Aves_Passeriformes_Passeridae_Passer_domesticus/be376290-9f14-47fb-a208-a7d653d409a3.wav,11.564
3621,Passer domesticus,houspa,train/03621_Animalia_Chordata_Aves_Passeriformes_Passeridae_Passer_domesticus/beb1c3d8-f407-4883-8c3e-64007ad4ebb3.wav,11.57
3621,Passer domesticus,houspa,train/03621_Animalia_Chordata_Aves_Passeriformes_Passeridae_Passer_domesticus/bf031be3-1c86-42fd-95e5-d4776d65e63f.wav,6.464
3621,Passer domesticus,houspa,train/03621_Animalia_Chordata_Aves_Passeriformes_Passeridae_Passer_domesticus/bf12cd71-1142-4924-b4c5-6ed7d1a9a2cc.wav,11.842
3621,Passer domesticus,houspa,train/03621_Animalia_Chordata_Aves_Passeriformes_Passeridae_Passer_domesticus/bf8db774-e47e-4a5a-bc1a-5fb2bf9461ee.wav,8.452
3621,Passer domesticus,houspa,train/03621_Animalia_Chordata_Aves_Passeriformes_Passeridae_Passer_domesticus/bf9d3c13-d873-4c66-9b3d-f7e8ffb51a8c.wav,8.256
3621,Passer domesticus,houspa,train/03621_Animalia_Chordata_Aves_Passeriformes_Passeridae_Passer_domesticus/c076438d-c8bf-4055-8586-8ed0dbf6219d.wav,8.384
3621,Passer domesticus,houspa,train/03621_Animalia_Chordata_Aves_Passeriformes_Passeridae_Passer_domesticus/c1486db0-473f-43e3-ae52-c3c9103102c8.wav,4.714
3621,Passer domesticus,houspa,train/03621_Animalia_Chordata_Aves_Passeriformes_Passeridae_Passer_domesticus/c16f9c0c-0207-4429-8963-c92da99a4aac.wav,4.625
3621,Passer domesticus,houspa,train/03621_Animalia_Chordata_Aves_Passeriformes_Passeridae_Passer_domesticus/c1c4f589-01bb-4056-809f-483054f241d4.wav,29.623
3621,Passer domesticus,houspa,train/03621_Animalia_Chordata_Aves_Passeriformes_Passeridae_Passer_domesticus/c1c5f505-94ff-40bc-a7b2-91ebacbb331e.wav,5.77
3621,Passer domesticus,houspa,train/03621_Animalia_Chordata_Aves_Passeriformes_Passeridae_Passer_domesticus/c1ed1a22-9a30-4e59-aaf5-0a978ec40734.wav,13.816
3621,Passer domesticus,houspa,train/03621_Animalia_Chordata_Aves_Passeriformes_Passeridae_Passer_domesticus/c1faa5ec-449a-43ae-9b27-26f8ea3b2806.wav,0.197
3621,Passer domesticus,houspa,train/03621_Animalia_Chordata_Aves_Passeriformes_Passeridae_Passer_domesticus/c22bd005-1086-4d6a-8e78-4e1b8cc79a30.wav,19.923
3621,Passer domesticus,houspa,train/03621_Animalia_Chordata_Aves_Passeriformes_Passeridae_Passer_domesticus/c22e4c2d-a682-4bdb-8925-8066b19da28f.wav,22.719
3621,Passer domesticus,houspa,train/03621_Animalia_Chordata_Aves_Passeriformes_Passeridae_Passer_domesticus/c2424862-8bcd-4285-9a80-ee67d6bf18e2.wav,11.595
3621,Passer domesticus,houspa,train/03621_Animalia_Chordata_Aves_Passeriformes_Passeridae_Passer_domesticus/c2a60252-433d-4962-ae21-f1b4917d3540.wav,6.989
3621,Passer domesticus,houspa,train/03621_Animalia_Chordata_Aves_Passeriformes_Passeridae_Passer_domesticus/c2d1779b-f2a5-424f-9a18-fa0753356026.wav,2.893
3621,Passer domesticus,houspa,train/03621_Animalia_Chordata_Aves_Passeriformes_Passeridae_Passer_domesticus/c2ec770f-b788-48de-92c1-80ea3c517ff1.wav,10.944
3621,Passer domesticus,houspa,train/03621_Animalia_Chordata_Aves_Passeriformes_Passeridae_Passer_domesticus/c2f4affe-c0f0-4f1d-aede-63cc2c81b04d.wav,7.872
3621,Passer domesticus,houspa,train/03621_Animalia_Chordata_Aves_Passeriformes_Passeridae_Passer_domesticus/c2fcbf61-ed6e-4647-a9c0-9b43e788036d.wav,45.355
3621,Passer domesticus,houspa,train/03621_Animalia_Chordata_Aves_Passeriformes_Passeridae_Passer_domesticus/c3658797-9e86-4716-bd23-745805e687fc.wav,2.682
3621,Passer domesticus,houspa,train/03621_Animalia_Chordata_Aves_Passeriformes_Passeridae_Passer_domesticus/c37c1fdd-d824-4718-9535-7b7755a579d0.wav,16.068
3621,Passer domesticus,houspa,train/03621_Animalia_Chordata_Aves_Passeriformes_Passeridae_Passer_domesticus/c3b176dd-31fc-4994-99f5-5dcdbd5ae66b.wav,10.519
3621,Passer domesticus,houspa,train/03621_Animalia_Chordata_Aves_Passeriformes_Passeridae_Passer_domesticus/c3b29bed-e1bb-443d-a520-24a4b6b2ad30.wav,3.831
3621,Passer domesticus,houspa,train/03621_Animalia_Chordata_Aves_Passeriformes_Passeridae_Passer_domesticus/c4312760-a415-4f3d-bce6-0cc354329b3f.wav,5.341
3621,Passer domesticus,houspa,train/03621_Animalia_Chordata_Aves_Passeriformes_Passeridae_Passer_domesticus/c464e032-1a87-4bab-ae4c-d3a0bc30b78b.wav,10.083
3621,Passer domesticus,houspa,train/03621_Animalia_Chordata_Aves_Passeriformes_Passeridae_Passer_domesticus/c46c382c-7dfe-4908-a838-a736f9c162c0.wav,8.615
3621,Passer domesticus,houspa,train/03621_Animalia_Chordata_Aves_Passeriformes_Passeridae_Passer_domesticus/c49197d2-072f-4dce-ae6f-fd67b9b56d15.wav,8.777
3621,Passer domesticus,houspa,train/03621_Animalia_Chordata_Aves_Passeriformes_Passeridae_Passer_domesticus/c49605cf-0fbe-4d11-bd69-a6864f371e3a.wav,54.805
3621,Passer domesticus,houspa,train/03621_Animalia_Chordata_Aves_Passeriformes_Passeridae_Passer_domesticus/c57d0871-cffd-4179-8601-9fd43673fdbd.wav,12.19
3621,Passer domesticus,houspa,train/03621_Animalia_Chordata_Aves_Passeriformes_Passeridae_Passer_domesticus/c5aaa3c9-fde5-4f80-b1ae-aba55de603b3.wav,17.444
3621,Passer domesticus,houspa,train/03621_Animalia_Chordata_Aves_Passeriformes_Passeridae_Passer_domesticus/c5b41d5d-9eaf-40a0-b890-79a82b163d9e.wav,3.548
3621,Passer domesticus,houspa,train/03621_Animalia_Chordata_Aves_Passeriformes_Passeridae_Passer_domesticus/c5dfbe97-6948-4aee-940d-7983ee16388e.wav,23.22
3621,Passer domesticus,houspa,train/03621_Animalia_Chordata_Aves_Passeriformes_Passeridae_Passer_domesticus/c6b2bf38-4f18-4abd-aea4-8d48ffbf5fe7.wav,7.361
3621,Passer domesticus,houspa,train/03621_Animalia_Chordata_Aves_Passeriformes_Passeridae_Passer_domesticus/c714d091-82db-416d-8711-8ad46052617d.wav,21.152
3621,Passer domesticus,houspa,train/03621_Animalia_Chordata_Aves_Passeriformes_Passeridae_Passer_domesticus/c7785683-66fa-438a-ba85-3db21971b476.wav,13.28
3621,Passer domesticus,houspa,train/03621_Animalia_Chordata_Aves_Passeriformes_Passeridae_Passer_domesticus/c7a15bd3-2c29-4ece-ade2-6d541fcfb6a6.wav,13.653
3621,Passer domesticus,houspa,train/03621_Animalia_Chordata_Aves_Passeriformes_Passeridae_Passer_domesticus/c7d89b15-21a1-4be6-bf37-9904c3b44604.wav,11.865
3621,Passer domesticus,houspa,train/03621_Animalia_Chordata_Aves_Passeriformes_Passeridae_Passer_domesticus/c80422bc-6ea7-4cd1-8dd5-9bd865168209.wav,6.153
3621,Passer domesticus,houspa,train/03621_Animalia_Chordata_Aves_Passeriformes_Passeridae_Passer_domesticus/c8b815d1-81d2-4650-bcd0-634d19e353b3.wav,20.573
3621,Passer domesticus,houspa,train/03621_Animalia_Chordata_Aves_Passeriformes_Passeridae_Passer_domesticus/c8b8d248-1f08-4303-84ab-75344289c411.wav,23.336
3621,Passer domesticus,houspa,train/03621_Animalia_Chordata_Aves_Passeriformes_Passeridae_Passer_domesticus/c8c95c3d-08d1-4291-a822-ebd229e477e5.wav,4.992
3621,Passer domesticus,houspa,train/03621_Animalia_Chordata_Aves_Passeriformes_Passeridae_Passer_domesticus/c8ec8160-bc1b-4c5b-ace1-d56517dafa99.wav,9.59
3621,Passer domesticus,houspa,train/03621_Animalia_Chordata_Aves_Passeriformes_Passeridae_Passer_domesticus/c90cc883-21f0-46e7-ae47-f5b57f219504.wav,3.831
3621,Passer domesticus,houspa,train/03621_Animalia_Chordata_Aves_Passeriformes_Passeridae_Passer_domesticus/c943cf0f-b6f9-4a52-ab90-7ba9de464187.wav,36.19
3621,Passer domesticus,houspa,train/03621_Animalia_Chordata_Aves_Passeriformes_Passeridae_Passer_domesticus/c946dd64-bcff-468c-87c6-9196be88836e.wav,15.663
3621,Passer domesticus,houspa,train/03621_Animalia_Chordata_Aves_Passeriformes_Passeridae_Passer_domesticus/c9f4ac0a-8604-426d-944a-0d08febfe050.wav,10.021
3621,Passer domesticus,houspa,train/03621_Animalia_Chordata_Aves_Passeriformes_Passeridae_Passer_domesticus/ca2279bd-b4e8-49bf-815e-87ea0b756def.wav,3.912
3621,Passer domesticus,houspa,train/03621_Animalia_Chordata_Aves_Passeriformes_Passeridae_Passer_domesticus/ca3b8308-f101-4b71-b627-fc5cad07dad8.wav,7.754
3621,Passer domesticus,houspa,train/03621_Animalia_Chordata_Aves_Passeriformes_Passeridae_Passer_domesticus/ca458b31-90e9-459b-86e8-5c75aace1cd5.wav,3.228
3621,Passer domesticus,houspa,train/03621_Animalia_Chordata_Aves_Passeriformes_Passeridae_Passer_domesticus/ca9c5a09-b844-40cf-a4fd-1117d4c7c082.wav,10.031
3621,Passer domesticus,houspa,train/03621_Animalia_Chordata_Aves_Passeriformes_Passeridae_Passer_domesticus/cad853e2-81f3-4e95-9752-611f491ce981.wav,14.629
3621,Passer domesticus,houspa,train/03621_Animalia_Chordata_Aves_Passeriformes_Passeridae_Passer_domesticus/cafdcdc0-56c6-460c-9698-89fdb8f3b234.wav,14.652
3621,Passer domesticus,houspa,train/03621_Animalia_Chordata_Aves_Passeriformes_Passeridae_Passer_domesticus/caff1c46-8423-4a6f-a710-8f55622481be.wav,7.079
3621,Passer domesticus,houspa,train/03621_Animalia_Chordata_Aves_Passeriformes_Passeridae_Passer_domesticus/cb0cfe85-560b-453b-95cf-330d4e3692ab.wav,12.492
3621,Passer domesticus,houspa,train/03621_Animalia_Chordata_Aves_Passeriformes_Passeridae_Passer_domesticus/cb1a55ae-81aa-4bca-a15e-e9aaae4bfb4a.wav,14.671
3621,Passer domesticus,houspa,train/03621_Animalia_Chordata_Aves_Passeriformes_Passeridae_Passer_domesticus/cb3c25e7-7fe8-4e7f-a390-db558ca4344b.wav,17.276
3621,Passer domesticus,houspa,train/03621_Animalia_Chordata_Aves_Passeriformes_Passeridae_Passer_domesticus/cbace808-e12f-4ab0-937d-93fe055fa5f5.wav,12.109
3621,Passer domesticus,houspa,train/03621_Animalia_Chordata_Aves_Passeriformes_Passeridae_Passer_domesticus/cbc61b00-7344-4b56-8724-bad88f6c26cb.wav,12.957
3621,Passer domesticus,houspa,train/03621_Animalia_Chordata_Aves_Passeriformes_Passeridae_Passer_domesticus/cbff7268-4201-44d6-b7ad-40f3e2559150.wav,11.656
3621,Passer domesticus,houspa,train/03621_Animalia_Chordata_Aves_Passeriformes_Passeridae_Passer_domesticus/cc058a8d-5bc0-43dc-a986-8e5c1755fc36.wav,7.616
3621,Passer domesticus,houspa,train/03621_Animalia_Chordata_Aves_Passeriformes_Passeridae_Passer_domesticus/cc1d20c9-26d6-4fb0-9928-5b4cc0c3f73c.wav,10.709
3621,Passer domesticus,houspa,train/03621_Animalia_Chordata_Aves_Passeriformes_Passeridae_Passer_domesticus/cc9501f4-6955-46e9-a65a-5479865f3d6c.wav,19.04
3621,Passer domesticus,houspa,train/03621_Animalia_Chordata_Aves_Passeriformes_Passeridae_Passer_domesticus/cc9c5326-3cf0-418d-aff7-99ceb5bf1138.wav,8.704
3621,Passer domesticus,houspa,train/03621_Animalia_Chordata_Aves_Passeriformes_Passeridae_Passer_domesticus/ccabcde9-5929-4be6-a478-6482c16db73c.wav,22.477
3621,Passer domesticus,houspa,train/03621_Animalia_Chordata_Aves_Passeriformes_Passeridae_Passer_domesticus/cd36a620-9a00-4221-b881-09938ef5c584.wav,9.752
3621,Passer domesticus,houspa,train/03621_Animalia_Chordata_Aves_Passeriformes_Passeridae_Passer_domesticus/cda90e96-631e-45f6-bcbe-a05633f024ef.wav,12.005
3621,Passer domesticus,houspa,train/03621_Animalia_Chordata_Aves_Passeriformes_Passeridae_Passer_domesticus/cdc462b2-0675-446f-9f58-39eaf5ddd870.wav,8.313
3621,Passer domesticus,houspa,train/03621_Animalia_Chordata_Aves_Passeriformes_Passeridae_Passer_domesticus/cded632d-d97e-4744-bda7-27bf85e6efaf.wav,16.579
3621,Passer domesticus,houspa,train/03621_Animalia_Chordata_Aves_Passeriformes_Passeridae_Passer_domesticus/ce122f9b-ea35-4802-8f22-e873d70ec100.wav,19.008
3621,Passer domesticus,houspa,train/03621_Animalia_Chordata_Aves_Passeriformes_Passeridae_Passer_domesticus/ce6a0053-bf28-4dcc-b3bc-9a9b62db308d.wav,3.694
3621,Passer domesticus,houspa,train/03621_Animalia_Chordata_Aves_Passeriformes_Passeridae_Passer_domesticus/ce81e23b-49ce-4296-92a3-000e3841318a.wav,13.7
3621,Passer domesticus,houspa,train/03621_Animalia_Chordata_Aves_Passeriformes_Passeridae_Passer_domesticus/ce916cae-14d7-4ff8-8b7b-89ad00c6b6d7.wav,17.6
3621,Passer domesticus,houspa,train/03621_Animalia_Chordata_Aves_Passeriformes_Passeridae_Passer_domesticus/cecd1401-5fc3-451b-b0d3-b7a8445e18a2.wav,6.869
3621,Passer domesticus,houspa,train/03621_Animalia_Chordata_Aves_Passeriformes_Passeridae_Passer_domesticus/cf6d1e76-e679-4054-8f3a-0467cd1fafd7.wav,5.294
3621,Passer domesticus,houspa,train/03621_Animalia_Chordata_Aves_Passeriformes_Passeridae_Passer_domesticus/cf9cdb88-1caf-4a88-950a-f53cb7643dac.wav,9.749
3621,Passer domesticus,houspa,train/03621_Animalia_Chordata_Aves_Passeriformes_Passeridae_Passer_domesticus/cfbe311d-f6b3-405c-ad31-c3259f690716.wav,6.385
3621,Passer domesticus,houspa,train/03621_Animalia_Chordata_Aves_Passeriformes_Passeridae_Passer_domesticus/cfce0e24-64eb-451e-9f43-5b865811bb45.wav,25.452
3621,Passer domesticus,houspa,train/03621_Animalia_Chordata_Aves_Passeriformes_Passeridae_Passer_domesticus/cfd00c3b-2df0-436c-bb88-0e64982fa253.wav,16.672
3621,Passer domesticus,houspa,train/03621_Animalia_Chordata_Aves_Passeriformes_Passeridae_Passer_domesticus/d029891b-8923-4451-a995-d1981ca14c94.wav,14.547
3621,Passer domesticus,houspa,train/03621_Animalia_Chordata_Aves_Passeriformes_Passeridae_Passer_domesticus/d02d90cc-2ade-480c-9348-0ddd24fcb2a1.wav,10.28
3621,Passer domesticus,houspa,train/03621_Animalia_Chordata_Aves_Passeriformes_Passeridae_Passer_domesticus/d041a762-cb3d-4251-a80d-56d3f3a215d2.wav,12.562
3621,Passer domesticus,houspa,train/03621_Animalia_Chordata_Aves_Passeriformes_Passeridae_Passer_domesticus/d22a006f-0d05-452a-b763-6843a0ec95a6.wav,5.6
3621,Passer domesticus,houspa,train/03621_Animalia_Chordata_Aves_Passeriformes_Passeridae_Passer_domesticus/d28a7fec-c44f-41d8-be86-9bb46179a769.wav,8.034
3621,Passer domesticus,houspa,train/03621_Animalia_Chordata_Aves_Passeriformes_Passeridae_Passer_domesticus/d2a2a06e-cac5-4664-a95b-f2fa7e382fb2.wav,3.194
3621,Passer domesticus,houspa,train/03621_Animalia_Chordata_Aves_Passeriformes_Passeridae_Passer_domesticus/d2b73a60-ea51-4ab7-aa68-51913fc1f37c.wav,2.796
3621,Passer domesticus,houspa,train/03621_Animalia_Chordata_Aves_Passeriformes_Passeridae_Passer_domesticus/d2c995b0-1b42-4590-b331-584d17279557.wav,8.568
3621,Passer domesticus,houspa,train/03621_Animalia_Chordata_Aves_Passeriformes_Passeridae_Passer_domesticus/d2f44acc-5dca-4b94-b3d7-237437390051.wav,21.967
3621,Passer domesticus,houspa,train/03621_Animalia_Chordata_Aves_Passeriformes_Passeridae_Passer_domesticus/d3166f47-0e82-407b-8b3f-60b97ce4cff9.wav,6.966
3621,Passer domesticus,houspa,train/03621_Animalia_Chordata_Aves_Passeriformes_Passeridae_Passer_domesticus/d3d4fa81-4f36-422e-9eef-43df2e6215b7.wav,9.915
3621,Passer domesticus,houspa,train/03621_Animalia_Chordata_Aves_Passeriformes_Passeridae_Passer_domesticus/d3f796c0-6c31-46b0-8d03-2e0e373ca533.wav,6.875
3621,Passer domesticus,houspa,train/03621_Animalia_Chordata_Aves_Passeriformes_Passeridae_Passer_domesticus/d3f89a62-390a-4eea-99b1-ee134a3dec16.wav,18.785
3621,Passer domesticus,houspa,train/03621_Animalia_Chordata_Aves_Passeriformes_Passeridae_Passer_domesticus/d403e558-b979-43f6-882d-9a76d4af7863.wav,9.242
3621,Passer domesticus,houspa,train/03621_Animalia_Chordata_Aves_Passeriformes_Passeridae_Passer_domesticus/d434d8e8-8f77-4ba7-b85f-b3bfc27fb874.wav,2.586
3621,Passer domesticus,houspa,train/03621_Animalia_Chordata_Aves_Passeriformes_Passeridae_Passer_domesticus/d45d08bd-a3b4-4a91-96ff-58a9d77d82ad.wav,10.296
3621,Passer domesticus,houspa,train/03621_Animalia_Chordata_Aves_Passeriformes_Passeridae_Passer_domesticus/d486dde3-5626-4ffa-9a45-2e9c61357b37.wav,24.724
3621,Passer domesticus,houspa,train/03621_Animalia_Chordata_Aves_Passeriformes_Passeridae_Passer_domesticus/d508fc5d-af18-4a05-b48b-5f7c16bdc538.wav,23.125
3621,Passer domesticus,houspa,train/03621_Animalia_Chordata_Aves_Passeriformes_Passeridae_Passer_domesticus/d509babe-af8b-4802-9ecc-a1d57998e806.wav,25.658
3621,Passer domesticus,houspa,train/03621_Animalia_Chordata_Aves_Passeriformes_Passeridae_Passer_domesticus/d53ff15a-037d-47c8-9dbc-b23b344ae332.wav,6.246
3621,Passer domesticus,houspa,train/03621_Animalia_Chordata_Aves_Passeriformes_Passeridae_Passer_domesticus/d59c5f94-8f15-4b88-9d68-4f8bd6d8cfc0.wav,31.672
3621,Passer domesticus,houspa,train/03621_Animalia_Chordata_Aves_Passeriformes_Passeridae_Passer_domesticus/d5d07c36-ae15-4151-928f-562c07abdcdb.wav,15.232
3621,Passer domesticus,houspa,train/03621_Animalia_Chordata_Aves_Passeriformes_Passeridae_Passer_domesticus/d5e2b3ea-7da4-45c7-b081-7235dfd6f3e5.wav,18.39
3621,Passer domesticus,houspa,train/03621_Animalia_Chordata_Aves_Passeriformes_Passeridae_Passer_domesticus/d5f0b935-523e-4195-9c7d-160feb7b09fe.wav,7.296
3621,Passer domesticus,houspa,train/03621_Animalia_Chordata_Aves_Passeriformes_Passeridae_Passer_domesticus/d6ec6e88-821b-47dc-b182-78d13f938241.wav,10.083
3621,Passer domesticus,houspa,train/03621_Animalia_Chordata_Aves_Passeriformes_Passeridae_Passer_domesticus/d72090e2-c03f-4a3b-bf1b-eea34b178d4f.wav,3.299
3621,Passer domesticus,houspa,train/03621_Animalia_Chordata_Aves_Passeriformes_Passeridae_Passer_domesticus/d7256b3e-856e-4b5d-9e62-03a0b5f2daae.wav,3.831
3621,Passer domesticus,houspa,train/03621_Animalia_Chordata_Aves_Passeriformes_Passeridae_Passer_domesticus/d734fbfd-769b-41cc-b431-9be783fb6064.wav,11.076
3621,Passer domesticus,houspa,train/03621_Animalia_Chordata_Aves_Passeriformes_Passeridae_Passer_domesticus/d738f9fe-cb3b-49bf-9b67-261732d36c9f.wav,31.451
3621,Passer domesticus,houspa,train/03621_Animalia_Chordata_Aves_Passeriformes_Passeridae_Passer_domesticus/d773e4d8-3928-49a9-8846-db75543dbc4b.wav,23.339
3621,Passer domesticus,houspa,train/03621_Animalia_Chordata_Aves_Passeriformes_Passeridae_Passer_domesticus/d78badff-5073-4acf-ac76-65cd4b2feda2.wav,11.52
3621,Passer domesticus,houspa,train/03621_Animalia_Chordata_Aves_Passeriformes_Passeridae_Passer_domesticus/d7943bd5-8cd4-4938-a18d-0e39385a64b1.wav,17.81
3621,Passer domesticus,houspa,train/03621_Animalia_Chordata_Aves_Passeriformes_Passeridae_Passer_domesticus/d7acb921-70f2-48d8-ba41-b2d6379f418f.wav,14.656
3621,Passer domesticus,houspa,train/03621_Animalia_Chordata_Aves_Passeriformes_Passeridae_Passer_domesticus/d7e39a02-6a35-4569-81c7-1ce21f5c992d.wav,7.991
3621,Passer domesticus,houspa,train/03621_Animalia_Chordata_Aves_Passeriformes_Passeridae_Passer_domesticus/d814995e-3e68-4c30-a4ed-2a3ee92496f2.wav,16.896
3621,Passer domesticus,houspa,train/03621_Animalia_Chordata_Aves_Passeriformes_Passeridae_Passer_domesticus/d82e47cb-6499-497a-b250-7b293372ee15.wav,25.437
3621,Passer domesticus,houspa,train/03621_Animalia_Chordata_Aves_Passeriformes_Passeridae_Passer_domesticus/d86c13dd-7822-4367-ac94-f497dbf22f1d.wav,8.865
3621,Passer domesticus,houspa,train/03621_Animalia_Chordata_Aves_Passeriformes_Passeridae_Passer_domesticus/d8cbc6eb-50e1-4512-83a5-fdc32cbeac7b.wav,5.056
3621,Passer domesticus,houspa,train/03621_Animalia_Chordata_Aves_Passeriformes_Passeridae_Passer_domesticus/d94d844e-6f7e-4a16-b124-289a4e4857ce.wav,4.971
3621,Passer domesticus,houspa,train/03621_Animalia_Chordata_Aves_Passeriformes_Passeridae_Passer_domesticus/d984b050-c1d4-4f60-b9d1-589c0831e310.wav,6.014
3621,Passer domesticus,houspa,train/03621_Animalia_Chordata_Aves_Passeriformes_Passeridae_Passer_domesticus/da189d38-9f2e-44d8-bf93-215c182b07d1.wav,19.749
3621,Passer domesticus,houspa,train/03621_Animalia_Chordata_Aves_Passeriformes_Passeridae_Passer_domesticus/da4b80ef-9bdd-4c09-9a9e-52f91c0c0839.wav,2.556
3621,Passer domesticus,houspa,train/03621_Animalia_Chordata_Aves_Passeriformes_Passeridae_Passer_domesticus/da66668f-953e-4cdf-a2c6-f60a59716bd5.wav,5.479
3621,Passer domesticus,houspa,train/03621_Animalia_Chordata_Aves_Passeriformes_Passeridae_Passer_domesticus/da892bc6-b08f-4b9a-bb22-1b7ec74e11f9.wav,10.565
3621,Passer domesticus,houspa,train/03621_Animalia_Chordata_Aves_Passeriformes_Passeridae_Passer_domesticus/dacdff1d-6f89-4bfd-8ea3-fc9cef241bc6.wav,16.718
3621,Passer domesticus,houspa,train/03621_Animalia_Chordata_Aves_Passeriformes_Passeridae_Passer_domesticus/dad70173-7d25-4b57-b502-938950fabca2.wav,6.803
3621,Passer domesticus,houspa,train/03621_Animalia_Chordata_Aves_Passeriformes_Passeridae_Passer_domesticus/db128be3-52dd-446e-af7b-a5b29aca1a4f.wav,2.519
3621,Passer domesticus,houspa,train/03621_Animalia_Chordata_Aves_Passeriformes_Passeridae_Passer_domesticus/db2ea06e-41df-46df-82ad-392245e4370a.wav,7.152
3621,Passer domesticus,houspa,train/03621_Animalia_Chordata_Aves_Passeriformes_Passeridae_Passer_domesticus/db5e216d-eb52-4b0c-9bb2-4bafeef11545.wav,10.355
3621,Passer domesticus,houspa,train/03621_Animalia_Chordata_Aves_Passeriformes_Passeridae_Passer_domesticus/dbf3fdd7-6e51-4528-a138-f7232fcfc137.wav,13.003
3621,Passer domesticus,houspa,train/03621_Animalia_Chordata_Aves_Passeriformes_Passeridae_Passer_domesticus/dbf7b7d8-3b0f-4158-8fe3-2037a02e4dad.wav,10.944
3621,Passer domesticus,houspa,train/03621_Animalia_Chordata_Aves_Passeriformes_Passeridae_Passer_domesticus/dc41534c-2c7d-4250-824b-46f69c4d7974.wav,16.649
3621,Passer domesticus,houspa,train/03621_Animalia_Chordata_Aves_Passeriformes_Passeridae_Passer_domesticus/dc7f145a-350d-4d34-b948-5fb4bf659d49.wav,6.989
3621,Passer domesticus,houspa,train/03621_Animalia_Chordata_Aves_Passeriformes_Passeridae_Passer_domesticus/ddc35cc9-d5e6-4684-aa93-1a21f484e4ef.wav,5.12
3621,Passer domesticus,houspa,train/03621_Animalia_Chordata_Aves_Passeriformes_Passeridae_Passer_domesticus/ddcad480-7175-41f8-85a1-c9e7dfb13629.wav,30.441
3621,Passer domesticus,houspa,train/03621_Animalia_Chordata_Aves_Passeriformes_Passeridae_Passer_domesticus/de308705-a538-4d41-ab01-27461440a40c.wav,3.959
3621,Passer domesticus,houspa,train/03621_Animalia_Chordata_Aves_Passeriformes_Passeridae_Passer_domesticus/de3202a3-78a8-43c2-a6a9-307928669ff1.wav,17.016
3621,Passer domesticus,houspa,train/03621_Animalia_Chordata_Aves_Passeriformes_Passeridae_Passer_domesticus/de3cf2b3-d154-48e4-a906-f3de5b9fbab4.wav,13.978
3621,Passer domesticus,houspa,train/03621_Animalia_Chordata_Aves_Passeriformes_Passeridae_Passer_domesticus/de47919a-5506-4498-a0fe-259e8203ec85.wav,10.645
3621,Passer domesticus,houspa,train/03621_Animalia_Chordata_Aves_Passeriformes_Passeridae_Passer_domesticus/de5dc64e-2293-40c1-ac8e-cde7bac538dc.wav,36.978
3621,Passer domesticus,houspa,train/03621_Animalia_Chordata_Aves_Passeriformes_Passeridae_Passer_domesticus/deac8d0d-ae44-49d7-aae7-f0b88a1cb033.wav,13.96
3621,Passer domesticus,houspa,train/03621_Animalia_Chordata_Aves_Passeriformes_Passeridae_Passer_domesticus/deaff4da-676e-4afe-b943-02e82374a8ca.wav,5.76
3621,Passer domesticus,houspa,train/03621_Animalia_Chordata_Aves_Passeriformes_Passeridae_Passer_domesticus/df6880c0-decd-414f-9ec4-5d42299af9fd.wav,6.056
3621,Passer domesticus,houspa,train/03621_Animalia_Chordata_Aves_Passeriformes_Passeridae_Passer_domesticus/df75eaae-4056-4578-9321-992475dfdcf1.wav,53.038
3621,Passer domesticus,houspa,train/03621_Animalia_Chordata_Aves_Passeriformes_Passeridae_Passer_domesticus/dfa0dc9d-c133-4096-9006-161a2e26ed40.wav,10.64
3621,Passer domesticus,houspa,train/03621_Animalia_Chordata_Aves_Passeriformes_Passeridae_Passer_domesticus/dfe06a76-2763-407b-b635-c86aa7ee70d5.wav,12.905
3621,Passer domesticus,houspa,train/03621_Animalia_Chordata_Aves_Passeriformes_Passeridae_Passer_domesticus/dfe82cd1-5058-4479-a3d7-dc1239c0683e.wav,1.958
3621,Passer domesticus,houspa,train/03621_Animalia_Chordata_Aves_Passeriformes_Passeridae_Passer_domesticus/e00b5bfd-8034-42c9-a18d-24794d56ee79.wav,10.82
3621,Passer domesticus,houspa,train/03621_Animalia_Chordata_Aves_Passeriformes_Passeridae_Passer_domesticus/e01dc452-7da1-470a-8f1c-89306213f370.wav,10.25
3621,Passer domesticus,houspa,train/03621_Animalia_Chordata_Aves_Passeriformes_Passeridae_Passer_domesticus/e035e8a7-ace2-4336-b97c-9d6626fbbc45.wav,5.201
3621,Passer domesticus,houspa,train/03621_Animalia_Chordata_Aves_Passeriformes_Passeridae_Passer_domesticus/e04c6251-e6b4-4ee2-9bed-1a5a3b958c19.wav,1.95
3621,Passer domesticus,houspa,train/03621_Animalia_Chordata_Aves_Passeriformes_Passeridae_Passer_domesticus/e09ad56d-55a0-4004-9b61-1de317e7679a.wav,4.853
3621,Passer domesticus,houspa,train/03621_Animalia_Chordata_Aves_Passeriformes_Passeridae_Passer_domesticus/e0c8ae94-e65d-43c4-b03c-5388c469085f.wav,4.347
3621,Passer domesticus,houspa,train/03621_Animalia_Chordata_Aves_Passeriformes_Passeridae_Passer_domesticus/e0f7e5fc-df14-4387-9bb2-af928f7ab4fd.wav,6.745
3621,Passer domesticus,houspa,train/03621_Animalia_Chordata_Aves_Passeriformes_Passeridae_Passer_domesticus/e1a81032-a9ff-4a12-be1f-68c4e256b733.wav,23.812
3621,Passer domesticus,houspa,train/03621_Animalia_Chordata_Aves_Passeriformes_Passeridae_Passer_domesticus/e1aa39b2-14ec-4530-86f5-e8cf6eb21506.wav,4.992
3621,Passer domesticus,houspa,train/03621_Animalia_Chordata_Aves_Passeriformes_Passeridae_Passer_domesticus/e26be961-ca68-4558-bd96-5a9a30a556b3.wav,12.725
3621,Passer domesticus,houspa,train/03621_Animalia_Chordata_Aves_Passeriformes_Passeridae_Passer_domesticus/e2c08af5-5f1b-4ade-b9bd-9229fa548cff.wav,9.376
3621,Passer domesticus,houspa,train/03621_Animalia_Chordata_Aves_Passeriformes_Passeridae_Passer_domesticus/e2ed480e-c91e-4202-a0ae-268d05a88c80.wav,4.737
3621,Passer domesticus,houspa,train/03621_Animalia_Chordata_Aves_Passeriformes_Passeridae_Passer_domesticus/e372a67b-ebd7-4679-84f3-17a70a61af12.wav,45.14
3621,Passer domesticus,houspa,train/03621_Animalia_Chordata_Aves_Passeriformes_Passeridae_Passer_domesticus/e3cf6c7f-4825-4a4e-92e2-636289962c2d.wav,7.104
3621,Passer domesticus,houspa,train/03621_Animalia_Chordata_Aves_Passeriformes_Passeridae_Passer_domesticus/e41aac2e-64b5-4815-b9ee-b8b921a4a93d.wav,104.5
3621,Passer domesticus,houspa,train/03621_Animalia_Chordata_Aves_Passeriformes_Passeridae_Passer_domesticus/e492d60a-7e5d-47fa-b88d-9692fb82902f.wav,13.44
3621,Passer domesticus,houspa,train/03621_Animalia_Chordata_Aves_Passeriformes_Passeridae_Passer_domesticus/e4c6042f-8cc4-4313-8b48-755e6eb31855.wav,12.694
3621,Passer domesticus,houspa,train/03621_Animalia_Chordata_Aves_Passeriformes_Passeridae_Passer_domesticus/e51bf5d5-b4de-4d02-b694-5f11486be314.wav,7.723
3621,Passer domesticus,houspa,train/03621_Animalia_Chordata_Aves_Passeriformes_Passeridae_Passer_domesticus/e537a880-2a86-4208-9333-446599417a03.wav,2.875
3621,Passer domesticus,houspa,train/03621_Animalia_Chordata_Aves_Passeriformes_Passeridae_Passer_domesticus/e54629be-a538-416a-a60a-9b74a6ba1468.wav,33.564
3621,Passer domesticus,houspa,train/03621_Animalia_Chordata_Aves_Passeriformes_Passeridae_Passer_domesticus/e5b2ad67-3266-4346-a4db-569ba772d2fd.wav,8.671
3621,Passer domesticus,houspa,train/03621_Animalia_Chordata_Aves_Passeriformes_Passeridae_Passer_domesticus/e5deecfb-2e1c-45a6-9e0e-07be5d84490e.wav,10.736
3621,Passer domesticus,houspa,train/03621_Animalia_Chordata_Aves_Passeriformes_Passeridae_Passer_domesticus/e630d580-db2c-4bc4-8f63-624851546c2c.wav,25.261
3621,Passer domesticus,houspa,train/03621_Animalia_Chordata_Aves_Passeriformes_Passeridae_Passer_domesticus/e68bc0da-c736-4b02-a36b-0befaeb1e26e.wav,25.681
3621,Passer domesticus,houspa,train/03621_Animalia_Chordata_Aves_Passeriformes_Passeridae_Passer_domesticus/e69082ba-b597-49a7-b15e-68d5896fcd1d.wav,5.642
3621,Passer domesticus,houspa,train/03621_Animalia_Chordata_Aves_Passeriformes_Passeridae_Passer_domesticus/e6a8bf3d-07ec-4993-8b7c-033b8fb2ffb4.wav,12.144
3621,Passer domesticus,houspa,train/03621_Animalia_Chordata_Aves_Passeriformes_Passeridae_Passer_domesticus/e72aeadd-9a5a-4dcf-8eee-49d6bb8a5e4c.wav,9.118
3621,Passer domesticus,houspa,train/03621_Animalia_Chordata_Aves_Passeriformes_Passeridae_Passer_domesticus/e739f705-19f9-4c2e-94b7-6b424e034f2d.wav,28.583
3621,Passer domesticus,houspa,train/03621_Animalia_Chordata_Aves_Passeriformes_Passeridae_Passer_domesticus/e79c5d24-1f1b-4c11-a2e9-e79c39d1fa78.wav,25.774
3621,Passer domesticus,houspa,train/03621_Animalia_Chordata_Aves_Passeriformes_Passeridae_Passer_domesticus/e853b28b-b497-415c-a2db-ce70d53fc392.wav,11.311
3621,Passer domesticus,houspa,train/03621_Animalia_Chordata_Aves_Passeriformes_Passeridae_Passer_domesticus/e8fab3bf-6cf3-4620-afe6-9cb667a96845.wav,11.413
3621,Passer domesticus,houspa,train/03621_Animalia_Chordata_Aves_Passeriformes_Passeridae_Passer_domesticus/e9089f03-f98c-4ed8-8fd9-da5513ffa855.wav,9.404
3621,Passer domesticus,houspa,train/03621_Animalia_Chordata_Aves_Passeriformes_Passeridae_Passer_domesticus/e910ef9f-c8b5-4a88-a69d-bf95ad34304a.wav,6.06
3621,Passer domesticus,houspa,train/03621_Animalia_Chordata_Aves_Passeriformes_Passeridae_Passer_domesticus/e946baf7-8909-4773-80da-77cf9653995f.wav,9.451
3621,Passer domesticus,houspa,train/03621_Animalia_Chordata_Aves_Passeriformes_Passeridae_Passer_domesticus/ea296738-ee20-46fd-bcae-64747331b18b.wav,9.542
3621,Passer domesticus,houspa,train/03621_Animalia_Chordata_Aves_Passeriformes_Passeridae_Passer_domesticus/eae5ef64-2e80-4e4e-a8fe-1e39637a2c9d.wav,20.48
3621,Passer domesticus,houspa,train/03621_Animalia_Chordata_Aves_Passeriformes_Passeridae_Passer_domesticus/eaebb221-56fb-41d1-a65b-784b9e1a051e.wav,9.561
3621,Passer domesticus,houspa,train/03621_Animalia_Chordata_Aves_Passeriformes_Passeridae_Passer_domesticus/ebb412b4-f16a-4ca3-b778-66b13bf2d83b.wav,25.519
3621,Passer domesticus,houspa,train/03621_Animalia_Chordata_Aves_Passeriformes_Passeridae_Passer_domesticus/ebc43665-adfa-4fbc-a8b0-2aa658ab6dfe.wav,2.851
3621,Passer domesticus,houspa,train/03621_Animalia_Chordata_Aves_Passeriformes_Passeridae_Passer_domesticus/ec1a9298-41a6-49ee-8125-5609ed3376c2.wav,10.101
3621,Passer domesticus,houspa,train/03621_Animalia_Chordata_Aves_Passeriformes_Passeridae_Passer_domesticus/ec1be490-f9ca-46a8-ab27-f2724d3ea382.wav,9.752
3621,Passer domesticus,houspa,train/03621_Animalia_Chordata_Aves_Passeriformes_Passeridae_Passer_domesticus/ec4d2861-132b-4e17-9672-75c2a9aedc5b.wav,34.087
3621,Passer domesticus,houspa,train/03621_Animalia_Chordata_Aves_Passeriformes_Passeridae_Passer_domesticus/ec9cd1d3-f8be-4712-8452-0934945cd297.wav,12.272
3621,Passer domesticus,houspa,train/03621_Animalia_Chordata_Aves_Passeriformes_Passeridae_Passer_domesticus/ec9e38f8-0da3-4afa-aa25-a3b8ca15a827.wav,5.792
3621,Passer domesticus,houspa,train/03621_Animalia_Chordata_Aves_Passeriformes_Passeridae_Passer_domesticus/ecdaebab-ec17-406a-892b-4ca9bb875f0c.wav,65.178
3621,Passer domesticus,houspa,train/03621_Animalia_Chordata_Aves_Passeriformes_Passeridae_Passer_domesticus/ecf931c4-8774-497a-9ce0-8a9cb166ba11.wav,24.451
3621,Passer domesticus,houspa,train/03621_Animalia_Chordata_Aves_Passeriformes_Passeridae_Passer_domesticus/ed19f781-ded0-4ef6-9ea7-bec1735d7643.wav,9.049
3621,Passer domesticus,houspa,train/03621_Animalia_Chordata_Aves_Passeriformes_Passeridae_Passer_domesticus/ed4fc943-46e1-42eb-a71d-e294ce931fa1.wav,8.87
3621,Passer domesticus,houspa,train/03621_Animalia_Chordata_Aves_Passeriformes_Passeridae_Passer_domesticus/ee836e97-1dbd-4c20-83cf-4524bff40b00.wav,7.616
3621,Passer domesticus,houspa,train/03621_Animalia_Chordata_Aves_Passeriformes_Passeridae_Passer_domesticus/ee93b731-203d-4085-b93a-348a4c614e17.wav,66.089
3621,Passer domesticus,houspa,train/03621_Animalia_Chordata_Aves_Passeriformes_Passeridae_Passer_domesticus/eeb0b219-7da8-483b-8380-35ece8bce5d3.wav,5.132
3621,Passer domesticus,houspa,train/03621_Animalia_Chordata_Aves_Passeriformes_Passeridae_Passer_domesticus/eedf6554-c66f-499c-80fc-47a640448f4e.wav,11.378
3621,Passer domesticus,houspa,train/03621_Animalia_Chordata_Aves_Passeriformes_Passeridae_Passer_domesticus/ef464b6e-08b1-49c4-a146-a7b3146767f4.wav,6.42
3621,Passer domesticus,houspa,train/03621_Animalia_Chordata_Aves_Passeriformes_Passeridae_Passer_domesticus/ef5b344c-3d88-4f31-99be-e2dd03a35074.wav,7.616
3621,Passer domesticus,houspa,train/03621_Animalia_Chordata_Aves_Passeriformes_Passeridae_Passer_domesticus/ef678aa8-f222-4f5a-aebb-aa4b408846cc.wav,17.148
3621,Passer domesticus,houspa,train/03621_Animalia_Chordata_Aves_Passeriformes_Passeridae_Passer_domesticus/ef90bc3e-cc08-40e3-8bce-ccaafc9fb956.wav,19.133
3621,Passer domesticus,houspa,train/03621_Animalia_Chordata_Aves_Passeriformes_Passeridae_Passer_domesticus/efe8f6b9-a121-435b-8a4e-72857bb752b8.wav,6.103
3621,Passer domesticus,houspa,train/03621_Animalia_Chordata_Aves_Passeriformes_Passeridae_Passer_domesticus/f036c1a2-50a3-4d19-be43-ac72ff48ec2c.wav,11.703
3621,Passer domesticus,houspa,train/03621_Animalia_Chordata_Aves_Passeriformes_Passeridae_Passer_domesticus/f05c0464-55ae-479b-918e-b6337084e583.wav,27.585
3621,Passer domesticus,houspa,train/03621_Animalia_Chordata_Aves_Passeriformes_Passeridae_Passer_domesticus/f0a311c5-0528-466a-9aac-66e80fd1fbeb.wav,6.664
3621,Passer domesticus,houspa,train/03621_Animalia_Chordata_Aves_Passeriformes_Passeridae_Passer_domesticus/f0abb14a-fc38-4265-846f-c2c0ca8152e9.wav,16.184
3621,Passer domesticus,houspa,train/03621_Animalia_Chordata_Aves_Passeriformes_Passeridae_Passer_domesticus/f0f4b0b4-2504-42ee-8c19-672734574ec2.wav,5.578
3621,Passer domesticus,houspa,train/03621_Animalia_Chordata_Aves_Passeriformes_Passeridae_Passer_domesticus/f13efcdf-6a58-47be-ac3e-0df5b2ab4139.wav,7.061
3621,Passer domesticus,houspa,train/03621_Animalia_Chordata_Aves_Passeriformes_Passeridae_Passer_domesticus/f147f076-be77-4c6a-811a-62ce3a17a586.wav,21.618
3621,Passer domesticus,houspa,train/03621_Animalia_Chordata_Aves_Passeriformes_Passeridae_Passer_domesticus/f1723115-1f30-4c2e-a753-da225915bef2.wav,6.711
3621,Passer domesticus,houspa,train/03621_Animalia_Chordata_Aves_Passeriformes_Passeridae_Passer_domesticus/f19f88c3-0bfb-4068-a51b-23a927574cfd.wav,6.272
3621,Passer domesticus,houspa,train/03621_Animalia_Chordata_Aves_Passeriformes_Passeridae_Passer_domesticus/f1a2915e-9386-44ca-bf2b-cdcc4e444d4a.wav,11.564
3621,Passer domesticus,houspa,train/03621_Animalia_Chordata_Aves_Passeriformes_Passeridae_Passer_domesticus/f1c673ad-4ef4-4e47-b0c5-85d7aefe5936.wav,17.229
3621,Passer domesticus,houspa,train/03621_Animalia_Chordata_Aves_Passeriformes_Passeridae_Passer_domesticus/f1d422b1-4af7-4d02-8d0f-fbffaf261a18.wav,36.0
3621,Passer domesticus,houspa,train/03621_Animalia_Chordata_Aves_Passeriformes_Passeridae_Passer_domesticus/f213c343-c9ea-45c6-8422-39da24fcb6c7.wav,28.282
3621,Passer domesticus,houspa,train/03621_Animalia_Chordata_Aves_Passeriformes_Passeridae_Passer_domesticus/f22d3c54-9587-457f-b021-f3f588f9a17a.wav,13.717
3621,Passer domesticus,houspa,train/03621_Animalia_Chordata_Aves_Passeriformes_Passeridae_Passer_domesticus/f23bbe6b-7a7f-4f02-bceb-ec5bc797f34e.wav,12.701
3621,Passer domesticus,houspa,train/03621_Animalia_Chordata_Aves_Passeriformes_Passeridae_Passer_domesticus/f2417431-7880-42b2-8e02-b34ad2d9d95a.wav,8.707
3621,Passer domesticus,houspa,train/03621_Animalia_Chordata_Aves_Passeriformes_Passeridae_Passer_domesticus/f263c18c-2144-41ed-9409-84d3dc915ef5.wav,29.896
3621,Passer domesticus,houspa,train/03621_Animalia_Chordata_Aves_Passeriformes_Passeridae_Passer_domesticus/f2d8c76f-3019-40dc-bdfd-7b99069b500e.wav,9.706
3621,Passer domesticus,houspa,train/03621_Animalia_Chordata_Aves_Passeriformes_Passeridae_Passer_domesticus/f2ff41ac-d0c2-45d2-b62a-f7fee92d14c1.wav,10.027
3621,Passer domesticus,houspa,train/03621_Animalia_Chordata_Aves_Passeriformes_Passeridae_Passer_domesticus/f3307361-1784-45e0-bd5c-354faf80ddf1.wav,7.964
3621,Passer domesticus,houspa,train/03621_Animalia_Chordata_Aves_Passeriformes_Passeridae_Passer_domesticus/f3790b6f-7eeb-4ce0-8b5e-0cde414328e1.wav,6.502
3621,Passer domesticus,houspa,train/03621_Animalia_Chordata_Aves_Passeriformes_Passeridae_Passer_domesticus/f3aaac82-8eb8-4995-8a49-16bbbe27fb74.wav,10.008
3621,Passer domesticus,houspa,train/03621_Animalia_Chordata_Aves_Passeriformes_Passeridae_Passer_domesticus/f45a9dd1-942b-4fe8-8719-0cf3e0cfe1aa.wav,3.125
3621,Passer domesticus,houspa,train/03621_Animalia_Chordata_Aves_Passeriformes_Passeridae_Passer_domesticus/f45ccb9b-0dbb-40a3-b814-b4922afb9373.wav,12.053
3621,Passer domesticus,houspa,train/03621_Animalia_Chordata_Aves_Passeriformes_Passeridae_Passer_domesticus/f490c813-9c91-4863-b226-0b33c0271e34.wav,31.019
3621,Passer domesticus,houspa,train/03621_Animalia_Chordata_Aves_Passeriformes_Passeridae_Passer_domesticus/f4ac9091-b264-46cc-87ee-dcef61e35000.wav,5.44
3621,Passer domesticus,houspa,train/03621_Animalia_Chordata_Aves_Passeriformes_Passeridae_Passer_domesticus/f4b7c984-9dcd-4387-aea5-0568dc6938bb.wav,18.413
3621,Passer domesticus,houspa,train/03621_Animalia_Chordata_Aves_Passeriformes_Passeridae_Passer_domesticus/f4c798dc-59e4-46a8-9af6-e661ba182ccd.wav,15.743
3621,Passer domesticus,houspa,train/03621_Animalia_Chordata_Aves_Passeriformes_Passeridae_Passer_domesticus/f4f61b64-f264-44e9-ba56-7721eb1b8a8f.wav,7.896
3621,Passer domesticus,houspa,train/03621_Animalia_Chordata_Aves_Passeriformes_Passeridae_Passer_domesticus/f53ba329-a909-47dc-b73b-ffa0f99b8163.wav,4.203
3621,Passer domesticus,houspa,train/03621_Animalia_Chordata_Aves_Passeriformes_Passeridae_Passer_domesticus/f5454114-c728-476c-bf85-dc68914d1997.wav,14.977
3621,Passer domesticus,houspa,train/03621_Animalia_Chordata_Aves_Passeriformes_Passeridae_Passer_domesticus/f5940651-f8e4-40c2-bac0-2180f89f83d4.wav,16.085
3621,Passer domesticus,houspa,train/03621_Animalia_Chordata_Aves_Passeriformes_Passeridae_Passer_domesticus/f5b371c3-9ec6-4c02-bfa6-835e1ea67c09.wav,25.429
3621,Passer domesticus,houspa,train/03621_Animalia_Chordata_Aves_Passeriformes_Passeridae_Passer_domesticus/f5ccedb9-b7e5-473f-a23b-8b7c2c324319.wav,9.938
3621,Passer domesticus,houspa,train/03621_Animalia_Chordata_Aves_Passeriformes_Passeridae_Passer_domesticus/f5d425dc-ca40-4221-9ea1-5249befc2144.wav,7.576
3621,Passer domesticus,houspa,train/03621_Animalia_Chordata_Aves_Passeriformes_Passeridae_Passer_domesticus/f5ff0534-8d01-4135-bfc9-4f969b39bee8.wav,37.059
3621,Passer domesticus,houspa,train/03621_Animalia_Chordata_Aves_Passeriformes_Passeridae_Passer_domesticus/f6466687-4f81-4301-a495-6293cc171e9f.wav,8.512
3621,Passer domesticus,houspa,train/03621_Animalia_Chordata_Aves_Passeriformes_Passeridae_Passer_domesticus/f650e5d2-fb11-4df9-ad53-3ab7bc57867b.wav,6.385
3621,Passer domesticus,houspa,train/03621_Animalia_Chordata_Aves_Passeriformes_Passeridae_Passer_domesticus/f6581e6c-bac3-4555-aa34-39046b22cb24.wav,6.079
3621,Passer domesticus,houspa,train/03621_Animalia_Chordata_Aves_Passeriformes_Passeridae_Passer_domesticus/f6b26907-f11c-4c55-83d8-90bcd6dd6725.wav,22.674
3621,Passer domesticus,houspa,train/03621_Animalia_Chordata_Aves_Passeriformes_Passeridae_Passer_domesticus/f6ee79a8-5126-4eac-81e3-6d8f4e8e828a.wav,5.542
3621,Passer domesticus,houspa,train/03621_Animalia_Chordata_Aves_Passeriformes_Passeridae_Passer_domesticus/f74d7e32-768f-4aad-a513-86e59563b989.wav,18.718
3621,Passer domesticus,houspa,train/03621_Animalia_Chordata_Aves_Passeriformes_Passeridae_Passer_domesticus/f76636db-fa10-4b10-bc3d-f3ed34498185.wav,11.958
3621,Passer domesticus,houspa,train/03621_Animalia_Chordata_Aves_Passeriformes_Passeridae_Passer_domesticus/f79bdeb6-d20e-4fef-a317-eb8ba152dcdc.wav,10.286
3621,Passer domesticus,houspa,train/03621_Animalia_Chordata_Aves_Passeriformes_Passeridae_Passer_domesticus/f7d17500-1df5-47e2-9ece-07a277c98b74.wav,9.265
3621,Passer domesticus,houspa,train/03621_Animalia_Chordata_Aves_Passeriformes_Passeridae_Passer_domesticus/f7e8647f-f82a-4d0f-95da-f1c649da5694.wav,6.538
3621,Passer domesticus,houspa,train/03621_Animalia_Chordata_Aves_Passeriformes_Passeridae_Passer_domesticus/f88d49d1-fb9f-45f0-9f6f-b8c0054ef4a4.wav,10.261
3621,Passer domesticus,houspa,train/03621_Animalia_Chordata_Aves_Passeriformes_Passeridae_Passer_domesticus/f894f6e9-6c81-4c8a-b91c-c648037aa764.wav,17.058
3621,Passer domesticus,houspa,train/03621_Animalia_Chordata_Aves_Passeriformes_Passeridae_Passer_domesticus/f99fd291-9b57-40af-ae53-273dd23b0c43.wav,2.926
3621,Passer domesticus,houspa,train/03621_Animalia_Chordata_Aves_Passeriformes_Passeridae_Passer_domesticus/f9c5e19d-ebaf-4dc5-9f19-82bc599638eb.wav,10.983
3621,Passer domesticus,houspa,train/03621_Animalia_Chordata_Aves_Passeriformes_Passeridae_Passer_domesticus/fa56cdab-bb3e-4782-aec3-56bd7b5765f8.wav,4.347
3621,Passer domesticus,houspa,train/03621_Animalia_Chordata_Aves_Passeriformes_Passeridae_Passer_domesticus/fa5a97ac-4a45-4a6a-bb8a-3077ad8f2f6b.wav,6.989
3621,Passer domesticus,houspa,train/03621_Animalia_Chordata_Aves_Passeriformes_Passeridae_Passer_domesticus/fa5fc452-3c60-406e-84e4-b27b136b399a.wav,29.056
3621,Passer domesticus,houspa,train/03621_Animalia_Chordata_Aves_Passeriformes_Passeridae_Passer_domesticus/fabe1571-2e9d-4b5a-a7a5-2a5aa7e6a0ba.wav,4.585
3621,Passer domesticus,houspa,train/03621_Animalia_Chordata_Aves_Passeriformes_Passeridae_Passer_domesticus/fb3a114a-d767-467f-9c03-52583688ceda.wav,7.593
3621,Passer domesticus,houspa,train/03621_Animalia_Chordata_Aves_Passeriformes_Passeridae_Passer_domesticus/fb95421e-1d3c-429f-bfac-c6327021c71a.wav,10.165
3621,Passer domesticus,houspa,train/03621_Animalia_Chordata_Aves_Passeriformes_Passeridae_Passer_domesticus/fb9f12bd-dfac-43eb-95c1-3b13640d524e.wav,20.096
3621,Passer domesticus,houspa,train/03621_Animalia_Chordata_Aves_Passeriformes_Passeridae_Passer_domesticus/fbdbae5f-ef93-4a22-b158-2e0946f3404d.wav,12.523
3621,Passer domesticus,houspa,train/03621_Animalia_Chordata_Aves_Passeriformes_Passeridae_Passer_domesticus/fc05a3ce-2427-47c7-939d-2c9f4f214a01.wav,9.59
3621,Passer domesticus,houspa,train/03621_Animalia_Chordata_Aves_Passeriformes_Passeridae_Passer_domesticus/fc14906b-137a-42b6-8822-17dd6e0a4742.wav,2.083
3621,Passer domesticus,houspa,train/03621_Animalia_Chordata_Aves_Passeriformes_Passeridae_Passer_domesticus/fc28d654-c04d-46f9-addd-73e1e45a9284.wav,314.677
3621,Passer domesticus,houspa,train/03621_Animalia_Chordata_Aves_Passeriformes_Passeridae_Passer_domesticus/fc3b1ddd-f4e7-4707-9a3b-dee0b63abe50.wav,23.591
3621,Passer domesticus,houspa,train/03621_Animalia_Chordata_Aves_Passeriformes_Passeridae_Passer_domesticus/fc5e5760-c960-4629-b505-d0ad8b088cea.wav,13.056
3621,Passer domesticus,houspa,train/03621_Animalia_Chordata_Aves_Passeriformes_Passeridae_Passer_domesticus/fd583da8-0465-42bc-960a-be2af6c5f102.wav,20.201
3621,Passer domesticus,houspa,train/03621_Animalia_Chordata_Aves_Passeriformes_Passeridae_Passer_domesticus/fdeb504a-f067-4783-98a8-1c9eb9a0abd9.wav,3.458
3621,Passer domesticus,houspa,train/03621_Animalia_Chordata_Aves_Passeriformes_Passeridae_Passer_domesticus/fdf944c1-4a7a-4ec4-bcb0-6424a0716bc1.wav,18.599
3621,Passer domesticus,houspa,train/03621_Animalia_Chordata_Aves_Passeriformes_Passeridae_Passer_domesticus/fe03a238-2227-4f4d-a9cf-0d19db9710e5.wav,15.325
3621,Passer domesticus,houspa,train/03621_Animalia_Chordata_Aves_Passeriformes_Passeridae_Passer_domesticus/fe0c8bd4-1bbf-4ffc-86c9-cf6446c3ec02.wav,7.333
3621,Passer domesticus,houspa,train/03621_Animalia_Chordata_Aves_Passeriformes_Passeridae_Passer_domesticus/fe2064b9-5205-4fae-87c3-4980ddf8abdb.wav,4.992
3621,Passer domesticus,houspa,train/03621_Animalia_Chordata_Aves_Passeriformes_Passeridae_Passer_domesticus/fe44e6eb-2e56-43c6-b7c9-fa7873734b77.wav,7.211
3621,Passer domesticus,houspa,train/03621_Animalia_Chordata_Aves_Passeriformes_Passeridae_Passer_domesticus/feca0ede-7508-4df0-b1b2-ffb3c03948b7.wav,3.692
3621,Passer domesticus,houspa,train/03621_Animalia_Chordata_Aves_Passeriformes_Passeridae_Passer_domesticus/ff450e5a-bd56-4aa4-aa81-9997896c4501.wav,8.057
3621,Passer domesticus,houspa,train/03621_Animalia_Chordata_Aves_Passeriformes_Passeridae_Passer_domesticus/ffade2a9-453d-4fdf-aa68-df55c7e5ef9b.wav,4.934
3621,Passer domesticus,houspa,train/03621_Animalia_Chordata_Aves_Passeriformes_Passeridae_Passer_domesticus/ffcb76b5-2843-493b-bf91-62995a5abd5d.wav,15.162
3621,Passer domesticus,houspa,train/03621_Animalia_Chordata_Aves_Passeriformes_Passeridae_Passer_domesticus/ffcdfd9f-86f5-4209-b651-46a25336db9e.wav,5.056
3621,Passer domesticus,houspa,train/03621_Animalia_Chordata_Aves_Passeriformes_Passeridae_Passer_domesticus/ffd43e5f-e679-47b8-92eb-f66ce0d2f081.wav,1.5
4963,Anodorhynchus hyacinthinus,hyamac1,train/04963_Animalia_Chordata_Aves_Psittaciformes_Psittacidae_Anodorhynchus_hyacinthinus/0ce22d02-f6f7-44ca-acce-07be1bc936a0.wav,37.564
4963,Anodorhynchus hyacinthinus,hyamac1,train/04963_Animalia_Chordata_Aves_Psittaciformes_Psittacidae_Anodorhynchus_hyacinthinus/9c19da8e-b63e-4ce6-8450-f17bdf865248.wav,16.912
4487,Elaenia spectabilis,larela1,train/04487_Animalia_Chordata_Aves_Passeriformes_Tyrannidae_Elaenia_spectabilis/0633313f-9516-4dae-94ae-00b1a00161dc.wav,24.983
4487,Elaenia spectabilis,larela1,train/04487_Animalia_Chordata_Aves_Passeriformes_Tyrannidae_Elaenia_spectabilis/0f0962f6-9f9c-4fa9-9fa0-f4cf9d094f57.wav,32.787
4487,Elaenia spectabilis,larela1,train/04487_Animalia_Chordata_Aves_Passeriformes_Tyrannidae_Elaenia_spectabilis/1f4b258f-1374-4db0-b2ec-b9025804c61d.wav,89.536
4487,Elaenia spectabilis,larela1,train/04487_Animalia_Chordata_Aves_Passeriformes_Tyrannidae_Elaenia_spectabilis/246ed482-e99c-4bbe-a3f0-2efdd3255778.wav,17.508
4487,Elaenia spectabilis,larela1,train/04487_Animalia_Chordata_Aves_Passeriformes_Tyrannidae_Elaenia_spectabilis/3438eafc-a046-49bf-9c21-a209b6747a18.wav,28.909
4487,Elaenia spectabilis,larela1,train/04487_Animalia_Chordata_Aves_Passeriformes_Tyrannidae_Elaenia_spectabilis/3ca32e3c-6818-4d8e-848b-90a6785720d4.wav,32.322
4487,Elaenia spectabilis,larela1,train/04487_Animalia_Chordata_Aves_Passeriformes_Tyrannidae_Elaenia_spectabilis/3eda81a1-699e-49c2-ba46-30a96d889ebf.wav,1.902
4487,Elaenia spectabilis,larela1,train/04487_Animalia_Chordata_Aves_Passeriformes_Tyrannidae_Elaenia_spectabilis/4afb57e1-39ed-4e77-855c-725cf9cbbafa.wav,5.858
4487,Elaenia spectabilis,larela1,train/04487_Animalia_Chordata_Aves_Passeriformes_Tyrannidae_Elaenia_spectabilis/637ad843-ba7a-459c-b76f-9ca16ac55e2f.wav,13.116
4487,Elaenia spectabilis,larela1,train/04487_Animalia_Chordata_Aves_Passeriformes_Tyrannidae_Elaenia_spectabilis/743c330f-eaf0-4c85-b6aa-37066a8e2ebd.wav,9.744
4487,Elaenia spectabilis,larela1,train/04487_Animalia_Chordata_Aves_Passeriformes_Tyrannidae_Elaenia_spectabilis/90ab72f6-43fa-40ea-9f8a-5c433dd6d607.wav,43.607
4487,Elaenia spectabilis,larela1,train/04487_Animalia_Chordata_Aves_Passeriformes_Tyrannidae_Elaenia_spectabilis/95a07fbf-492f-42ac-bb48-eab5a396ba5d.wav,18.288
4487,Elaenia spectabilis,larela1,train/04487_Animalia_Chordata_Aves_Passeriformes_Tyrannidae_Elaenia_spectabilis/97aa2e59-be6e-4838-bcaa-d1ccddc18e7a.wav,45.793
4487,Elaenia spectabilis,larela1,train/04487_Animalia_Chordata_Aves_Passeriformes_Tyrannidae_Elaenia_spectabilis/c6125433-ed9f-4a39-9df1-cf8d4b264e2a.wav,23.104
4487,Elaenia spectabilis,larela1,train/04487_Animalia_Chordata_Aves_Passeriformes_Tyrannidae_Elaenia_spectabilis/cf9957d9-85d2-4c2b-a0b5-762a3499d39c.wav,37.941
4487,Elaenia spectabilis,larela1,train/04487_Animalia_Chordata_Aves_Passeriformes_Tyrannidae_Elaenia_spectabilis/d1d9fad8-87bd-4bc8-b9f9-27e8a0ec1676.wav,5.472
4478,Elaenia chiriquensis,lesela1,train/04478_Animalia_Chordata_Aves_Passeriformes_Tyrannidae_Elaenia_chiriquensis/d429548b-a52c-41a2-bd64-e6e5ee77fd05.wav,14.617
4153,Emberizoides ypiranganus,lesgrf1,train/04153_Animalia_Chordata_Aves_Passeriformes_Thraupidae_Emberizoides_ypiranganus/2793e9c2-feae-4d37-abcf-9087c2192147.wav,17.737
2236,Aramus guarauna,limpki,train/02236_Animalia_Chordata_Aves_Gruiformes_Aramidae_Aramus_guarauna/055d2280-6030-4a7b-aa11-0a8482045c7c.wav,9.102
2236,Aramus guarauna,limpki,train/02236_Animalia_Chordata_Aves_Gruiformes_Aramidae_Aramus_guarauna/271a189e-6080-4c30-81f5-8b93fbe745b6.wav,27.261
2236,Aramus guarauna,limpki,train/02236_Animalia_Chordata_Aves_Gruiformes_Aramidae_Aramus_guarauna/2ffa6f5f-ee88-4523-934b-b91b6c484c65.wav,16.173
2236,Aramus guarauna,limpki,train/02236_Animalia_Chordata_Aves_Gruiformes_Aramidae_Aramus_guarauna/337fd331-c3dd-47fb-8ca1-f1d3bb8589a0.wav,21.185
2236,Aramus guarauna,limpki,train/02236_Animalia_Chordata_Aves_Gruiformes_Aramidae_Aramus_guarauna/35af87ad-aaf6-401d-81e5-d7cc12eb421d.wav,15.76
2236,Aramus guarauna,limpki,train/02236_Animalia_Chordata_Aves_Gruiformes_Aramidae_Aramus_guarauna/371e19e7-d72a-4d0a-b73d-3d7b582a584a.wav,9.776
2236,Aramus guarauna,limpki,train/02236_Animalia_Chordata_Aves_Gruiformes_Aramidae_Aramus_guarauna/37b43297-608e-4fc9-bc1d-d62557eabe8d.wav,5.613
2236,Aramus guarauna,limpki,train/02236_Animalia_Chordata_Aves_Gruiformes_Aramidae_Aramus_guarauna/37f6f603-acb8-4599-ab1e-b00ba4452d77.wav,26.949
2236,Aramus guarauna,limpki,train/02236_Animalia_Chordata_Aves_Gruiformes_Aramidae_Aramus_guarauna/415bc152-2791-4732-a43a-2c1712edeb60.wav,8.62
2236,Aramus guarauna,limpki,train/02236_Animalia_Chordata_Aves_Gruiformes_Aramidae_Aramus_guarauna/44f5e2d9-4d66-469f-b428-9de55a94554a.wav,13.056
2236,Aramus guarauna,limpki,train/02236_Animalia_Chordata_Aves_Gruiformes_Aramidae_Aramus_guarauna/4b5e0d0c-4a74-4ea5-ac3d-117d55c580b4.wav,13.427
2236,Aramus guarauna,limpki,train/02236_Animalia_Chordata_Aves_Gruiformes_Aramidae_Aramus_guarauna/4bc2eab9-df57-44e4-9e1e-4f4662577b7d.wav,50.495
2236,Aramus guarauna,limpki,train/02236_Animalia_Chordata_Aves_Gruiformes_Aramidae_Aramus_guarauna/4f8e08a0-599b-4ec1-87fe-e10207cf068f.wav,5.381
2236,Aramus guarauna,limpki,train/02236_Animalia_Chordata_Aves_Gruiformes_Aramidae_Aramus_guarauna/52e8cfdd-5532-4cf8-8f58-245b147f8e24.wav,3.303
2236,Aramus guarauna,limpki,train/02236_Animalia_Chordata_Aves_Gruiformes_Aramidae_Aramus_guarauna/5501bb3f-92b1-4265-bae8-3477c6d40865.wav,17.04
2236,Aramus guarauna,limpki,train/02236_Animalia_Chordata_Aves_Gruiformes_Aramidae_Aramus_guarauna/6262fa2b-355a-4d1a-8c57-323b5cc6199c.wav,72.568
2236,Aramus guarauna,limpki,train/02236_Animalia_Chordata_Aves_Gruiformes_Aramidae_Aramus_guarauna/657dd085-bbb2-4d14-ab01-5582f3936b26.wav,62.601
2236,Aramus guarauna,limpki,train/02236_Animalia_Chordata_Aves_Gruiformes_Aramidae_Aramus_guarauna/6db4596e-e9f2-48cf-8178-6ca069728466.wav,4.238
2236,Aramus guarauna,limpki,train/02236_Animalia_Chordata_Aves_Gruiformes_Aramidae_Aramus_guarauna/702c0bc9-db3a-47ff-8940-087bc0a29862.wav,7.92
2236,Aramus guarauna,limpki,train/02236_Animalia_Chordata_Aves_Gruiformes_Aramidae_Aramus_guarauna/72d0f9b4-4238-4ebf-a3f7-b37ab4baafc0.wav,14.954
2236,Aramus guarauna,limpki,train/02236_Animalia_Chordata_Aves_Gruiformes_Aramidae_Aramus_guarauna/7ca2016b-6229-4c1a-870d-34823f548c26.wav,13.708
2236,Aramus guarauna,limpki,train/02236_Animalia_Chordata_Aves_Gruiformes_Aramidae_Aramus_guarauna/7feb5002-786b-409d-821f-e3f7a130d64f.wav,13.968
2236,Aramus guarauna,limpki,train/02236_Animalia_Chordata_Aves_Gruiformes_Aramidae_Aramus_guarauna/8aa94557-1f08-4800-8db6-8bdb6442a16f.wav,57.469
2236,Aramus guarauna,limpki,train/02236_Animalia_Chordata_Aves_Gruiformes_Aramidae_Aramus_guarauna/8e4f6ec5-26ce-42d3-b928-0fe0706b5904.wav,75.179
2236,Aramus guarauna,limpki,train/02236_Animalia_Chordata_Aves_Gruiformes_Aramidae_Aramus_guarauna/8fe75485-462d-4dca-89b9-f783652f9513.wav,4.805
2236,Aramus guarauna,limpki,train/02236_Animalia_Chordata_Aves_Gruiformes_Aramidae_Aramus_guarauna/988fa0f4-b334-4bcd-b980-770c70c94710.wav,14.75
2236,Aramus guarauna,limpki,train/02236_Animalia_Chordata_Aves_Gruiformes_Aramidae_Aramus_guarauna/aa6ab7e4-f8d1-4207-a13f-93e64ce5428e.wav,11.947
2236,Aramus guarauna,limpki,train/02236_Animalia_Chordata_Aves_Gruiformes_Aramidae_Aramus_guarauna/b5d0b235-d7f4-4cdf-a612-32983902ebac.wav,59.406
2236,Aramus guarauna,limpki,train/02236_Animalia_Chordata_Aves_Gruiformes_Aramidae_Aramus_guarauna/bb1359a7-0438-4a6d-8c64-e00754cbfaa2.wav,8.829
2236,Aramus guarauna,limpki,train/02236_Animalia_Chordata_Aves_Gruiformes_Aramidae_Aramus_guarauna/bf6e7e10-ccef-4a82-9b7c-e7dc10041d46.wav,22.663
2236,Aramus guarauna,limpki,train/02236_Animalia_Chordata_Aves_Gruiformes_Aramidae_Aramus_guarauna/bfb389e9-8639-4e85-8f51-ef0b650f91a4.wav,72.768
2236,Aramus guarauna,limpki,train/02236_Animalia_Chordata_Aves_Gruiformes_Aramidae_Aramus_guarauna/c0c78e47-709b-460a-a668-54e38ea50f2b.wav,26.9
2236,Aramus guarauna,limpki,train/02236_Animalia_Chordata_Aves_Gruiformes_Aramidae_Aramus_guarauna/c2f242ec-6474-4bc7-ab38-68a21d3174de.wav,16.798
2236,Aramus guarauna,limpki,train/02236_Animalia_Chordata_Aves_Gruiformes_Aramidae_Aramus_guarauna/cdc77208-85e1-412d-b446-2d3367156277.wav,31.579
2236,Aramus guarauna,limpki,train/02236_Animalia_Chordata_Aves_Gruiformes_Aramidae_Aramus_guarauna/d779d3d0-be9f-49d2-a315-1099be6a68cd.wav,8.29
2236,Aramus guarauna,limpki,train/02236_Animalia_Chordata_Aves_Gruiformes_Aramidae_Aramus_guarauna/dcb8a23d-bbb8-47e6-b2be-ae4db1a5a0d9.wav,104.411
2236,Aramus guarauna,limpki,train/02236_Animalia_Chordata_Aves_Gruiformes_Aramidae_Aramus_guarauna/df5c165d-1985-45b5-b477-c9c89d04b66b.wav,20.875
2236,Aramus guarauna,limpki,train/02236_Animalia_Chordata_Aves_Gruiformes_Aramidae_Aramus_guarauna/dfbdf34e-b814-4307-8aa5-0a6ec105d5af.wav,51.85
2236,Aramus guarauna,limpki,train/02236_Animalia_Chordata_Aves_Gruiformes_Aramidae_Aramus_guarauna/f0af459b-20bd-4a23-a4bf-c13bf6858f2c.wav,12.794
2236,Aramus guarauna,limpki,train/02236_Animalia_Chordata_Aves_Gruiformes_Aramidae_Aramus_guarauna/fcd2123c-f758-4c1b-b5d0-0a6c5fdd80f9.wav,5.337
2236,Aramus guarauna,limpki,train/02236_Animalia_Chordata_Aves_Gruiformes_Aramidae_Aramus_guarauna/ff40a80a-a82d-408d-a95e-b632cda2e93b.wav,17.624
4834,Dryocopus lineatus,linwoo1,train/04834_Animalia_Chordata_Aves_Piciformes_Picidae_Dryocopus_lineatus/00f9dc5b-2a7e-42e5-a5fb-3bea4a6f01a0.wav,5.748
4834,Dryocopus lineatus,linwoo1,train/04834_Animalia_Chordata_Aves_Piciformes_Picidae_Dryocopus_lineatus/107a89aa-0ece-4442-9398-b54e3eb63eed.wav,7.083
4834,Dryocopus lineatus,linwoo1,train/04834_Animalia_Chordata_Aves_Piciformes_Picidae_Dryocopus_lineatus/1981ec55-ddbe-44d3-8b5a-4d2e675e97d9.wav,6.191
4834,Dryocopus lineatus,linwoo1,train/04834_Animalia_Chordata_Aves_Piciformes_Picidae_Dryocopus_lineatus/3674ae97-a69b-4dc8-9934-b5d8e87a9d70.wav,11.669
4834,Dryocopus lineatus,linwoo1,train/04834_Animalia_Chordata_Aves_Piciformes_Picidae_Dryocopus_lineatus/3cc22538-1b64-4384-a42d-2eb7966e4e98.wav,2.688
4834,Dryocopus lineatus,linwoo1,train/04834_Animalia_Chordata_Aves_Piciformes_Picidae_Dryocopus_lineatus/43cc9ea8-c3aa-472b-a6a1-b1cb5d351728.wav,2.03
4834,Dryocopus lineatus,linwoo1,train/04834_Animalia_Chordata_Aves_Piciformes_Picidae_Dryocopus_lineatus/78c3941d-7e05-4da7-abfe-8bed5aac23cb.wav,17.684
4834,Dryocopus lineatus,linwoo1,train/04834_Animalia_Chordata_Aves_Piciformes_Picidae_Dryocopus_lineatus/7b719b43-b213-4328-91de-f723fdab025b.wav,24.697
4834,Dryocopus lineatus,linwoo1,train/04834_Animalia_Chordata_Aves_Piciformes_Picidae_Dryocopus_lineatus/88f0c2bd-bc3a-44a0-9b16-7372f1c8cf7d.wav,38.997
4834,Dryocopus lineatus,linwoo1,train/04834_Animalia_Chordata_Aves_Piciformes_Picidae_Dryocopus_lineatus/8c2fa643-56bf-401a-a5a8-84bd6605460b.wav,5.364
4834,Dryocopus lineatus,linwoo1,train/04834_Animalia_Chordata_Aves_Piciformes_Picidae_Dryocopus_lineatus/95da5f26-630a-4730-8ea6-a3d29af6189e.wav,56.617
4834,Dryocopus lineatus,linwoo1,train/04834_Animalia_Chordata_Aves_Piciformes_Picidae_Dryocopus_lineatus/9897559c-4fce-4a06-9b14-a054a4591458.wav,7.941
4834,Dryocopus lineatus,linwoo1,train/04834_Animalia_Chordata_Aves_Piciformes_Picidae_Dryocopus_lineatus/a4787e85-ca98-4b9f-a423-31346963fa92.wav,31.489
4834,Dryocopus lineatus,linwoo1,train/04834_Animalia_Chordata_Aves_Piciformes_Picidae_Dryocopus_lineatus/cbbd89e0-3c8f-4074-a941-c8da4fc87edd.wav,22.0
4834,Dryocopus lineatus,linwoo1,train/04834_Animalia_Chordata_Aves_Piciformes_Picidae_Dryocopus_lineatus/d0b52426-9b7d-4e63-a780-7bbb54d73bb6.wav,1.92
4834,Dryocopus lineatus,linwoo1,train/04834_Animalia_Chordata_Aves_Piciformes_Picidae_Dryocopus_lineatus/d406f4cb-d11e-4eb6-9833-d9d8942730ec.wav,27.24
4834,Dryocopus lineatus,linwoo1,train/04834_Animalia_Chordata_Aves_Piciformes_Picidae_Dryocopus_lineatus/d622b7b0-3c6e-4b7e-a282-e7d0469c6ba6.wav,2.712
4834,Dryocopus lineatus,linwoo1,train/04834_Animalia_Chordata_Aves_Piciformes_Picidae_Dryocopus_lineatus/ee62037d-6029-4af3-acf2-b0a6fb2e2af7.wav,11.807
2039,Coccycua minuta,litcuc2,train/02039_Animalia_Chordata_Aves_Cuculiformes_Cuculidae_Coccycua_minuta/ac56db6a-c6ef-4f70-9d64-c3be09a3bc50.wav,3.736
2039,Coccycua minuta,litcuc2,train/02039_Animalia_Chordata_Aves_Cuculiformes_Cuculidae_Coccycua_minuta/e6dbf18f-da84-4345-838b-09e70aa4d754.wav,25.217
1628,Setopagis parvula,litnig1,train/01628_Animalia_Chordata_Aves_Caprimulgiformes_Caprimulgidae_Setopagis_parvula/212a2df3-b773-43d1-9cc6-b930b0aacf49.wav,14.263
1628,Setopagis parvula,litnig1,train/01628_Animalia_Chordata_Aves_Caprimulgiformes_Caprimulgidae_Setopagis_parvula/570e1ed9-a24e-4cde-b4fb-482a5c3cd781.wav,5.631
1628,Setopagis parvula,litnig1,train/01628_Animalia_Chordata_Aves_Caprimulgiformes_Caprimulgidae_Setopagis_parvula/62ccc2ae-6c24-4b6d-b60f-2286b4383da6.wav,30.441
1628,Setopagis parvula,litnig1,train/01628_Animalia_Chordata_Aves_Caprimulgiformes_Caprimulgidae_Setopagis_parvula/75590493-a004-4ee3-8c05-4add09e145ec.wav,12.396
1628,Setopagis parvula,litnig1,train/01628_Animalia_Chordata_Aves_Caprimulgiformes_Caprimulgidae_Setopagis_parvula/93e6d024-0cab-46d5-86a6-9cf5b09159cd.wav,25.238
1628,Setopagis parvula,litnig1,train/01628_Animalia_Chordata_Aves_Caprimulgiformes_Caprimulgidae_Setopagis_parvula/d22a934a-ed00-484f-aebc-9bc8cb0e10c2.wav,67.275
1628,Setopagis parvula,litnig1,train/01628_Animalia_Chordata_Aves_Caprimulgiformes_Caprimulgidae_Setopagis_parvula/fce47991-3d5e-4265-aae1-af05a34bcc2a.wav,17.001
1628,Setopagis parvula,litnig1,train/01628_Animalia_Chordata_Aves_Caprimulgiformes_Caprimulgidae_Setopagis_parvula/fcf02232-90c4-4bd2-8d11-ed2b3ff9d6f0.wav,61.056
5025,Pyrrhura frontalis,mabpar,train/05025_Animalia_Chordata_Aves_Psittaciformes_Psittacidae_Pyrrhura_frontalis/07150a19-fbcd-4aa0-89f8-6b74e87c9b21.wav,7.471
5025,Pyrrhura frontalis,mabpar,train/05025_Animalia_Chordata_Aves_Psittaciformes_Psittacidae_Pyrrhura_frontalis/19ba5687-e690-44c7-b2d3-2973e81fe50e.wav,14.97
5025,Pyrrhura frontalis,mabpar,train/05025_Animalia_Chordata_Aves_Psittaciformes_Psittacidae_Pyrrhura_frontalis/39dbc8bc-709f-4f43-a8e5-35cf0486f2fb.wav,14.97
5025,Pyrrhura frontalis,mabpar,train/05025_Animalia_Chordata_Aves_Psittaciformes_Psittacidae_Pyrrhura_frontalis/46a5be8e-27ab-4d89-8fd3-ca079b730a8e.wav,14.97
5025,Pyrrhura frontalis,mabpar,train/05025_Animalia_Chordata_Aves_Psittaciformes_Psittacidae_Pyrrhura_frontalis/61420540-3bd7-4039-89b5-8cfaee72bfae.wav,3.477
5025,Pyrrhura frontalis,mabpar,train/05025_Animalia_Chordata_Aves_Psittaciformes_Psittacidae_Pyrrhura_frontalis/7ff6d9c4-dc48-4d3b-a35b-6daf7bc5f136.wav,27.925
5025,Pyrrhura frontalis,mabpar,train/05025_Animalia_Chordata_Aves_Psittaciformes_Psittacidae_Pyrrhura_frontalis/966fbebb-1b3e-485e-ab41-22b6fbcbb1c4.wav,14.97
3965,Cercomacra melanaria,magant1,train/03965_Animalia_Chordata_Aves_Passeriformes_Thamnophilidae_Cercomacra_melanaria/96a49b4e-954f-4b11-aeba-4b4f38b85364.wav,7.628
4124,Cissopis leverianus,magtan2,train/04124_Animalia_Chordata_Aves_Passeriformes_Thraupidae_Cissopis_leverianus/1225dba3-135b-447b-96fb-986280678a46.wav,7.493
4124,Cissopis leverianus,magtan2,train/04124_Animalia_Chordata_Aves_Passeriformes_Thraupidae_Cissopis_leverianus/f6aaf197-8e3a-4604-8ba7-c2ac35714c58.wav,13.368
3768,Polioptila dumicola,masgna1,train/03768_Animalia_Chordata_Aves_Passeriformes_Polioptilidae_Polioptila_dumicola/081a8c0f-310f-461c-8787-9ab8529beee5.wav,15.325
3768,Polioptila dumicola,masgna1,train/03768_Animalia_Chordata_Aves_Passeriformes_Polioptilidae_Polioptila_dumicola/18fcf3ea-f848-441e-9158-655ff27f1881.wav,11.146
3768,Polioptila dumicola,masgna1,train/03768_Animalia_Chordata_Aves_Passeriformes_Polioptilidae_Polioptila_dumicola/45187a52-128d-4638-aaa0-245e3a6b8d23.wav,10.823
3768,Polioptila dumicola,masgna1,train/03768_Animalia_Chordata_Aves_Passeriformes_Polioptilidae_Polioptila_dumicola/517045f7-ec52-484d-88b1-3e169553098b.wav,18.646
3768,Polioptila dumicola,masgna1,train/03768_Animalia_Chordata_Aves_Passeriformes_Polioptilidae_Polioptila_dumicola/580a7c28-22e5-4847-83ec-9acd42eec687.wav,35.421
3768,Polioptila dumicola,masgna1,train/03768_Animalia_Chordata_Aves_Passeriformes_Polioptilidae_Polioptila_dumicola/647323d1-7d08-4956-a3d4-d5affa101945.wav,5.483
3768,Polioptila dumicola,masgna1,train/03768_Animalia_Chordata_Aves_Passeriformes_Polioptilidae_Polioptila_dumicola/7fa7729a-d0bd-48e8-a5e5-221899607087.wav,23.708
3768,Polioptila dumicola,masgna1,train/03768_Animalia_Chordata_Aves_Passeriformes_Polioptilidae_Polioptila_dumicola/869c432e-d5f2-4daf-86bf-7b03834f3d59.wav,12.99
3768,Polioptila dumicola,masgna1,train/03768_Animalia_Chordata_Aves_Passeriformes_Polioptilidae_Polioptila_dumicola/9297fbd5-45a7-4cda-9f36-2015840cd670.wav,17.763
3768,Polioptila dumicola,masgna1,train/03768_Animalia_Chordata_Aves_Passeriformes_Polioptilidae_Polioptila_dumicola/994b3f25-f3ae-47d2-ac87-1510ba847329.wav,14.745
3768,Polioptila dumicola,masgna1,train/03768_Animalia_Chordata_Aves_Passeriformes_Polioptilidae_Polioptila_dumicola/a50ae0c3-77fe-4c3f-8458-6ca755d7c57c.wav,30.766
3768,Polioptila dumicola,masgna1,train/03768_Animalia_Chordata_Aves_Passeriformes_Polioptilidae_Polioptila_dumicola/a8ba73d8-a4c5-4ac9-a994-cbef329a63d6.wav,4.493
3768,Polioptila dumicola,masgna1,train/03768_Animalia_Chordata_Aves_Passeriformes_Polioptilidae_Polioptila_dumicola/aafa436a-515d-4548-bfea-ee3557219a90.wav,14.649
3768,Polioptila dumicola,masgna1,train/03768_Animalia_Chordata_Aves_Passeriformes_Polioptilidae_Polioptila_dumicola/b3c1fb5e-e328-46b7-9e6a-f52e3db6ed43.wav,7.784
3768,Polioptila dumicola,masgna1,train/03768_Animalia_Chordata_Aves_Passeriformes_Polioptilidae_Polioptila_dumicola/db57bed8-e9be-43ff-a659-3d8f04b7e216.wav,15.744
3768,Polioptila dumicola,masgna1,train/03768_Animalia_Chordata_Aves_Passeriformes_Polioptilidae_Polioptila_dumicola/dbff5863-f964-4d1e-9f6a-d2292272a0b5.wav,33.097
3768,Polioptila dumicola,masgna1,train/03768_Animalia_Chordata_Aves_Passeriformes_Polioptilidae_Polioptila_dumicola/e8eb7c82-e346-43ef-b0f5-50d035978bea.wav,1.602
3768,Polioptila dumicola,masgna1,train/03768_Animalia_Chordata_Aves_Passeriformes_Polioptilidae_Polioptila_dumicola/f459ec16-f600-49b9-a27c-d907d03623b2.wav,44.441
3768,Polioptila dumicola,masgna1,train/03768_Animalia_Chordata_Aves_Passeriformes_Polioptilidae_Polioptila_dumicola/f8365c1f-d238-4ce7-ae85-36882cebd307.wav,14.533
3768,Polioptila dumicola,masgna1,train/03768_Animalia_Chordata_Aves_Passeriformes_Polioptilidae_Polioptila_dumicola/f86a4120-2ca7-4e87-aea1-6695eb974da2.wav,24.892
3768,Polioptila dumicola,masgna1,train/03768_Animalia_Chordata_Aves_Passeriformes_Polioptilidae_Polioptila_dumicola/f86b8cf2-4bfb-41dd-be9d-722bdb7aed29.wav,17.856
2305,Rufirallus schomburgkii,ocecra1,train/02305_Animalia_Chordata_Aves_Gruiformes_Rallidae_Rufirallus_schomburgkii/039a62ed-caf1-4b16-882b-e50f3507c992.wav,11.18
2305,Rufirallus schomburgkii,ocecra1,train/02305_Animalia_Chordata_Aves_Gruiformes_Rallidae_Rufirallus_schomburgkii/4325b8c8-4ab6-4018-a099-d111ad8400b8.wav,16.314
2305,Rufirallus schomburgkii,ocecra1,train/02305_Animalia_Chordata_Aves_Gruiformes_Rallidae_Rufirallus_schomburgkii/97f490b8-c34e-4bb2-baac-b6f06b2d8f5b.wav,69.203
2862,Sittasomus griseicapillus,oliwoo1,train/02862_Animalia_Chordata_Aves_Passeriformes_Furnariidae_Sittasomus_griseicapillus/299865e3-caaa-431b-a484-ccd2cdc5ff55.wav,30.638
2862,Sittasomus griseicapillus,oliwoo1,train/02862_Animalia_Chordata_Aves_Passeriformes_Furnariidae_Sittasomus_griseicapillus/2c0017a6-c814-43cd-8cac-75d2821d8aed.wav,6.945
2862,Sittasomus griseicapillus,oliwoo1,train/02862_Animalia_Chordata_Aves_Passeriformes_Furnariidae_Sittasomus_griseicapillus/84b24292-25fb-40a5-a892-195b31802db4.wav,2.299
2862,Sittasomus griseicapillus,oliwoo1,train/02862_Animalia_Chordata_Aves_Passeriformes_Furnariidae_Sittasomus_griseicapillus/8c47d7fc-2e49-4c7d-ad9c-f6841883ddcc.wav,14.929
3015,Icterus croconotus,orbtro3,train/03015_Animalia_Chordata_Aves_Passeriformes_Icteridae_Icterus_croconotus/7632cd55-ffbb-445f-9548-64d6f1ddb0e3.wav,41.99
4948,Amazona amazonica,orwpar,train/04948_Animalia_Chordata_Aves_Psittaciformes_Psittacidae_Amazona_amazonica/280d24df-ad8c-4f58-9a86-3e113699c4d8.wav,38.922
4948,Amazona amazonica,orwpar,train/04948_Animalia_Chordata_Aves_Psittaciformes_Psittacidae_Amazona_amazonica/4a297462-d455-4b75-a283-982e709e293d.wav,55.275
4948,Amazona amazonica,orwpar,train/04948_Animalia_Chordata_Aves_Psittaciformes_Psittacidae_Amazona_amazonica/57d3b3f2-dad9-41f3-b476-9275c0207456.wav,13.584
4948,Amazona amazonica,orwpar,train/04948_Animalia_Chordata_Aves_Psittaciformes_Psittacidae_Amazona_amazonica/7f8f8612-d961-4a57-880e-b002ecc86221.wav,12.925
4948,Amazona amazonica,orwpar,train/04948_Animalia_Chordata_Aves_Psittaciformes_Psittacidae_Amazona_amazonica/92ace75b-2ca5-4c73-92c5-f11335d09666.wav,58.636
4948,Amazona amazonica,orwpar,train/04948_Animalia_Chordata_Aves_Psittaciformes_Psittacidae_Amazona_amazonica/a4cecaf8-fc14-4fa0-a192-2a4f1a8e3825.wav,17.81
4948,Amazona amazonica,orwpar,train/04948_Animalia_Chordata_Aves_Psittaciformes_Psittacidae_Amazona_amazonica/a9aaae16-8385-4e71-950b-6d140c2e12df.wav,3.84
4948,Amazona amazonica,orwpar,train/04948_Animalia_Chordata_Aves_Psittaciformes_Psittacidae_Amazona_amazonica/b810c8cc-1ea5-4343-94c8-bbc628966f2f.wav,24.433
4948,Amazona amazonica,orwpar,train/04948_Animalia_Chordata_Aves_Psittaciformes_Psittacidae_Amazona_amazonica/f2849da6-94b2-4fd9-ab15-db6a46b92caa.wav,27.879
1476,Pandion haliaetus,osprey,train/01476_Animalia_Chordata_Aves_Accipitriformes_Pandionidae_Pandion_haliaetus/0061fa04-2e42-4ca7-8e24-8f5514ff6d79.wav,36.221
1476,Pandion haliaetus,osprey,train/01476_Animalia_Chordata_Aves_Accipitriformes_Pandionidae_Pandion_haliaetus/00b14412-a97d-423b-879d-d0f5d8a74a74.wav,51.073
1476,Pandion haliaetus,osprey,train/01476_Animalia_Chordata_Aves_Accipitriformes_Pandionidae_Pandion_haliaetus/0138daaa-222c-4963-a9c4-4ba40a57be55.wav,21.952
1476,Pandion haliaetus,osprey,train/01476_Animalia_Chordata_Aves_Accipitriformes_Pandionidae_Pandion_haliaetus/0648816c-3f9b-45b6-9af0-3bf4fa8f23e2.wav,38.766
1476,Pandion haliaetus,osprey,train/01476_Animalia_Chordata_Aves_Accipitriformes_Pandionidae_Pandion_haliaetus/086e1167-59f2-40ee-a3b3-2d6313977f05.wav,13.212
1476,Pandion haliaetus,osprey,train/01476_Animalia_Chordata_Aves_Accipitriformes_Pandionidae_Pandion_haliaetus/0a861ebe-7aef-458a-bef3-4c9caa59b80d.wav,5.042
1476,Pandion haliaetus,osprey,train/01476_Animalia_Chordata_Aves_Accipitriformes_Pandionidae_Pandion_haliaetus/0ab21881-33c9-4b9e-a18a-eda3ad56dc3a.wav,3.979
1476,Pandion haliaetus,osprey,train/01476_Animalia_Chordata_Aves_Accipitriformes_Pandionidae_Pandion_haliaetus/0cb314f7-2e0d-44f3-80f4-218adeebf6fd.wav,5.719
1476,Pandion haliaetus,osprey,train/01476_Animalia_Chordata_Aves_Accipitriformes_Pandionidae_Pandion_haliaetus/0cf829b8-fd82-41ff-a441-466e87f5ec17.wav,20.373
1476,Pandion haliaetus,osprey,train/01476_Animalia_Chordata_Aves_Accipitriformes_Pandionidae_Pandion_haliaetus/0d50696e-d555-4e49-9745-2714f35f8d8c.wav,21.966
1476,Pandion haliaetus,osprey,train/01476_Animalia_Chordata_Aves_Accipitriformes_Pandionidae_Pandion_haliaetus/0e99d036-98ba-4d04-9c4f-1f84c96021db.wav,5.039
1476,Pandion haliaetus,osprey,train/01476_Animalia_Chordata_Aves_Accipitriformes_Pandionidae_Pandion_haliaetus/0f01fc33-a0b0-427b-873a-b058f53d6ca1.wav,12.437
1476,Pandion haliaetus,osprey,train/01476_Animalia_Chordata_Aves_Accipitriformes_Pandionidae_Pandion_haliaetus/0f274915-490b-4b4e-9679-81352e2c5fa8.wav,6.223
1476,Pandion haliaetus,osprey,train/01476_Animalia_Chordata_Aves_Accipitriformes_Pandionidae_Pandion_haliaetus/10261d63-52d0-44a6-ae99-a1a9c152c617.wav,43.804
1476,Pandion haliaetus,osprey,train/01476_Animalia_Chordata_Aves_Accipitriformes_Pandionidae_Pandion_haliaetus/1116189d-b5c4-49b4-801b-1c3216b65038.wav,13.816
1476,Pandion haliaetus,osprey,train/01476_Animalia_Chordata_Aves_Accipitriformes_Pandionidae_Pandion_haliaetus/11942710-4351-4560-8820-4705890c1a76.wav,14.629
1476,Pandion haliaetus,osprey,train/01476_Animalia_Chordata_Aves_Accipitriformes_Pandionidae_Pandion_haliaetus/124e3f00-f28c-45c1-9d5a-2996b63b92bd.wav,7.438
1476,Pandion haliaetus,osprey,train/01476_Animalia_Chordata_Aves_Accipitriformes_Pandionidae_Pandion_haliaetus/12dba61e-8c89-45c9-9657-158548a17200.wav,7.57
1476,Pandion haliaetus,osprey,train/01476_Animalia_Chordata_Aves_Accipitriformes_Pandionidae_Pandion_haliaetus/133dde21-452d-46bd-b51d-17cdd40eff3f.wav,47.047
1476,Pandion haliaetus,osprey,train/01476_Animalia_Chordata_Aves_Accipitriformes_Pandionidae_Pandion_haliaetus/145471a8-4d05-43c8-a24d-131b7ee4ceab.wav,6.694
1476,Pandion haliaetus,osprey,train/01476_Animalia_Chordata_Aves_Accipitriformes_Pandionidae_Pandion_haliaetus/16995cd5-0fda-4600-af50-cd5c184e0609.wav,11.328
1476,Pandion haliaetus,osprey,train/01476_Animalia_Chordata_Aves_Accipitriformes_Pandionidae_Pandion_haliaetus/19190ad8-d509-4a28-b66e-b49eb81d7cd8.wav,10.539
1476,Pandion haliaetus,osprey,train/01476_Animalia_Chordata_Aves_Accipitriformes_Pandionidae_Pandion_haliaetus/1a7413ec-3246-4583-90a9-1ab15f6e0af6.wav,23.275
1476,Pandion haliaetus,osprey,train/01476_Animalia_Chordata_Aves_Accipitriformes_Pandionidae_Pandion_haliaetus/1beb8ad2-dd6a-43c4-91a1-4b5100152473.wav,21.548
1476,Pandion haliaetus,osprey,train/01476_Animalia_Chordata_Aves_Accipitriformes_Pandionidae_Pandion_haliaetus/1c8ca7c4-bf80-4310-8376-d404d7337569.wav,11.703
1476,Pandion haliaetus,osprey,train/01476_Animalia_Chordata_Aves_Accipitriformes_Pandionidae_Pandion_haliaetus/1cbc4b4b-c86e-4180-ad8a-a0ef48e6ccf7.wav,23.284
1476,Pandion haliaetus,osprey,train/01476_Animalia_Chordata_Aves_Accipitriformes_Pandionidae_Pandion_haliaetus/1d5d08a5-93a7-4abf-8b55-1fd32fe123f0.wav,4.551
1476,Pandion haliaetus,osprey,train/01476_Animalia_Chordata_Aves_Accipitriformes_Pandionidae_Pandion_haliaetus/2028e810-4f38-43d9-b208-9a9fcf7d4691.wav,5.569
1476,Pandion haliaetus,osprey,train/01476_Animalia_Chordata_Aves_Accipitriformes_Pandionidae_Pandion_haliaetus/208cb780-130c-43f2-a3a4-06246c6079eb.wav,33.367
1476,Pandion haliaetus,osprey,train/01476_Animalia_Chordata_Aves_Accipitriformes_Pandionidae_Pandion_haliaetus/227ff800-173b-4e12-b408-03509a41356c.wav,13.52
1476,Pandion haliaetus,osprey,train/01476_Animalia_Chordata_Aves_Accipitriformes_Pandionidae_Pandion_haliaetus/22e70b37-c2aa-409a-be54-f780514a5bc5.wav,7.175
1476,Pandion haliaetus,osprey,train/01476_Animalia_Chordata_Aves_Accipitriformes_Pandionidae_Pandion_haliaetus/232132d2-6579-45bc-827e-e0dea48cc004.wav,19.365
1476,Pandion haliaetus,osprey,train/01476_Animalia_Chordata_Aves_Accipitriformes_Pandionidae_Pandion_haliaetus/2362917b-4331-421a-a65e-cf5a973ec753.wav,9.525
1476,Pandion haliaetus,osprey,train/01476_Animalia_Chordata_Aves_Accipitriformes_Pandionidae_Pandion_haliaetus/246ad794-f9ad-4272-b1e2-4a8693690877.wav,7.152
1476,Pandion haliaetus,osprey,train/01476_Animalia_Chordata_Aves_Accipitriformes_Pandionidae_Pandion_haliaetus/24d2a5e4-ce14-41e8-b9fa-faafe44c10e5.wav,25.84
1476,Pandion haliaetus,osprey,train/01476_Animalia_Chordata_Aves_Accipitriformes_Pandionidae_Pandion_haliaetus/27cddf54-b004-4b32-aca4-05db19aa7d64.wav,4.459
1476,Pandion haliaetus,osprey,train/01476_Animalia_Chordata_Aves_Accipitriformes_Pandionidae_Pandion_haliaetus/280fdc7e-6be3-4a4b-bdc5-964547e0a358.wav,6.014
1476,Pandion haliaetus,osprey,train/01476_Animalia_Chordata_Aves_Accipitriformes_Pandionidae_Pandion_haliaetus/2a0065dc-ea80-444e-a172-56edb7f579d4.wav,21.398
1476,Pandion haliaetus,osprey,train/01476_Animalia_Chordata_Aves_Accipitriformes_Pandionidae_Pandion_haliaetus/2bcc0c11-5a9f-43de-b64a-9263ddd10b16.wav,22.268
1476,Pandion haliaetus,osprey,train/01476_Animalia_Chordata_Aves_Accipitriformes_Pandionidae_Pandion_haliaetus/2d9603ff-2cd6-4397-ada4-159712e56687.wav,5.728
1476,Pandion haliaetus,osprey,train/01476_Animalia_Chordata_Aves_Accipitriformes_Pandionidae_Pandion_haliaetus/2de30cc8-01e8-4883-a373-a57bf48dfd0e.wav,4.545
1476,Pandion haliaetus,osprey,train/01476_Animalia_Chordata_Aves_Accipitriformes_Pandionidae_Pandion_haliaetus/2eff1427-4b72-49be-b760-82907216a0ec.wav,6.097
1476,Pandion haliaetus,osprey,train/01476_Animalia_Chordata_Aves_Accipitriformes_Pandionidae_Pandion_haliaetus/30cc3fb9-400d-4059-9a88-4ad11468b794.wav,59.008
1476,Pandion haliaetus,osprey,train/01476_Animalia_Chordata_Aves_Accipitriformes_Pandionidae_Pandion_haliaetus/336a43c1-1611-4479-95b9-93c8789cc430.wav,29.675
1476,Pandion haliaetus,osprey,train/01476_Animalia_Chordata_Aves_Accipitriformes_Pandionidae_Pandion_haliaetus/33f78fc4-a33c-4cbd-a04a-a8ab07b95a87.wav,56.703
1476,Pandion haliaetus,osprey,train/01476_Animalia_Chordata_Aves_Accipitriformes_Pandionidae_Pandion_haliaetus/34538e11-4f39-4a4e-8242-5b5b02af40c0.wav,7.236
1476,Pandion haliaetus,osprey,train/01476_Animalia_Chordata_Aves_Accipitriformes_Pandionidae_Pandion_haliaetus/3482b635-3e0a-4b6b-bbcb-e183b575b5ca.wav,25.867
1476,Pandion haliaetus,osprey,train/01476_Animalia_Chordata_Aves_Accipitriformes_Pandionidae_Pandion_haliaetus/35d1efa2-d9ce-4d6b-a6a8-c99c616420b3.wav,21.76
1476,Pandion haliaetus,osprey,train/01476_Animalia_Chordata_Aves_Accipitriformes_Pandionidae_Pandion_haliaetus/37c8c024-c8dc-48e7-80c3-b232043dfd61.wav,10.88
1476,Pandion haliaetus,osprey,train/01476_Animalia_Chordata_Aves_Accipitriformes_Pandionidae_Pandion_haliaetus/384c1af9-b953-441b-9a13-1300ec96fd8d.wav,3.833
1476,Pandion haliaetus,osprey,train/01476_Animalia_Chordata_Aves_Accipitriformes_Pandionidae_Pandion_haliaetus/3922ad68-864d-4b07-bd72-fdd1cd937386.wav,8.847
1476,Pandion haliaetus,osprey,train/01476_Animalia_Chordata_Aves_Accipitriformes_Pandionidae_Pandion_haliaetus/39336148-c021-4ccb-a9d8-41eb0e0ac936.wav,9.236
1476,Pandion haliaetus,osprey,train/01476_Animalia_Chordata_Aves_Accipitriformes_Pandionidae_Pandion_haliaetus/3a61016e-96a7-4f57-bbd2-d56e30acc4ea.wav,9.587
1476,Pandion haliaetus,osprey,train/01476_Animalia_Chordata_Aves_Accipitriformes_Pandionidae_Pandion_haliaetus/3a8ce1e6-3571-43eb-b7de-de20e2633944.wav,4.445
1476,Pandion haliaetus,osprey,train/01476_Animalia_Chordata_Aves_Accipitriformes_Pandionidae_Pandion_haliaetus/3afc19ef-c2fd-45cb-8250-4ef45f54d6d6.wav,4.854
1476,Pandion haliaetus,osprey,train/01476_Animalia_Chordata_Aves_Accipitriformes_Pandionidae_Pandion_haliaetus/3afd6b7f-af13-4ba1-b5f2-ea11294a6bb9.wav,43.787
1476,Pandion haliaetus,osprey,train/01476_Animalia_Chordata_Aves_Accipitriformes_Pandionidae_Pandion_haliaetus/3afdfc37-e1f2-4082-8cc1-14c1462b19b9.wav,2.694
1476,Pandion haliaetus,osprey,train/01476_Animalia_Chordata_Aves_Accipitriformes_Pandionidae_Pandion_haliaetus/3ea9fbbf-0f5a-4f53-b483-22e97f8effd5.wav,68.349
1476,Pandion haliaetus,osprey,train/01476_Animalia_Chordata_Aves_Accipitriformes_Pandionidae_Pandion_haliaetus/40f5188d-a609-42ae-8f30-55543842e25b.wav,19.987
1476,Pandion haliaetus,osprey,train/01476_Animalia_Chordata_Aves_Accipitriformes_Pandionidae_Pandion_haliaetus/41640aa0-3fcf-4b6e-b7a4-54e068631d3d.wav,5.568
1476,Pandion haliaetus,osprey,train/01476_Animalia_Chordata_Aves_Accipitriformes_Pandionidae_Pandion_haliaetus/417ec02a-d7f7-4734-b2f2-51e101116049.wav,16.066
1476,Pandion haliaetus,osprey,train/01476_Animalia_Chordata_Aves_Accipitriformes_Pandionidae_Pandion_haliaetus/41d26c4e-cf57-4007-bab6-654eb7a954fe.wav,8.341
1476,Pandion haliaetus,osprey,train/01476_Animalia_Chordata_Aves_Accipitriformes_Pandionidae_Pandion_haliaetus/429b32fd-ab07-4cde-9c5d-c19ed8b1fd08.wav,68.468
1476,Pandion haliaetus,osprey,train/01476_Animalia_Chordata_Aves_Accipitriformes_Pandionidae_Pandion_haliaetus/42d552ba-60e6-47f5-918e-4ab66898e9ee.wav,7.233
1476,Pandion haliaetus,osprey,train/01476_Animalia_Chordata_Aves_Accipitriformes_Pandionidae_Pandion_haliaetus/43ddbfe4-8550-4263-8f5e-5c48fc91b53e.wav,51.755
1476,Pandion haliaetus,osprey,train/01476_Animalia_Chordata_Aves_Accipitriformes_Pandionidae_Pandion_haliaetus/48a71d44-82cf-4b4b-9ceb-a4f392706df1.wav,16.3
1476,Pandion haliaetus,osprey,train/01476_Animalia_Chordata_Aves_Accipitriformes_Pandionidae_Pandion_haliaetus/4b0c998d-fcb2-4cab-876b-306ef93a7610.wav,3.437
1476,Pandion haliaetus,osprey,train/01476_Animalia_Chordata_Aves_Accipitriformes_Pandionidae_Pandion_haliaetus/4e6ba96a-5046-41c1-8aae-9286a68ecea8.wav,11.865
1476,Pandion haliaetus,osprey,train/01476_Animalia_Chordata_Aves_Accipitriformes_Pandionidae_Pandion_haliaetus/4ec82f79-4d77-4344-a9d9-8048733b31e0.wav,13.192
1476,Pandion haliaetus,osprey,train/01476_Animalia_Chordata_Aves_Accipitriformes_Pandionidae_Pandion_haliaetus/4f320e97-563b-4292-9c57-76f119a620b5.wav,3.925
1476,Pandion haliaetus,osprey,train/01476_Animalia_Chordata_Aves_Accipitriformes_Pandionidae_Pandion_haliaetus/4f4118a1-22ce-4873-8fcb-ebe31c17e046.wav,31.098
1476,Pandion haliaetus,osprey,train/01476_Animalia_Chordata_Aves_Accipitriformes_Pandionidae_Pandion_haliaetus/5008c1c6-adec-408d-974d-7fce9a5fe5fc.wav,5.248
1476,Pandion haliaetus,osprey,train/01476_Animalia_Chordata_Aves_Accipitriformes_Pandionidae_Pandion_haliaetus/52823f52-8ad3-4bbc-8858-179216fb9386.wav,44.768
1476,Pandion haliaetus,osprey,train/01476_Animalia_Chordata_Aves_Accipitriformes_Pandionidae_Pandion_haliaetus/53892fcb-3293-4886-9485-06bd974bdd6c.wav,3.599
1476,Pandion haliaetus,osprey,train/01476_Animalia_Chordata_Aves_Accipitriformes_Pandionidae_Pandion_haliaetus/55084188-21c8-4028-a984-c51d59aa1e82.wav,26.424
1476,Pandion haliaetus,osprey,train/01476_Animalia_Chordata_Aves_Accipitriformes_Pandionidae_Pandion_haliaetus/562aaaad-bd92-4280-bf3f-92367c973757.wav,10.971
1476,Pandion haliaetus,osprey,train/01476_Animalia_Chordata_Aves_Accipitriformes_Pandionidae_Pandion_haliaetus/580d0708-5dd6-411b-953d-397c38385d4e.wav,14.872
1476,Pandion haliaetus,osprey,train/01476_Animalia_Chordata_Aves_Accipitriformes_Pandionidae_Pandion_haliaetus/590b36a8-1255-4470-b6ab-f4469813b60d.wav,8.341
1476,Pandion haliaetus,osprey,train/01476_Animalia_Chordata_Aves_Accipitriformes_Pandionidae_Pandion_haliaetus/5b8d5b37-2ddb-4157-9c55-41abf2ace949.wav,11.285
1476,Pandion haliaetus,osprey,train/01476_Animalia_Chordata_Aves_Accipitriformes_Pandionidae_Pandion_haliaetus/5eba86c1-48bd-4c91-bf17-58f7b6eeb482.wav,38.25
1476,Pandion haliaetus,osprey,train/01476_Animalia_Chordata_Aves_Accipitriformes_Pandionidae_Pandion_haliaetus/6028d01c-74c8-4645-8acd-c8934b691cd5.wav,14.629
1476,Pandion haliaetus,osprey,train/01476_Animalia_Chordata_Aves_Accipitriformes_Pandionidae_Pandion_haliaetus/628a0bef-3a67-4e18-ad47-b14fa5678863.wav,7.146
1476,Pandion haliaetus,osprey,train/01476_Animalia_Chordata_Aves_Accipitriformes_Pandionidae_Pandion_haliaetus/62ba8229-cb9b-4bfe-afb8-39539a62cdda.wav,4.693
1476,Pandion haliaetus,osprey,train/01476_Animalia_Chordata_Aves_Accipitriformes_Pandionidae_Pandion_haliaetus/62e082ad-dd2d-4836-95dc-d028290a1980.wav,9.536
1476,Pandion haliaetus,osprey,train/01476_Animalia_Chordata_Aves_Accipitriformes_Pandionidae_Pandion_haliaetus/653cd165-aabf-4e4d-b7d3-632f8e188e6e.wav,6.243
1476,Pandion haliaetus,osprey,train/01476_Animalia_Chordata_Aves_Accipitriformes_Pandionidae_Pandion_haliaetus/67b24b50-feed-4d7a-92b2-74fa132c5157.wav,3.901
1476,Pandion haliaetus,osprey,train/01476_Animalia_Chordata_Aves_Accipitriformes_Pandionidae_Pandion_haliaetus/67c3871d-8fd6-42ca-acd0-c23f199dc908.wav,32.914
1476,Pandion haliaetus,osprey,train/01476_Animalia_Chordata_Aves_Accipitriformes_Pandionidae_Pandion_haliaetus/6845e706-097a-4832-a5d0-9dc0455a0273.wav,4.864
1476,Pandion haliaetus,osprey,train/01476_Animalia_Chordata_Aves_Accipitriformes_Pandionidae_Pandion_haliaetus/696a4ef5-58eb-4620-84db-7ca69be10317.wav,14.977
1476,Pandion haliaetus,osprey,train/01476_Animalia_Chordata_Aves_Accipitriformes_Pandionidae_Pandion_haliaetus/6ac3f5a4-c5ca-4485-8373-61c5f6b7baff.wav,50.966
1476,Pandion haliaetus,osprey,train/01476_Animalia_Chordata_Aves_Accipitriformes_Pandionidae_Pandion_haliaetus/6b5fc986-a705-4dd2-874b-bdfc683fbc30.wav,46.904
1476,Pandion haliaetus,osprey,train/01476_Animalia_Chordata_Aves_Accipitriformes_Pandionidae_Pandion_haliaetus/6d2b09a2-b765-4fcf-8ec5-1f048d45cdc7.wav,59.303
1476,Pandion haliaetus,osprey,train/01476_Animalia_Chordata_Aves_Accipitriformes_Pandionidae_Pandion_haliaetus/6dc7622d-fd72-4b87-b5ef-646f90c9b5b0.wav,50.663
1476,Pandion haliaetus,osprey,train/01476_Animalia_Chordata_Aves_Accipitriformes_Pandionidae_Pandion_haliaetus/6f181fee-09ab-4e15-87c4-756e5ddc7cc6.wav,40.48
1476,Pandion haliaetus,osprey,train/01476_Animalia_Chordata_Aves_Accipitriformes_Pandionidae_Pandion_haliaetus/6f347f09-b013-4a62-9b9c-7fa6936b413d.wav,36.8
1476,Pandion haliaetus,osprey,train/01476_Animalia_Chordata_Aves_Accipitriformes_Pandionidae_Pandion_haliaetus/7026da40-e8f1-4e20-8eeb-b4affe9ff30a.wav,5.541
1476,Pandion haliaetus,osprey,train/01476_Animalia_Chordata_Aves_Accipitriformes_Pandionidae_Pandion_haliaetus/708ea14f-b78d-4d1a-8781-17187b19a88c.wav,6.014
1476,Pandion haliaetus,osprey,train/01476_Animalia_Chordata_Aves_Accipitriformes_Pandionidae_Pandion_haliaetus/7504b022-ede9-4a62-a21a-918e089417bc.wav,28.651
1476,Pandion haliaetus,osprey,train/01476_Animalia_Chordata_Aves_Accipitriformes_Pandionidae_Pandion_haliaetus/75190ca8-0eed-4b3c-95f8-dc3798b2e81b.wav,5.248
1476,Pandion haliaetus,osprey,train/01476_Animalia_Chordata_Aves_Accipitriformes_Pandionidae_Pandion_haliaetus/75d4370f-ddc0-491e-bfd0-b9b5f83396e4.wav,3.883
1476,Pandion haliaetus,osprey,train/01476_Animalia_Chordata_Aves_Accipitriformes_Pandionidae_Pandion_haliaetus/77838936-08cb-4dd5-9a40-2a5ff4d6fce5.wav,17.408
1476,Pandion haliaetus,osprey,train/01476_Animalia_Chordata_Aves_Accipitriformes_Pandionidae_Pandion_haliaetus/7805b0d5-7a32-41dd-96b5-6e44f5ab0ea3.wav,35.325
1476,Pandion haliaetus,osprey,train/01476_Animalia_Chordata_Aves_Accipitriformes_Pandionidae_Pandion_haliaetus/7b69986b-9a55-4d25-a0e4-cb72c72688f2.wav,19.987
1476,Pandion haliaetus,osprey,train/01476_Animalia_Chordata_Aves_Accipitriformes_Pandionidae_Pandion_haliaetus/7b898d35-fe70-455f-a00b-00c702503244.wav,16.432
1476,Pandion haliaetus,osprey,train/01476_Animalia_Chordata_Aves_Accipitriformes_Pandionidae_Pandion_haliaetus/7c548c63-8445-4c6b-bd3c-e24a424fb390.wav,17.07
1476,Pandion haliaetus,osprey,train/01476_Animalia_Chordata_Aves_Accipitriformes_Pandionidae_Pandion_haliaetus/7fdf7c25-c591-43ce-b80c-7dc4717946db.wav,5.222
1476,Pandion haliaetus,osprey,train/01476_Animalia_Chordata_Aves_Accipitriformes_Pandionidae_Pandion_haliaetus/8031f4a1-e46a-466a-b9c5-75b165cbde50.wav,20.872
1476,Pandion haliaetus,osprey,train/01476_Animalia_Chordata_Aves_Accipitriformes_Pandionidae_Pandion_haliaetus/838f5364-2c16-457e-b53b-b8f9a24fbdde.wav,7.936
1476,Pandion haliaetus,osprey,train/01476_Animalia_Chordata_Aves_Accipitriformes_Pandionidae_Pandion_haliaetus/83b642e6-6c72-470f-a310-6699be8f7943.wav,12.288
1476,Pandion haliaetus,osprey,train/01476_Animalia_Chordata_Aves_Accipitriformes_Pandionidae_Pandion_haliaetus/8483b50d-304b-43c9-9c52-dcfd4500f3cd.wav,6.995
1476,Pandion haliaetus,osprey,train/01476_Animalia_Chordata_Aves_Accipitriformes_Pandionidae_Pandion_haliaetus/88307710-5f5f-41cb-8094-16ecf73a49f3.wav,4.48
1476,Pandion haliaetus,osprey,train/01476_Animalia_Chordata_Aves_Accipitriformes_Pandionidae_Pandion_haliaetus/885905f8-d6d3-44f6-bbdf-29909395f4dd.wav,20.924
1476,Pandion haliaetus,osprey,train/01476_Animalia_Chordata_Aves_Accipitriformes_Pandionidae_Pandion_haliaetus/8b3e6e3b-9b9f-400c-a124-10d8dc7a6765.wav,5.108
1476,Pandion haliaetus,osprey,train/01476_Animalia_Chordata_Aves_Accipitriformes_Pandionidae_Pandion_haliaetus/8b480ab7-e23b-4d18-a682-5930191c4eac.wav,3.982
1476,Pandion haliaetus,osprey,train/01476_Animalia_Chordata_Aves_Accipitriformes_Pandionidae_Pandion_haliaetus/8b4b61a4-51e1-4b25-af09-2587288f73f1.wav,3.28
1476,Pandion haliaetus,osprey,train/01476_Animalia_Chordata_Aves_Accipitriformes_Pandionidae_Pandion_haliaetus/8b99136c-38ad-4911-81e3-e6b95dbc23fb.wav,42.91
1476,Pandion haliaetus,osprey,train/01476_Animalia_Chordata_Aves_Accipitriformes_Pandionidae_Pandion_haliaetus/8c1a943c-48a5-49ec-b535-cc2e5227688e.wav,16.093
1476,Pandion haliaetus,osprey,train/01476_Animalia_Chordata_Aves_Accipitriformes_Pandionidae_Pandion_haliaetus/8e60bb2d-e927-401c-97b8-cf269953d6c6.wav,57.501
1476,Pandion haliaetus,osprey,train/01476_Animalia_Chordata_Aves_Accipitriformes_Pandionidae_Pandion_haliaetus/9102829f-1315-45bc-a137-13f8a095a0fc.wav,23.37
1476,Pandion haliaetus,osprey,train/01476_Animalia_Chordata_Aves_Accipitriformes_Pandionidae_Pandion_haliaetus/930304de-8ec5-4391-8158-27451bfdad06.wav,2.276
1476,Pandion haliaetus,osprey,train/01476_Animalia_Chordata_Aves_Accipitriformes_Pandionidae_Pandion_haliaetus/94c2f248-28e4-479b-ad82-4aa8b1a6c5a0.wav,35.762
1476,Pandion haliaetus,osprey,train/01476_Animalia_Chordata_Aves_Accipitriformes_Pandionidae_Pandion_haliaetus/94d812c9-1b7a-4951-b070-11c6431bb0b8.wav,6.101
1476,Pandion haliaetus,osprey,train/01476_Animalia_Chordata_Aves_Accipitriformes_Pandionidae_Pandion_haliaetus/987b8d77-6e91-4b00-b1d7-c45fada4b3cb.wav,3.982
1476,Pandion haliaetus,osprey,train/01476_Animalia_Chordata_Aves_Accipitriformes_Pandionidae_Pandion_haliaetus/994303b9-a2d5-40e8-aa34-f4223b288af9.wav,5.013
1476,Pandion haliaetus,osprey,train/01476_Animalia_Chordata_Aves_Accipitriformes_Pandionidae_Pandion_haliaetus/9cff9d34-9468-48ce-b22b-508ec7542cec.wav,2.896
1476,Pandion haliaetus,osprey,train/01476_Animalia_Chordata_Aves_Accipitriformes_Pandionidae_Pandion_haliaetus/a0b3e829-ebec-4d12-b24f-fc086ea5701e.wav,11.796
1476,Pandion haliaetus,osprey,train/01476_Animalia_Chordata_Aves_Accipitriformes_Pandionidae_Pandion_haliaetus/a1907b4f-c2f4-4d21-a2b4-8ebb0445ab06.wav,3.715
1476,Pandion haliaetus,osprey,train/01476_Animalia_Chordata_Aves_Accipitriformes_Pandionidae_Pandion_haliaetus/a3c157bd-d4ee-4dfa-b193-9b0aa3751f72.wav,29.041
1476,Pandion haliaetus,osprey,train/01476_Animalia_Chordata_Aves_Accipitriformes_Pandionidae_Pandion_haliaetus/a4bbc4c7-4ba3-4780-ba0d-a8cabe9bc275.wav,16.032
1476,Pandion haliaetus,osprey,train/01476_Animalia_Chordata_Aves_Accipitriformes_Pandionidae_Pandion_haliaetus/a76e4e3a-6abe-42c0-a5a8-22efe1564ba6.wav,29.745
1476,Pandion haliaetus,osprey,train/01476_Animalia_Chordata_Aves_Accipitriformes_Pandionidae_Pandion_haliaetus/a822b602-a462-4e67-97b7-3b422ae0e395.wav,3.691
1476,Pandion haliaetus,osprey,train/01476_Animalia_Chordata_Aves_Accipitriformes_Pandionidae_Pandion_haliaetus/a941e7d2-5f2b-4ecf-9e24-9560a3eb30e9.wav,13.282
1476,Pandion haliaetus,osprey,train/01476_Animalia_Chordata_Aves_Accipitriformes_Pandionidae_Pandion_haliaetus/a9edb4d4-c978-47ef-8ea6-56060c17b903.wav,2.583
1476,Pandion haliaetus,osprey,train/01476_Animalia_Chordata_Aves_Accipitriformes_Pandionidae_Pandion_haliaetus/aa6fe9d0-ab7c-45a7-8c9c-593b1560a1b7.wav,11.401
1476,Pandion haliaetus,osprey,train/01476_Animalia_Chordata_Aves_Accipitriformes_Pandionidae_Pandion_haliaetus/aa8e7a4c-de8e-4e86-801f-26c8fa0372aa.wav,22.639
1476,Pandion haliaetus,osprey,train/01476_Animalia_Chordata_Aves_Accipitriformes_Pandionidae_Pandion_haliaetus/ab666fae-b0a1-4dca-8080-64d9902b74ea.wav,3.111
1476,Pandion haliaetus,osprey,train/01476_Animalia_Chordata_Aves_Accipitriformes_Pandionidae_Pandion_haliaetus/abc55579-8c0b-42ef-bf96-4fb4d4df613f.wav,15.52
1476,Pandion haliaetus,osprey,train/01476_Animalia_Chordata_Aves_Accipitriformes_Pandionidae_Pandion_haliaetus/b136cc94-fad7-4097-bf8d-faa453fc0d32.wav,48.709
1476,Pandion haliaetus,osprey,train/01476_Animalia_Chordata_Aves_Accipitriformes_Pandionidae_Pandion_haliaetus/b28326da-0cc0-4512-95d0-964c51cec76f.wav,11.424
1476,Pandion haliaetus,osprey,train/01476_Animalia_Chordata_Aves_Accipitriformes_Pandionidae_Pandion_haliaetus/b415ba54-8373-43fe-b5e8-2b299bfd4fa7.wav,15.275
1476,Pandion haliaetus,osprey,train/01476_Animalia_Chordata_Aves_Accipitriformes_Pandionidae_Pandion_haliaetus/b46cfab6-38b4-4c62-8d33-d9946750549a.wav,12.408
1476,Pandion haliaetus,osprey,train/01476_Animalia_Chordata_Aves_Accipitriformes_Pandionidae_Pandion_haliaetus/b487c19d-d340-4abe-b6e7-7b4119dc9f82.wav,26.853
1476,Pandion haliaetus,osprey,train/01476_Animalia_Chordata_Aves_Accipitriformes_Pandionidae_Pandion_haliaetus/b4a6d0ad-fe29-4739-bac6-d9913c0b27ec.wav,23.406
1476,Pandion haliaetus,osprey,train/01476_Animalia_Chordata_Aves_Accipitriformes_Pandionidae_Pandion_haliaetus/b53672f3-0910-40c7-86df-eb73a2f53c3b.wav,11.904
1476,Pandion haliaetus,osprey,train/01476_Animalia_Chordata_Aves_Accipitriformes_Pandionidae_Pandion_haliaetus/b6c03129-8be7-4f78-aaf5-a3800552433e.wav,29.041
1476,Pandion haliaetus,osprey,train/01476_Animalia_Chordata_Aves_Accipitriformes_Pandionidae_Pandion_haliaetus/baa20642-14cd-44e7-b39e-c25bf32c7f6d.wav,16.672
1476,Pandion haliaetus,osprey,train/01476_Animalia_Chordata_Aves_Accipitriformes_Pandionidae_Pandion_haliaetus/bc69a010-8098-47a9-8647-094f70ddcf8a.wav,13.305
1476,Pandion haliaetus,osprey,train/01476_Animalia_Chordata_Aves_Accipitriformes_Pandionidae_Pandion_haliaetus/bdf03038-89c6-49bb-9882-0cb3d66e589d.wav,7.152
1476,Pandion haliaetus,osprey,train/01476_Animalia_Chordata_Aves_Accipitriformes_Pandionidae_Pandion_haliaetus/bf15b761-fa93-457b-bcdd-cdc01d987b2d.wav,10.947
1476,Pandion haliaetus,osprey,train/01476_Animalia_Chordata_Aves_Accipitriformes_Pandionidae_Pandion_haliaetus/c1851b5b-b1ae-414c-a76b-e2ca72cfe718.wav,2.078
1476,Pandion haliaetus,osprey,train/01476_Animalia_Chordata_Aves_Accipitriformes_Pandionidae_Pandion_haliaetus/c25f7585-a450-4fbb-b61e-0cd358bfd222.wav,13.781
1476,Pandion haliaetus,osprey,train/01476_Animalia_Chordata_Aves_Accipitriformes_Pandionidae_Pandion_haliaetus/c4ffbede-fc1b-4396-8379-4cffe09f322e.wav,32.113
1476,Pandion haliaetus,osprey,train/01476_Animalia_Chordata_Aves_Accipitriformes_Pandionidae_Pandion_haliaetus/c5927d96-57a9-407c-a1a4-94dd1022d112.wav,13.003
1476,Pandion haliaetus,osprey,train/01476_Animalia_Chordata_Aves_Accipitriformes_Pandionidae_Pandion_haliaetus/c5b0a189-9a49-4e80-9704-6abef715ee85.wav,25.426
1476,Pandion haliaetus,osprey,train/01476_Animalia_Chordata_Aves_Accipitriformes_Pandionidae_Pandion_haliaetus/c84ce8b1-bea5-416f-9b1c-df85b3e0b6a7.wav,10.971
1476,Pandion haliaetus,osprey,train/01476_Animalia_Chordata_Aves_Accipitriformes_Pandionidae_Pandion_haliaetus/ca763ea4-9775-44f1-97f8-eec875f16613.wav,11.05
1476,Pandion haliaetus,osprey,train/01476_Animalia_Chordata_Aves_Accipitriformes_Pandionidae_Pandion_haliaetus/cf74b0f4-3644-48ec-9523-42c5904569ca.wav,8.371
1476,Pandion haliaetus,osprey,train/01476_Animalia_Chordata_Aves_Accipitriformes_Pandionidae_Pandion_haliaetus/d05aeaaa-6756-4648-ada1-c16125de1893.wav,4.096
1476,Pandion haliaetus,osprey,train/01476_Animalia_Chordata_Aves_Accipitriformes_Pandionidae_Pandion_haliaetus/d06153de-b3ef-40dc-a69b-8209a7dcd5c3.wav,24.752
1476,Pandion haliaetus,osprey,train/01476_Animalia_Chordata_Aves_Accipitriformes_Pandionidae_Pandion_haliaetus/d30576f9-2bf2-419b-b323-371ad25c2370.wav,57.469
1476,Pandion haliaetus,osprey,train/01476_Animalia_Chordata_Aves_Accipitriformes_Pandionidae_Pandion_haliaetus/d373eda7-af87-4569-9f18-232febe4ab14.wav,4.876
1476,Pandion haliaetus,osprey,train/01476_Animalia_Chordata_Aves_Accipitriformes_Pandionidae_Pandion_haliaetus/d42a0bb1-601f-41e9-bc04-2fc107f29217.wav,48.32
1476,Pandion haliaetus,osprey,train/01476_Animalia_Chordata_Aves_Accipitriformes_Pandionidae_Pandion_haliaetus/d580cc5c-5f86-4df5-b38e-8703e01187c4.wav,43.787
1476,Pandion haliaetus,osprey,train/01476_Animalia_Chordata_Aves_Accipitriformes_Pandionidae_Pandion_haliaetus/d5826866-23e0-4b6f-be0c-8dc4e9f8d3ba.wav,11.958
1476,Pandion haliaetus,osprey,train/01476_Animalia_Chordata_Aves_Accipitriformes_Pandionidae_Pandion_haliaetus/d5e3a0de-1853-4d78-91a3-57ea7e518295.wav,12.492
1476,Pandion haliaetus,osprey,train/01476_Animalia_Chordata_Aves_Accipitriformes_Pandionidae_Pandion_haliaetus/d7ed92af-4f85-4198-8bdf-ea024bfdfd42.wav,16.091
1476,Pandion haliaetus,osprey,train/01476_Animalia_Chordata_Aves_Accipitriformes_Pandionidae_Pandion_haliaetus/d875112f-9f49-4ee5-a3de-21585b986c5a.wav,6.06
1476,Pandion haliaetus,osprey,train/01476_Animalia_Chordata_Aves_Accipitriformes_Pandionidae_Pandion_haliaetus/d9c6fd10-67bb-4925-9712-f7596d733d89.wav,20.457
1476,Pandion haliaetus,osprey,train/01476_Animalia_Chordata_Aves_Accipitriformes_Pandionidae_Pandion_haliaetus/dcbd8f33-490f-4937-8026-fc861603ec0c.wav,7.021
1476,Pandion haliaetus,osprey,train/01476_Animalia_Chordata_Aves_Accipitriformes_Pandionidae_Pandion_haliaetus/dd013f0d-d8a1-4187-80ad-8452b0b38481.wav,27.678
1476,Pandion haliaetus,osprey,train/01476_Animalia_Chordata_Aves_Accipitriformes_Pandionidae_Pandion_haliaetus/de928fc3-03b2-4fce-880c-0d87d2c91516.wav,5.632
1476,Pandion haliaetus,osprey,train/01476_Animalia_Chordata_Aves_Accipitriformes_Pandionidae_Pandion_haliaetus/e0fb76e5-37ce-4f71-9cf7-96e59939f500.wav,18.669
1476,Pandion haliaetus,osprey,train/01476_Animalia_Chordata_Aves_Accipitriformes_Pandionidae_Pandion_haliaetus/e1b99a2f-16e0-44da-ae2a-46054bcbd5de.wav,8.491
1476,Pandion haliaetus,osprey,train/01476_Animalia_Chordata_Aves_Accipitriformes_Pandionidae_Pandion_haliaetus/e4e867ec-bb37-458f-b3e7-1b3872169e2e.wav,3.392
1476,Pandion haliaetus,osprey,train/01476_Animalia_Chordata_Aves_Accipitriformes_Pandionidae_Pandion_haliaetus/e9c92491-8b93-40a3-9fb4-abbca6830a59.wav,1.752
1476,Pandion haliaetus,osprey,train/01476_Animalia_Chordata_Aves_Accipitriformes_Pandionidae_Pandion_haliaetus/eb14bf0f-8169-4683-8a83-b69c3802e3dd.wav,13.793
1476,Pandion haliaetus,osprey,train/01476_Animalia_Chordata_Aves_Accipitriformes_Pandionidae_Pandion_haliaetus/eb48d0c6-aae7-493f-ad7a-3ef32ef50f9b.wav,5.592
1476,Pandion haliaetus,osprey,train/01476_Animalia_Chordata_Aves_Accipitriformes_Pandionidae_Pandion_haliaetus/eb5a51a5-55b1-41c8-b580-0ce2bb57e9f8.wav,14.222
1476,Pandion haliaetus,osprey,train/01476_Animalia_Chordata_Aves_Accipitriformes_Pandionidae_Pandion_haliaetus/ed27010f-de8f-40fe-b8cb-641681d12427.wav,7.238
1476,Pandion haliaetus,osprey,train/01476_Animalia_Chordata_Aves_Accipitriformes_Pandionidae_Pandion_haliaetus/ef82d9c2-f62c-4d63-860e-c923e6a66ee6.wav,7.015
1476,Pandion haliaetus,osprey,train/01476_Animalia_Chordata_Aves_Accipitriformes_Pandionidae_Pandion_haliaetus/f3fbd85d-7cc7-464f-a8fe-cf4c6db86bf0.wav,29.44
1476,Pandion haliaetus,osprey,train/01476_Animalia_Chordata_Aves_Accipitriformes_Pandionidae_Pandion_haliaetus/f42059db-2834-43bf-bd2b-177f0be4dd41.wav,22.152
1476,Pandion haliaetus,osprey,train/01476_Animalia_Chordata_Aves_Accipitriformes_Pandionidae_Pandion_haliaetus/f60f9d2e-fef7-4a81-ad1d-3becd46efe61.wav,18.123
1476,Pandion haliaetus,osprey,train/01476_Animalia_Chordata_Aves_Accipitriformes_Pandionidae_Pandion_haliaetus/f764de3c-9f70-4933-9e6a-bfc68669e249.wav,6.667
1476,Pandion haliaetus,osprey,train/01476_Animalia_Chordata_Aves_Accipitriformes_Pandionidae_Pandion_haliaetus/f862a1ed-360e-4270-a99a-7897334fc94f.wav,10.704
1476,Pandion haliaetus,osprey,train/01476_Animalia_Chordata_Aves_Accipitriformes_Pandionidae_Pandion_haliaetus/f86e658f-f740-4c15-adab-48141b6e9ac1.wav,30.772
1476,Pandion haliaetus,osprey,train/01476_Animalia_Chordata_Aves_Accipitriformes_Pandionidae_Pandion_haliaetus/f90552aa-3b84-4447-948d-f02aca425992.wav,4.145
1476,Pandion haliaetus,osprey,train/01476_Animalia_Chordata_Aves_Accipitriformes_Pandionidae_Pandion_haliaetus/f96ee1a2-2658-484f-8f25-a84f424258eb.wav,3.028
1476,Pandion haliaetus,osprey,train/01476_Animalia_Chordata_Aves_Accipitriformes_Pandionidae_Pandion_haliaetus/f9a9a1ef-d66f-4671-849d-4e939919ac90.wav,71.265
1476,Pandion haliaetus,osprey,train/01476_Animalia_Chordata_Aves_Accipitriformes_Pandionidae_Pandion_haliaetus/f9c5981b-6889-4561-868f-fabb0b25831d.wav,30.037
1476,Pandion haliaetus,osprey,train/01476_Animalia_Chordata_Aves_Accipitriformes_Pandionidae_Pandion_haliaetus/fd636ba0-a3d8-431b-9bfd-a4c3ce26b92a.wav,3.333
1476,Pandion haliaetus,osprey,train/01476_Animalia_Chordata_Aves_Accipitriformes_Pandionidae_Pandion_haliaetus/ff382954-f59e-4797-9579-e0efa3a34e62.wav,6.745
1476,Pandion haliaetus,osprey,train/01476_Animalia_Chordata_Aves_Accipitriformes_Pandionidae_Pandion_haliaetus/ffaa7e40-82cf-4296-b7aa-eadcfb3b56fe.wav,5.224
2865,Synallaxis albescens,pabspi1,train/02865_Animalia_Chordata_Aves_Passeriformes_Furnariidae_Synallaxis_albescens/0705c137-641d-49a6-8b4f-4fcec41dd708.wav,10.344
2865,Synallaxis albescens,pabspi1,train/02865_Animalia_Chordata_Aves_Passeriformes_Furnariidae_Synallaxis_albescens/07b00480-ce6f-42df-a348-9675170b3dc3.wav,23.275
2865,Synallaxis albescens,pabspi1,train/02865_Animalia_Chordata_Aves_Passeriformes_Furnariidae_Synallaxis_albescens/0ca26532-afda-48b2-aa95-98d65ef7f429.wav,15.7
2865,Synallaxis albescens,pabspi1,train/02865_Animalia_Chordata_Aves_Passeriformes_Furnariidae_Synallaxis_albescens/18a6e9f5-165d-4eec-ab73-1caa06d11907.wav,34.857
2865,Synallaxis albescens,pabspi1,train/02865_Animalia_Chordata_Aves_Passeriformes_Furnariidae_Synallaxis_albescens/28a366f3-e775-4eeb-ac82-4ce82d396bda.wav,21.757
2865,Synallaxis albescens,pabspi1,train/02865_Animalia_Chordata_Aves_Passeriformes_Furnariidae_Synallaxis_albescens/2fe5d16d-78bb-404f-b00b-2375ea6dddd3.wav,44.371
2865,Synallaxis albescens,pabspi1,train/02865_Animalia_Chordata_Aves_Passeriformes_Furnariidae_Synallaxis_albescens/33e9269c-c761-4b01-804a-bab6cfa4677f.wav,6.571
2865,Synallaxis albescens,pabspi1,train/02865_Animalia_Chordata_Aves_Passeriformes_Furnariidae_Synallaxis_albescens/3aa829f9-3cf9-4604-ad30-fcfa303ecca9.wav,14.994
2865,Synallaxis albescens,pabspi1,train/02865_Animalia_Chordata_Aves_Passeriformes_Furnariidae_Synallaxis_albescens/423613ab-adbc-4d93-804a-7ef597bfd6fb.wav,8.68
2865,Synallaxis albescens,pabspi1,train/02865_Animalia_Chordata_Aves_Passeriformes_Furnariidae_Synallaxis_albescens/6159bc46-1b5c-4bb4-a373-a90c8842a6d1.wav,7.74
2865,Synallaxis albescens,pabspi1,train/02865_Animalia_Chordata_Aves_Passeriformes_Furnariidae_Synallaxis_albescens/671efafe-daee-4e5b-9c71-451ece1f1db3.wav,26.325
2865,Synallaxis albescens,pabspi1,train/02865_Animalia_Chordata_Aves_Passeriformes_Furnariidae_Synallaxis_albescens/68ce5077-dcc7-4c54-869e-d29afa28a1a6.wav,12.972
2865,Synallaxis albescens,pabspi1,train/02865_Animalia_Chordata_Aves_Passeriformes_Furnariidae_Synallaxis_albescens/6c3fc3a2-21e2-4097-b608-f21a3d703f31.wav,12.657
2865,Synallaxis albescens,pabspi1,train/02865_Animalia_Chordata_Aves_Passeriformes_Furnariidae_Synallaxis_albescens/6df74428-4989-4d20-b590-5b3cc53bb8bc.wav,26.494
2865,Synallaxis albescens,pabspi1,train/02865_Animalia_Chordata_Aves_Passeriformes_Furnariidae_Synallaxis_albescens/751fc9ea-4084-4cfd-bd96-f507b2e29185.wav,6.181
2865,Synallaxis albescens,pabspi1,train/02865_Animalia_Chordata_Aves_Passeriformes_Furnariidae_Synallaxis_albescens/766bc4e2-840b-47b8-b5bc-1e661ff60d19.wav,11.319
2865,Synallaxis albescens,pabspi1,train/02865_Animalia_Chordata_Aves_Passeriformes_Furnariidae_Synallaxis_albescens/83223ff1-7a87-4a1b-bbc3-2debd5f0e1a3.wav,26.325
2865,Synallaxis albescens,pabspi1,train/02865_Animalia_Chordata_Aves_Passeriformes_Furnariidae_Synallaxis_albescens/838c37a3-60d4-41b8-977d-e37360a23fc6.wav,57.041
2865,Synallaxis albescens,pabspi1,train/02865_Animalia_Chordata_Aves_Passeriformes_Furnariidae_Synallaxis_albescens/8406e857-dea8-4a80-a09b-a360582d0757.wav,4.56
2865,Synallaxis albescens,pabspi1,train/02865_Animalia_Chordata_Aves_Passeriformes_Furnariidae_Synallaxis_albescens/88cc3846-7913-4e83-b2d3-08df8d84c154.wav,25.598
2865,Synallaxis albescens,pabspi1,train/02865_Animalia_Chordata_Aves_Passeriformes_Furnariidae_Synallaxis_albescens/8b9fffe3-9605-4db3-9965-9a4d656f6781.wav,21.153
2865,Synallaxis albescens,pabspi1,train/02865_Animalia_Chordata_Aves_Passeriformes_Furnariidae_Synallaxis_albescens/8f5b3bf0-76cc-422a-9199-83075e69928d.wav,9.66
2865,Synallaxis albescens,pabspi1,train/02865_Animalia_Chordata_Aves_Passeriformes_Furnariidae_Synallaxis_albescens/9b4237dd-f386-45e2-9f4a-ae3ec57c6d7b.wav,9.587
2865,Synallaxis albescens,pabspi1,train/02865_Animalia_Chordata_Aves_Passeriformes_Furnariidae_Synallaxis_albescens/ba261106-a95f-4c91-a961-a172b77a23fa.wav,15.647
2865,Synallaxis albescens,pabspi1,train/02865_Animalia_Chordata_Aves_Passeriformes_Furnariidae_Synallaxis_albescens/d5042bd5-7012-42ee-8308-d8e1267b0859.wav,6.896
2865,Synallaxis albescens,pabspi1,train/02865_Animalia_Chordata_Aves_Passeriformes_Furnariidae_Synallaxis_albescens/db5b9989-7161-4d9f-95e7-5c19f736717d.wav,4.972
2865,Synallaxis albescens,pabspi1,train/02865_Animalia_Chordata_Aves_Passeriformes_Furnariidae_Synallaxis_albescens/f46116f5-02df-4354-a3a9-b2298d62b9c3.wav,39.528
2865,Synallaxis albescens,pabspi1,train/02865_Animalia_Chordata_Aves_Passeriformes_Furnariidae_Synallaxis_albescens/f7b9a718-de4d-45f8-8bcf-30ceb5c45dd8.wav,35.646
2865,Synallaxis albescens,pabspi1,train/02865_Animalia_Chordata_Aves_Passeriformes_Furnariidae_Synallaxis_albescens/ffdb6db7-7c2a-498d-87ca-e8e8016266cc.wav,6.167
2820,Furnarius leucopus,palhor3,train/02820_Animalia_Chordata_Aves_Passeriformes_Furnariidae_Furnarius_leucopus/04ee5399-a4f2-4a94-bbfb-a44f23299bca.wav,8.118
2820,Furnarius leucopus,palhor3,train/02820_Animalia_Chordata_Aves_Passeriformes_Furnariidae_Furnarius_leucopus/67426ede-6f32-4248-ad5e-0bada935825b.wav,25.591
4267,Thraupis palmarum,paltan1,train/04267_Animalia_Chordata_Aves_Passeriformes_Thraupidae_Thraupis_palmarum/041d33d7-da04-404e-b5cd-8c2076794e75.wav,6.533
4267,Thraupis palmarum,paltan1,train/04267_Animalia_Chordata_Aves_Passeriformes_Thraupidae_Thraupis_palmarum/2230d91d-ac4e-487a-adf2-edb165777fe2.wav,5.748
4267,Thraupis palmarum,paltan1,train/04267_Animalia_Chordata_Aves_Passeriformes_Thraupidae_Thraupis_palmarum/326ef008-d036-46d0-873c-59b852135664.wav,7.338
4267,Thraupis palmarum,paltan1,train/04267_Animalia_Chordata_Aves_Passeriformes_Thraupidae_Thraupis_palmarum/66510685-eb02-4b3c-8922-dff66f738902.wav,16.597
4267,Thraupis palmarum,paltan1,train/04267_Animalia_Chordata_Aves_Passeriformes_Thraupidae_Thraupis_palmarum/6cd3da81-90e1-4934-8065-bca1a60b4c2a.wav,4.779
4267,Thraupis palmarum,paltan1,train/04267_Animalia_Chordata_Aves_Passeriformes_Thraupidae_Thraupis_palmarum/77c9db6b-79fb-4f39-92fa-96964f018dfe.wav,13.142
4267,Thraupis palmarum,paltan1,train/04267_Animalia_Chordata_Aves_Passeriformes_Thraupidae_Thraupis_palmarum/7f1e12fe-712d-439c-a782-c0651a6da779.wav,12.681
4267,Thraupis palmarum,paltan1,train/04267_Animalia_Chordata_Aves_Passeriformes_Thraupidae_Thraupis_palmarum/810a60e0-9eaa-44b8-9173-bf33a50b923a.wav,16.071
4267,Thraupis palmarum,paltan1,train/04267_Animalia_Chordata_Aves_Passeriformes_Thraupidae_Thraupis_palmarum/9ee78564-2534-4842-98ef-b1bffee99a00.wav,20.178
4267,Thraupis palmarum,paltan1,train/04267_Animalia_Chordata_Aves_Passeriformes_Thraupidae_Thraupis_palmarum/a99d43b8-53c0-4ba1-9650-288095382897.wav,11.633
4267,Thraupis palmarum,paltan1,train/04267_Animalia_Chordata_Aves_Passeriformes_Thraupidae_Thraupis_palmarum/b537f123-cda4-4dd8-8325-ee4dec840177.wav,9.601
4267,Thraupis palmarum,paltan1,train/04267_Animalia_Chordata_Aves_Passeriformes_Thraupidae_Thraupis_palmarum/cd815c8c-5b6b-4fa4-b67f-c71e7a5029df.wav,27.446
4267,Thraupis palmarum,paltan1,train/04267_Animalia_Chordata_Aves_Passeriformes_Thraupidae_Thraupis_palmarum/d49ffb57-a0ad-4efa-9b55-f081810098fc.wav,26.592
4267,Thraupis palmarum,paltan1,train/04267_Animalia_Chordata_Aves_Passeriformes_Thraupidae_Thraupis_palmarum/d9ebb05a-902c-4bfc-9882-939ba88674a6.wav,29.04
4267,Thraupis palmarum,paltan1,train/04267_Animalia_Chordata_Aves_Passeriformes_Thraupidae_Thraupis_palmarum/ddcb6fc1-0b07-4205-b1a9-9629090111db.wav,4.886
4267,Thraupis palmarum,paltan1,train/04267_Animalia_Chordata_Aves_Passeriformes_Thraupidae_Thraupis_palmarum/e1a20b1e-b05a-49c9-8da4-efb8e461859f.wav,30.816
4267,Thraupis palmarum,paltan1,train/04267_Animalia_Chordata_Aves_Passeriformes_Thraupidae_Thraupis_palmarum/ee93cd76-cf63-4024-97dd-6a710fea9eaa.wav,5.317
2059,Dromococcyx phasianellus,phecuc1,train/02059_Animalia_Chordata_Aves_Cuculiformes_Cuculidae_Dromococcyx_phasianellus/083a0fa3-6d91-42d0-8ec6-e2605dd959ea.wav,6.664
2059,Dromococcyx phasianellus,phecuc1,train/02059_Animalia_Chordata_Aves_Cuculiformes_Cuculidae_Dromococcyx_phasianellus/2f69a68e-27b1-46d0-9aab-8e99f0a1eb7c.wav,19.505
2059,Dromococcyx phasianellus,phecuc1,train/02059_Animalia_Chordata_Aves_Cuculiformes_Cuculidae_Dromococcyx_phasianellus/439c993d-6da3-47f5-b66d-556172a6a7d8.wav,19.85
2059,Dromococcyx phasianellus,phecuc1,train/02059_Animalia_Chordata_Aves_Cuculiformes_Cuculidae_Dromococcyx_phasianellus/61004e82-7c53-4e89-9034-d0451641d01c.wav,40.968
2059,Dromococcyx phasianellus,phecuc1,train/02059_Animalia_Chordata_Aves_Cuculiformes_Cuculidae_Dromococcyx_phasianellus/96486a96-05c0-4fad-84b8-75d1747c5d4e.wav,3.413
2059,Dromococcyx phasianellus,phecuc1,train/02059_Animalia_Chordata_Aves_Cuculiformes_Cuculidae_Dromococcyx_phasianellus/b01baa72-f219-47e4-a6e8-4aa1552c437f.wav,14.588
2059,Dromococcyx phasianellus,phecuc1,train/02059_Animalia_Chordata_Aves_Cuculiformes_Cuculidae_Dromococcyx_phasianellus/c3e0d8b3-35df-4a92-aafb-59978efd6cd4.wav,37.802
2059,Dromococcyx phasianellus,phecuc1,train/02059_Animalia_Chordata_Aves_Cuculiformes_Cuculidae_Dromococcyx_phasianellus/ed2bd07c-48c0-4ba3-9ffd-8e6c4838decb.wav,18.0
2059,Dromococcyx phasianellus,phecuc1,train/02059_Animalia_Chordata_Aves_Cuculiformes_Cuculidae_Dromococcyx_phasianellus/f234962a-e165-4fe0-b785-8acf55bc236d.wav,15.482
2059,Dromococcyx phasianellus,phecuc1,train/02059_Animalia_Chordata_Aves_Cuculiformes_Cuculidae_Dromococcyx_phasianellus/fca4b8fd-6ad6-4acd-8fbf-39bed569894b.wav,25.707
1925,Patagioenas picazuro,picpig2,train/01925_Animalia_Chordata_Aves_Columbiformes_Columbidae_Patagioenas_picazuro/2dceb413-dac6-476a-aa3b-84d17023f3ce.wav,9.854
1925,Patagioenas picazuro,picpig2,train/01925_Animalia_Chordata_Aves_Columbiformes_Columbidae_Patagioenas_picazuro/453bb3c6-01dd-476c-9035-ed94ff054348.wav,26.137
1925,Patagioenas picazuro,picpig2,train/01925_Animalia_Chordata_Aves_Columbiformes_Columbidae_Patagioenas_picazuro/4eb5aa25-df95-4aff-a8c6-070f2dd1458f.wav,5.84
1925,Patagioenas picazuro,picpig2,train/01925_Animalia_Chordata_Aves_Columbiformes_Columbidae_Patagioenas_picazuro/6e5bc651-e198-4f35-965e-5ccf89ff5599.wav,4.864
1925,Patagioenas picazuro,picpig2,train/01925_Animalia_Chordata_Aves_Columbiformes_Columbidae_Patagioenas_picazuro/7109b58f-9f73-4252-b41f-d61a8546ed71.wav,14.234
1925,Patagioenas picazuro,picpig2,train/01925_Animalia_Chordata_Aves_Columbiformes_Columbidae_Patagioenas_picazuro/74cf4d18-543e-47ed-8a6f-7386b4d6c799.wav,7.985
1925,Patagioenas picazuro,picpig2,train/01925_Animalia_Chordata_Aves_Columbiformes_Columbidae_Patagioenas_picazuro/83232f55-cbc6-4a3f-8869-d77846bb0572.wav,11.05
1925,Patagioenas picazuro,picpig2,train/01925_Animalia_Chordata_Aves_Columbiformes_Columbidae_Patagioenas_picazuro/909ac39c-e710-4e09-a098-5e5e2af1a17c.wav,6.958
1925,Patagioenas picazuro,picpig2,train/01925_Animalia_Chordata_Aves_Columbiformes_Columbidae_Patagioenas_picazuro/b0680339-dfe7-44da-b71b-96351fc8f33f.wav,70.348
1925,Patagioenas picazuro,picpig2,train/01925_Animalia_Chordata_Aves_Columbiformes_Columbidae_Patagioenas_picazuro/bd3a34ca-0c7f-4fdd-84ce-d014d4796cab.wav,5.525
1925,Patagioenas picazuro,picpig2,train/01925_Animalia_Chordata_Aves_Columbiformes_Columbidae_Patagioenas_picazuro/ca4954c8-b528-4af8-b958-c811322d4135.wav,40.175
1925,Patagioenas picazuro,picpig2,train/01925_Animalia_Chordata_Aves_Columbiformes_Columbidae_Patagioenas_picazuro/cbfe8a71-b37b-4d58-9148-93ecd38a8c1c.wav,9.28
1925,Patagioenas picazuro,picpig2,train/01925_Animalia_Chordata_Aves_Columbiformes_Columbidae_Patagioenas_picazuro/d6a2c537-cb14-435e-9476-34c12ee1c71d.wav,6.852
1925,Patagioenas picazuro,picpig2,train/01925_Animalia_Chordata_Aves_Columbiformes_Columbidae_Patagioenas_picazuro/fc10007a-f951-4901-8636-acde6a322509.wav,24.321
4525,Legatus leucophaius,pirfly1,train/04525_Animalia_Chordata_Aves_Passeriformes_Tyrannidae_Legatus_leucophaius/064f14b0-2858-4b93-a793-49d48c05c416.wav,22.536
4525,Legatus leucophaius,pirfly1,train/04525_Animalia_Chordata_Aves_Passeriformes_Tyrannidae_Legatus_leucophaius/3881a06a-c433-47c1-aed7-1af9a6a02000.wav,6.609
4525,Legatus leucophaius,pirfly1,train/04525_Animalia_Chordata_Aves_Passeriformes_Tyrannidae_Legatus_leucophaius/4b1b4322-68fe-4bd1-a6b5-9a0a0c4f1696.wav,8.872
4525,Legatus leucophaius,pirfly1,train/04525_Animalia_Chordata_Aves_Passeriformes_Tyrannidae_Legatus_leucophaius/5b2302dd-975b-43b2-94c5-17e17be558e6.wav,30.801
4525,Legatus leucophaius,pirfly1,train/04525_Animalia_Chordata_Aves_Passeriformes_Tyrannidae_Legatus_leucophaius/6ee8f3cb-bca2-4626-86f5-eaef01dea19c.wav,42.338
4525,Legatus leucophaius,pirfly1,train/04525_Animalia_Chordata_Aves_Passeriformes_Tyrannidae_Legatus_leucophaius/a093a30f-654d-44a4-ae26-2ec6b250f775.wav,20.52
4525,Legatus leucophaius,pirfly1,train/04525_Animalia_Chordata_Aves_Passeriformes_Tyrannidae_Legatus_leucophaius/ab61de6d-7e80-42bb-88e8-084dcee986b5.wav,9.197
4525,Legatus leucophaius,pirfly1,train/04525_Animalia_Chordata_Aves_Passeriformes_Tyrannidae_Legatus_leucophaius/f4a393e9-2d8e-43d7-991f-4fbf0ea8a8f0.wav,21.433
4519,Inezia inornata,platyr1,train/04519_Animalia_Chordata_Aves_Passeriformes_Tyrannidae_Inezia_inornata/23716898-d855-4590-b918-ff211d97d850.wav,19.876
4519,Inezia inornata,platyr1,train/04519_Animalia_Chordata_Aves_Passeriformes_Tyrannidae_Inezia_inornata/58708548-0072-4cfa-93cc-cc92f9475c2b.wav,11.494
4519,Inezia inornata,platyr1,train/04519_Animalia_Chordata_Aves_Passeriformes_Tyrannidae_Inezia_inornata/f0f2ab39-cb67-450f-b9ef-b3fd7af1f1bf.wav,21.853
2556,Cyanocorax chrysops,plcjay1,train/02556_Animalia_Chordata_Aves_Passeriformes_Corvidae_Cyanocorax_chrysops/2c732b44-fd36-492d-8fac-573981cdeb35.wav,7.612
2556,Cyanocorax chrysops,plcjay1,train/02556_Animalia_Chordata_Aves_Passeriformes_Corvidae_Cyanocorax_chrysops/8277d073-5dc9-4b93-96f8-d95f18b5f036.wav,2.042
2556,Cyanocorax chrysops,plcjay1,train/02556_Animalia_Chordata_Aves_Passeriformes_Corvidae_Cyanocorax_chrysops/91eeff3a-f28c-4f4b-a645-b2d9bca7454f.wav,13.009
2556,Cyanocorax chrysops,plcjay1,train/02556_Animalia_Chordata_Aves_Passeriformes_Corvidae_Cyanocorax_chrysops/b1c114ca-9b33-4135-abd1-af6acd64a0b2.wav,37.802
2556,Cyanocorax chrysops,plcjay1,train/02556_Animalia_Chordata_Aves_Passeriformes_Corvidae_Cyanocorax_chrysops/dfa613b6-0880-40f6-807d-0dbd72e48732.wav,24.947
2556,Cyanocorax chrysops,plcjay1,train/02556_Animalia_Chordata_Aves_Passeriformes_Corvidae_Cyanocorax_chrysops/f1b0e119-2cf8-4c87-b585-f6c71632f6e7.wav,14.032
4737,Theristicus caerulescens,pluibi1,train/04737_Animalia_Chordata_Aves_Pelecaniformes_Threskiornithidae_Theristicus_caerulescens/6cbd7740-6b97-4e31-8ce2-85430ea9280b.wav,41.941
4737,Theristicus caerulescens,pluibi1,train/04737_Animalia_Chordata_Aves_Pelecaniformes_Threskiornithidae_Theristicus_caerulescens/e78f2c78-1cd2-40dc-98fb-c43ed93969d7.wav,5.526
2558,Cyanocorax cyanomelas,purjay1,train/02558_Animalia_Chordata_Aves_Passeriformes_Corvidae_Cyanocorax_cyanomelas/2f7b34fd-87fc-4fbd-9ea2-ed1cadaed142.wav,12.878
2558,Cyanocorax cyanomelas,purjay1,train/02558_Animalia_Chordata_Aves_Passeriformes_Corvidae_Cyanocorax_cyanomelas/bb725228-b4b4-4acb-ac45-bbbccbd17e8f.wav,5.208
2558,Cyanocorax cyanomelas,purjay1,train/02558_Animalia_Chordata_Aves_Passeriformes_Corvidae_Cyanocorax_cyanomelas/cfdff541-259a-444d-b10f-7b00b02dd511.wav,66.168
4513,Hemitriccus margaritaceiventer,pvttyr1,train/04513_Animalia_Chordata_Aves_Passeriformes_Tyrannidae_Hemitriccus_margaritaceiventer/2083b7b7-090a-4953-ac3d-7581fcd6a0d8.wav,48.536
4513,Hemitriccus margaritaceiventer,pvttyr1,train/04513_Animalia_Chordata_Aves_Passeriformes_Tyrannidae_Hemitriccus_margaritaceiventer/21925162-6b7a-45d5-b072-2fa4ced52b7d.wav,9.921
4513,Hemitriccus margaritaceiventer,pvttyr1,train/04513_Animalia_Chordata_Aves_Passeriformes_Tyrannidae_Hemitriccus_margaritaceiventer/2f869f5c-fd3e-41b4-b0ed-a5f7923eeb84.wav,46.709
4513,Hemitriccus margaritaceiventer,pvttyr1,train/04513_Animalia_Chordata_Aves_Passeriformes_Tyrannidae_Hemitriccus_margaritaceiventer/3ea3f3fd-a3e2-4b0e-81ac-5a224a5e26c4.wav,24.32
4513,Hemitriccus margaritaceiventer,pvttyr1,train/04513_Animalia_Chordata_Aves_Passeriformes_Tyrannidae_Hemitriccus_margaritaceiventer/542cf680-9752-4a8b-b527-97dad55855fc.wav,20.584
4513,Hemitriccus margaritaceiventer,pvttyr1,train/04513_Animalia_Chordata_Aves_Passeriformes_Tyrannidae_Hemitriccus_margaritaceiventer/5f6feb56-aad6-4526-b659-e8047f8d2932.wav,17.161
4513,Hemitriccus margaritaceiventer,pvttyr1,train/04513_Animalia_Chordata_Aves_Passeriformes_Tyrannidae_Hemitriccus_margaritaceiventer/73837d0a-c326-4a6e-9442-ee396b8bfb96.wav,25.13
4513,Hemitriccus margaritaceiventer,pvttyr1,train/04513_Animalia_Chordata_Aves_Passeriformes_Tyrannidae_Hemitriccus_margaritaceiventer/82e6f839-0d34-47d8-96b1-ab4eee2240ac.wav,16.716
4513,Hemitriccus margaritaceiventer,pvttyr1,train/04513_Animalia_Chordata_Aves_Passeriformes_Tyrannidae_Hemitriccus_margaritaceiventer/df26b409-95f3-49e0-9565-e8d34758c592.wav,17.019
4513,Hemitriccus margaritaceiventer,pvttyr1,train/04513_Animalia_Chordata_Aves_Passeriformes_Tyrannidae_Hemitriccus_margaritaceiventer/f32d39d6-d5d4-4e97-a4ce-06c9922d1de1.wav,4.795
4513,Hemitriccus margaritaceiventer,pvttyr1,train/04513_Animalia_Chordata_Aves_Passeriformes_Tyrannidae_Hemitriccus_margaritaceiventer/f8a8037b-3f25-4c1f-9328-80f0f4b67c79.wav,8.463
4965,Ara chloropterus,ragmac1,train/04965_Animalia_Chordata_Aves_Psittaciformes_Psittacidae_Ara_chloropterus/03f365ae-7d6f-40b6-88d7-928eaa27a90a.wav,28.08
4965,Ara chloropterus,ragmac1,train/04965_Animalia_Chordata_Aves_Psittaciformes_Psittacidae_Ara_chloropterus/f4d7f8bb-51cf-4578-9817-ee6942faa502.wav,7.549
4965,Ara chloropterus,ragmac1,train/04965_Animalia_Chordata_Aves_Psittaciformes_Psittacidae_Ara_chloropterus/f6452c8b-aef4-455b-ad84-80340983c39b.wav,26.906
2783,Campylorhamphus trochilirostris,rebscy1,train/02783_Animalia_Chordata_Aves_Passeriformes_Furnariidae_Campylorhamphus_trochilirostris/0f280f81-672f-4bd2-a46c-30835e2c9801.wav,3.522
2783,Campylorhamphus trochilirostris,rebscy1,train/02783_Animalia_Chordata_Aves_Passeriformes_Furnariidae_Campylorhamphus_trochilirostris/591bc7a0-51bd-40a7-bc18-6bbeb5ee2045.wav,3.743
2783,Campylorhamphus trochilirostris,rebscy1,train/02783_Animalia_Chordata_Aves_Passeriformes_Furnariidae_Campylorhamphus_trochilirostris/7d6dfde4-39c7-449e-a701-dab295039613.wav,2.957
2783,Campylorhamphus trochilirostris,rebscy1,train/02783_Animalia_Chordata_Aves_Passeriformes_Furnariidae_Campylorhamphus_trochilirostris/f42ead92-c71a-4277-8dfa-9d296b546864.wav,7.07
2195,Gallus gallus,redjun,train/02195_Animalia_Chordata_Aves_Galliformes_Phasianidae_Gallus_gallus/07cf2313-f1c2-47c8-aa92-12a2735ea432.wav,5.544
2195,Gallus gallus,redjun,train/02195_Animalia_Chordata_Aves_Galliformes_Phasianidae_Gallus_gallus/11f65407-d21a-41a7-9c63-49872c649c34.wav,16.579
2195,Gallus gallus,redjun,train/02195_Animalia_Chordata_Aves_Galliformes_Phasianidae_Gallus_gallus/20366005-8f5f-4014-a483-5d46ba77f894.wav,5.344
2195,Gallus gallus,redjun,train/02195_Animalia_Chordata_Aves_Galliformes_Phasianidae_Gallus_gallus/255078b0-a8fb-468f-8d5c-0a1555815943.wav,4.528
2195,Gallus gallus,redjun,train/02195_Animalia_Chordata_Aves_Galliformes_Phasianidae_Gallus_gallus/2b5857eb-2867-4aa8-9751-d40caa446d9e.wav,14.002
2195,Gallus gallus,redjun,train/02195_Animalia_Chordata_Aves_Galliformes_Phasianidae_Gallus_gallus/5d7b7e38-1409-4c38-8914-cac016a4336c.wav,2.786
2195,Gallus gallus,redjun,train/02195_Animalia_Chordata_Aves_Galliformes_Phasianidae_Gallus_gallus/8369cf23-557c-4f81-8a4f-2aba18e42f63.wav,21.7
2195,Gallus gallus,redjun,train/02195_Animalia_Chordata_Aves_Galliformes_Phasianidae_Gallus_gallus/8b2f694c-125c-4b65-82cd-74859d3b21dd.wav,52.825
2195,Gallus gallus,redjun,train/02195_Animalia_Chordata_Aves_Galliformes_Phasianidae_Gallus_gallus/a27c2a30-8616-43ad-b2d9-a703b4617a9f.wav,23.01
2195,Gallus gallus,redjun,train/02195_Animalia_Chordata_Aves_Galliformes_Phasianidae_Gallus_gallus/b610d4c5-78f6-41fd-9dd4-7842170266a0.wav,2.624
2195,Gallus gallus,redjun,train/02195_Animalia_Chordata_Aves_Galliformes_Phasianidae_Gallus_gallus/c74c262a-111f-4b8b-8a0d-a09bbd5713a8.wav,3.947
2195,Gallus gallus,redjun,train/02195_Animalia_Chordata_Aves_Galliformes_Phasianidae_Gallus_gallus/cee433bf-6aa4-40e6-a4b0-05b093ef1f5a.wav,9.683
2195,Gallus gallus,redjun,train/02195_Animalia_Chordata_Aves_Galliformes_Phasianidae_Gallus_gallus/d0486a70-84df-4753-b0a5-4819090de927.wav,9.429
2195,Gallus gallus,redjun,train/02195_Animalia_Chordata_Aves_Galliformes_Phasianidae_Gallus_gallus/de987ad9-fade-4f24-b136-8d0de9fcdf11.wav,8.712
2195,Gallus gallus,redjun,train/02195_Animalia_Chordata_Aves_Galliformes_Phasianidae_Gallus_gallus/e2868680-5388-40b3-99fe-805787fdbfe3.wav,1.776
2195,Gallus gallus,redjun,train/02195_Animalia_Chordata_Aves_Galliformes_Phasianidae_Gallus_gallus/e309dffd-3df8-4a76-8496-b87e69946b0b.wav,10.109
1714,Cariama cristata,relser1,train/01714_Animalia_Chordata_Aves_Cariamiformes_Cariamidae_Cariama_cristata/3096d868-4e6e-4551-aefa-3d6d48d5cdf9.wav,29.338
1714,Cariama cristata,relser1,train/01714_Animalia_Chordata_Aves_Cariamiformes_Cariamidae_Cariama_cristata/5f85f2b8-0624-41fb-bb59-ace5eea200f3.wav,15.546
1714,Cariama cristata,relser1,train/01714_Animalia_Chordata_Aves_Cariamiformes_Cariamidae_Cariama_cristata/95190e02-f856-4be1-9f08-36eb0e9f5bb0.wav,20.55
1714,Cariama cristata,relser1,train/01714_Animalia_Chordata_Aves_Cariamiformes_Cariamidae_Cariama_cristata/d5a8f878-1345-4fb4-813e-f0a33049e651.wav,20.349
1714,Cariama cristata,relser1,train/01714_Animalia_Chordata_Aves_Cariamiformes_Cariamidae_Cariama_cristata/fb9bd11e-561e-4b78-9c06-bd623082542a.wav,15.445
1978,Megaceryle torquata,rinkin1,train/01978_Animalia_Chordata_Aves_Coraciiformes_Alcedinidae_Megaceryle_torquata/6be133a7-5865-4336-a7fc-5b04a6ecb711.wav,7.84
1978,Megaceryle torquata,rinkin1,train/01978_Animalia_Chordata_Aves_Coraciiformes_Alcedinidae_Megaceryle_torquata/702980c4-8208-422f-88a4-a65e2e62a56b.wav,8.856
1978,Megaceryle torquata,rinkin1,train/01978_Animalia_Chordata_Aves_Coraciiformes_Alcedinidae_Megaceryle_torquata/817c81e0-4b5c-4c3f-a847-6c594ee6e856.wav,8.078
1978,Megaceryle torquata,rinkin1,train/01978_Animalia_Chordata_Aves_Coraciiformes_Alcedinidae_Megaceryle_torquata/8b620ede-5980-49bf-bd9d-cf2f802c36c4.wav,20.193
1978,Megaceryle torquata,rinkin1,train/01978_Animalia_Chordata_Aves_Coraciiformes_Alcedinidae_Megaceryle_torquata/8c8a0fb4-22e7-431b-8472-970d3de8b5aa.wav,2.377
1978,Megaceryle torquata,rinkin1,train/01978_Animalia_Chordata_Aves_Coraciiformes_Alcedinidae_Megaceryle_torquata/8d7c22eb-20d1-4e5a-bd6d-0d669c87dc1c.wav,62.136
1978,Megaceryle torquata,rinkin1,train/01978_Animalia_Chordata_Aves_Coraciiformes_Alcedinidae_Megaceryle_torquata/92a6cb32-6d4b-455f-8a5d-31646bcd2304.wav,21.838
1978,Megaceryle torquata,rinkin1,train/01978_Animalia_Chordata_Aves_Coraciiformes_Alcedinidae_Megaceryle_torquata/a2374280-cdf6-4c3c-9dda-7de9df884a54.wav,3.76
1978,Megaceryle torquata,rinkin1,train/01978_Animalia_Chordata_Aves_Coraciiformes_Alcedinidae_Megaceryle_torquata/b16c1448-c84f-4502-ae13-d90eb095ea0f.wav,9.15
3502,Myiothlypis rivularis,rivwar1,train/03502_Animalia_Chordata_Aves_Passeriformes_Parulidae_Myiothlypis_rivularis/004f50d5-0257-4d3f-909b-52ce9fe3b845.wav,28.369
3502,Myiothlypis rivularis,rivwar1,train/03502_Animalia_Chordata_Aves_Passeriformes_Parulidae_Myiothlypis_rivularis/5bff5c21-4548-4b99-8263-bc23abe56a5f.wav,9.541
3502,Myiothlypis rivularis,rivwar1,train/03502_Animalia_Chordata_Aves_Passeriformes_Parulidae_Myiothlypis_rivularis/8e7f5fc8-9e0a-401e-9011-cd172a1309fe.wav,9.541
3502,Myiothlypis rivularis,rivwar1,train/03502_Animalia_Chordata_Aves_Passeriformes_Parulidae_Myiothlypis_rivularis/8f04557e-6ea8-4398-b282-d518fab84e39.wav,5.444
3502,Myiothlypis rivularis,rivwar1,train/03502_Animalia_Chordata_Aves_Passeriformes_Parulidae_Myiothlypis_rivularis/91fc213e-3c89-43c8-a7fa-d6390d1ecca4.wav,6.427
3502,Myiothlypis rivularis,rivwar1,train/03502_Animalia_Chordata_Aves_Passeriformes_Parulidae_Myiothlypis_rivularis/e4db7ab3-502e-4d6f-a701-5b07576da4f8.wav,20.311
1470,Rupornis magnirostris,roahaw,train/01470_Animalia_Chordata_Aves_Accipitriformes_Accipitridae_Rupornis_magnirostris/0057af5d-ca96-4402-a0dd-58e7ee50b0b6.wav,7.189
1470,Rupornis magnirostris,roahaw,train/01470_Animalia_Chordata_Aves_Accipitriformes_Accipitridae_Rupornis_magnirostris/007ea15e-812e-4cae-bd45-491fc790f7cf.wav,14.0
1470,Rupornis magnirostris,roahaw,train/01470_Animalia_Chordata_Aves_Accipitriformes_Accipitridae_Rupornis_magnirostris/04550ea4-fff8-44ad-a842-03a1fd8c1a69.wav,9.985
1470,Rupornis magnirostris,roahaw,train/01470_Animalia_Chordata_Aves_Accipitriformes_Accipitridae_Rupornis_magnirostris/04f1ce98-72bf-40d1-909e-8ef066f46869.wav,94.72
1470,Rupornis magnirostris,roahaw,train/01470_Animalia_Chordata_Aves_Accipitriformes_Accipitridae_Rupornis_magnirostris/05ed6ca1-6d6b-45b7-97c9-61cddf74130a.wav,8.021
1470,Rupornis magnirostris,roahaw,train/01470_Animalia_Chordata_Aves_Accipitriformes_Accipitridae_Rupornis_magnirostris/06d74190-4793-4826-8830-4c18298a3fce.wav,21.525
1470,Rupornis magnirostris,roahaw,train/01470_Animalia_Chordata_Aves_Accipitriformes_Accipitridae_Rupornis_magnirostris/09310110-5f26-4cf1-ba6e-c01b82b09cc4.wav,113.408
1470,Rupornis magnirostris,roahaw,train/01470_Animalia_Chordata_Aves_Accipitriformes_Accipitridae_Rupornis_magnirostris/09a88a45-c9b5-4ffd-af4d-2825f7df9e26.wav,9.722
1470,Rupornis magnirostris,roahaw,train/01470_Animalia_Chordata_Aves_Accipitriformes_Accipitridae_Rupornis_magnirostris/0ac63b0c-521d-4fbe-8d2b-907eed50fa69.wav,23.713
1470,Rupornis magnirostris,roahaw,train/01470_Animalia_Chordata_Aves_Accipitriformes_Accipitridae_Rupornis_magnirostris/0bbc7f2e-6613-46b1-a0ea-ef7d80c1c170.wav,56.935
1470,Rupornis magnirostris,roahaw,train/01470_Animalia_Chordata_Aves_Accipitriformes_Accipitridae_Rupornis_magnirostris/0f3b230d-03bb-4799-9931-b7cc77512e97.wav,19.018
1470,Rupornis magnirostris,roahaw,train/01470_Animalia_Chordata_Aves_Accipitriformes_Accipitridae_Rupornis_magnirostris/1286d21d-3dba-44fd-a93f-8cc0bbd46fac.wav,15.627
1470,Rupornis magnirostris,roahaw,train/01470_Animalia_Chordata_Aves_Accipitriformes_Accipitridae_Rupornis_magnirostris/1385557e-60f6-4e0f-a3e3-aa99358e7697.wav,144.612
1470,Rupornis magnirostris,roahaw,train/01470_Animalia_Chordata_Aves_Accipitriformes_Accipitridae_Rupornis_magnirostris/1494ceeb-dee8-4195-a6fe-4166bc00b46d.wav,43.416
1470,Rupornis magnirostris,roahaw,train/01470_Animalia_Chordata_Aves_Accipitriformes_Accipitridae_Rupornis_magnirostris/1c6d8ac2-6323-44f5-9a50-f3013dd9c8f9.wav,47.392
1470,Rupornis magnirostris,roahaw,train/01470_Animalia_Chordata_Aves_Accipitriformes_Accipitridae_Rupornis_magnirostris/1f747896-0190-4977-9de7-d354b384d4b6.wav,10.24
1470,Rupornis magnirostris,roahaw,train/01470_Animalia_Chordata_Aves_Accipitriformes_Accipitridae_Rupornis_magnirostris/1f78b315-3bb1-4cbd-8062-fc5333aca3e9.wav,8.893
1470,Rupornis magnirostris,roahaw,train/01470_Animalia_Chordata_Aves_Accipitriformes_Accipitridae_Rupornis_magnirostris/21560a30-c4c3-49f2-ba41-b1d6dce07607.wav,6.681
1470,Rupornis magnirostris,roahaw,train/01470_Animalia_Chordata_Aves_Accipitriformes_Accipitridae_Rupornis_magnirostris/23a301fb-2ee7-4b6d-b81f-11b4e419f43e.wav,20.767
1470,Rupornis magnirostris,roahaw,train/01470_Animalia_Chordata_Aves_Accipitriformes_Accipitridae_Rupornis_magnirostris/249fde37-0f30-451c-85e1-a1f323e72bb4.wav,14.385
1470,Rupornis magnirostris,roahaw,train/01470_Animalia_Chordata_Aves_Accipitriformes_Accipitridae_Rupornis_magnirostris/24f7d4e3-705a-4ebc-92bb-f90fae4d9c8a.wav,10.951
1470,Rupornis magnirostris,roahaw,train/01470_Animalia_Chordata_Aves_Accipitriformes_Accipitridae_Rupornis_magnirostris/25f55f6b-2455-46f7-b6ed-3f50cf8d790a.wav,2.003
1470,Rupornis magnirostris,roahaw,train/01470_Animalia_Chordata_Aves_Accipitriformes_Accipitridae_Rupornis_magnirostris/33a4b3e9-8110-4d74-90cd-e94287737074.wav,49.969
1470,Rupornis magnirostris,roahaw,train/01470_Animalia_Chordata_Aves_Accipitriformes_Accipitridae_Rupornis_magnirostris/3b011ed3-706d-4746-bf38-011c128d7d49.wav,49.598
1470,Rupornis magnirostris,roahaw,train/01470_Animalia_Chordata_Aves_Accipitriformes_Accipitridae_Rupornis_magnirostris/3c2518c4-c12e-4f31-b651-f1e0a6dcc70f.wav,28.131
1470,Rupornis magnirostris,roahaw,train/01470_Animalia_Chordata_Aves_Accipitriformes_Accipitridae_Rupornis_magnirostris/3f2298d1-0ec4-47ed-bd83-df94a483a4bc.wav,5.017
1470,Rupornis magnirostris,roahaw,train/01470_Animalia_Chordata_Aves_Accipitriformes_Accipitridae_Rupornis_magnirostris/4056b23f-3ef1-41b8-b3b8-b18d20166a62.wav,18.808
1470,Rupornis magnirostris,roahaw,train/01470_Animalia_Chordata_Aves_Accipitriformes_Accipitridae_Rupornis_magnirostris/4471b2a4-d86f-41c9-895c-73f47aceaad4.wav,23.406
1470,Rupornis magnirostris,roahaw,train/01470_Animalia_Chordata_Aves_Accipitriformes_Accipitridae_Rupornis_magnirostris/45f8affc-71f8-4ba1-be9c-af8bf6bede14.wav,14.208
1470,Rupornis magnirostris,roahaw,train/01470_Animalia_Chordata_Aves_Accipitriformes_Accipitridae_Rupornis_magnirostris/462bab3e-06cf-4259-9d32-5a1916892ef5.wav,46.858
1470,Rupornis magnirostris,roahaw,train/01470_Animalia_Chordata_Aves_Accipitriformes_Accipitridae_Rupornis_magnirostris/477320fb-4a78-4625-9116-b515a6bd349d.wav,17.306
1470,Rupornis magnirostris,roahaw,train/01470_Animalia_Chordata_Aves_Accipitriformes_Accipitridae_Rupornis_magnirostris/47c61237-5df3-461e-a12e-cffac4dc8a13.wav,72.62
1470,Rupornis magnirostris,roahaw,train/01470_Animalia_Chordata_Aves_Accipitriformes_Accipitridae_Rupornis_magnirostris/48be234d-685b-439c-b895-d0be2bb428e4.wav,23.36
1470,Rupornis magnirostris,roahaw,train/01470_Animalia_Chordata_Aves_Accipitriformes_Accipitridae_Rupornis_magnirostris/5243d889-4f62-45b2-b9bf-0e5f739e2f39.wav,32.369
1470,Rupornis magnirostris,roahaw,train/01470_Animalia_Chordata_Aves_Accipitriformes_Accipitridae_Rupornis_magnirostris/5893900c-70e6-4e50-89dd-12e3572d7148.wav,29.932
1470,Rupornis magnirostris,roahaw,train/01470_Animalia_Chordata_Aves_Accipitriformes_Accipitridae_Rupornis_magnirostris/63d71d22-0898-40cb-8cea-eb0eab38d12c.wav,13.56
1470,Rupornis magnirostris,roahaw,train/01470_Animalia_Chordata_Aves_Accipitriformes_Accipitridae_Rupornis_magnirostris/64a278d3-7d84-4d09-bcc9-f23522c64ca4.wav,4.544
1470,Rupornis magnirostris,roahaw,train/01470_Animalia_Chordata_Aves_Accipitriformes_Accipitridae_Rupornis_magnirostris/673b416d-dfbb-4492-ae1e-4435bcef5d74.wav,4.763
1470,Rupornis magnirostris,roahaw,train/01470_Animalia_Chordata_Aves_Accipitriformes_Accipitridae_Rupornis_magnirostris/6ad918ff-3f93-437d-9b82-02de2576ad59.wav,30.768
1470,Rupornis magnirostris,roahaw,train/01470_Animalia_Chordata_Aves_Accipitriformes_Accipitridae_Rupornis_magnirostris/6deb069a-f039-47b8-8863-529b38b8d670.wav,22.663
1470,Rupornis magnirostris,roahaw,train/01470_Animalia_Chordata_Aves_Accipitriformes_Accipitridae_Rupornis_magnirostris/6e865bfb-4aa4-4a61-8705-5aaad70c85db.wav,29.536
1470,Rupornis magnirostris,roahaw,train/01470_Animalia_Chordata_Aves_Accipitriformes_Accipitridae_Rupornis_magnirostris/7064dd5d-c453-45ee-bd91-a1796727dffb.wav,31.324
1470,Rupornis magnirostris,roahaw,train/01470_Animalia_Chordata_Aves_Accipitriformes_Accipitridae_Rupornis_magnirostris/73c09019-91c8-48ed-ac3d-65b31fc9a2ba.wav,53.24
1470,Rupornis magnirostris,roahaw,train/01470_Animalia_Chordata_Aves_Accipitriformes_Accipitridae_Rupornis_magnirostris/76f26234-73e8-4662-aa28-61c50c81336e.wav,13.056
1470,Rupornis magnirostris,roahaw,train/01470_Animalia_Chordata_Aves_Accipitriformes_Accipitridae_Rupornis_magnirostris/79171ef5-9567-47ec-a6fe-04b7a5e716d1.wav,4.992
1470,Rupornis magnirostris,roahaw,train/01470_Animalia_Chordata_Aves_Accipitriformes_Accipitridae_Rupornis_magnirostris/7a5183f8-0228-449e-ad70-139b0dd3516f.wav,42.543
1470,Rupornis magnirostris,roahaw,train/01470_Animalia_Chordata_Aves_Accipitriformes_Accipitridae_Rupornis_magnirostris/7afa95fc-7562-40f1-8848-a87b31c31bd6.wav,3.52
1470,Rupornis magnirostris,roahaw,train/01470_Animalia_Chordata_Aves_Accipitriformes_Accipitridae_Rupornis_magnirostris/7bb1d569-fea4-4aaa-87de-7c78247ca7e0.wav,16.201
1470,Rupornis magnirostris,roahaw,train/01470_Animalia_Chordata_Aves_Accipitriformes_Accipitridae_Rupornis_magnirostris/7e3f758b-5944-48c9-a000-771de2cab6c2.wav,31.881
1470,Rupornis magnirostris,roahaw,train/01470_Animalia_Chordata_Aves_Accipitriformes_Accipitridae_Rupornis_magnirostris/803de774-8156-46f3-bd3c-6548d0034c2e.wav,14.187
1470,Rupornis magnirostris,roahaw,train/01470_Animalia_Chordata_Aves_Accipitriformes_Accipitridae_Rupornis_magnirostris/807ab5be-bc55-477c-bb89-fce10552cb36.wav,9.221
1470,Rupornis magnirostris,roahaw,train/01470_Animalia_Chordata_Aves_Accipitriformes_Accipitridae_Rupornis_magnirostris/815f8b32-f961-4bc7-8a07-16682112c2e3.wav,1.681
1470,Rupornis magnirostris,roahaw,train/01470_Animalia_Chordata_Aves_Accipitriformes_Accipitridae_Rupornis_magnirostris/835240a0-1afd-41e0-9fce-799483fb27a8.wav,35.178
1470,Rupornis magnirostris,roahaw,train/01470_Animalia_Chordata_Aves_Accipitriformes_Accipitridae_Rupornis_magnirostris/86cd8eab-580c-4ad4-90a8-1af420bb5433.wav,9.685
1470,Rupornis magnirostris,roahaw,train/01470_Animalia_Chordata_Aves_Accipitriformes_Accipitridae_Rupornis_magnirostris/881b5021-cf32-4c94-8ab8-ae6e4bbe9188.wav,1.997
1470,Rupornis magnirostris,roahaw,train/01470_Animalia_Chordata_Aves_Accipitriformes_Accipitridae_Rupornis_magnirostris/8890930b-bba1-4d1b-84ec-c806f24da2d3.wav,19.728
1470,Rupornis magnirostris,roahaw,train/01470_Animalia_Chordata_Aves_Accipitriformes_Accipitridae_Rupornis_magnirostris/88d10e22-55f2-48c0-b29f-515154f69d0a.wav,31.324
1470,Rupornis magnirostris,roahaw,train/01470_Animalia_Chordata_Aves_Accipitriformes_Accipitridae_Rupornis_magnirostris/89367925-b6e9-4d7e-ab7c-360011e74d08.wav,4.48
1470,Rupornis magnirostris,roahaw,train/01470_Animalia_Chordata_Aves_Accipitriformes_Accipitridae_Rupornis_magnirostris/8f25b9c4-63e8-41e3-b31f-42aecf6ec0fe.wav,3.762
1470,Rupornis magnirostris,roahaw,train/01470_Animalia_Chordata_Aves_Accipitriformes_Accipitridae_Rupornis_magnirostris/9064fab0-ed0c-44a7-b7ad-6e33574e3b2b.wav,22.972
1470,Rupornis magnirostris,roahaw,train/01470_Animalia_Chordata_Aves_Accipitriformes_Accipitridae_Rupornis_magnirostris/93e621c8-c167-43b8-a5a2-57cc247501de.wav,172.225
1470,Rupornis magnirostris,roahaw,train/01470_Animalia_Chordata_Aves_Accipitriformes_Accipitridae_Rupornis_magnirostris/94617432-5fc1-4ce1-b0fc-5eb00d984692.wav,20.4
1470,Rupornis magnirostris,roahaw,train/01470_Animalia_Chordata_Aves_Accipitriformes_Accipitridae_Rupornis_magnirostris/958ed32f-6a44-4e64-8dae-ae5d3b3d5ce4.wav,19.04
1470,Rupornis magnirostris,roahaw,train/01470_Animalia_Chordata_Aves_Accipitriformes_Accipitridae_Rupornis_magnirostris/9737ada8-b973-4926-aa93-e81a3fd9de05.wav,11.889
1470,Rupornis magnirostris,roahaw,train/01470_Animalia_Chordata_Aves_Accipitriformes_Accipitridae_Rupornis_magnirostris/98d9dd43-12d6-4ef3-9205-85a3dc6cfe24.wav,14.243
1470,Rupornis magnirostris,roahaw,train/01470_Animalia_Chordata_Aves_Accipitriformes_Accipitridae_Rupornis_magnirostris/9c761890-172f-44c8-9cc5-42f5931774c5.wav,3.527
1470,Rupornis magnirostris,roahaw,train/01470_Animalia_Chordata_Aves_Accipitriformes_Accipitridae_Rupornis_magnirostris/9f4ae344-d015-45c1-8670-2e8ab5913bb0.wav,14.327
1470,Rupornis magnirostris,roahaw,train/01470_Animalia_Chordata_Aves_Accipitriformes_Accipitridae_Rupornis_magnirostris/a51fb7b2-f097-4eaa-8ae4-af535bd5d272.wav,32.314
1470,Rupornis magnirostris,roahaw,train/01470_Animalia_Chordata_Aves_Accipitriformes_Accipitridae_Rupornis_magnirostris/a6540a09-fe5b-43e8-b07d-c13471500b86.wav,34.319
1470,Rupornis magnirostris,roahaw,train/01470_Animalia_Chordata_Aves_Accipitriformes_Accipitridae_Rupornis_magnirostris/a7b94524-4e14-4175-9eaa-3dab6559a7cf.wav,19.273
1470,Rupornis magnirostris,roahaw,train/01470_Animalia_Chordata_Aves_Accipitriformes_Accipitridae_Rupornis_magnirostris/b2f9ca42-633e-4922-9324-7c0e2366ee53.wav,34.664
1470,Rupornis magnirostris,roahaw,train/01470_Animalia_Chordata_Aves_Accipitriformes_Accipitridae_Rupornis_magnirostris/b9e8ded5-6f1f-48fa-ad7c-3b2e45d289ad.wav,22.198
1470,Rupornis magnirostris,roahaw,train/01470_Animalia_Chordata_Aves_Accipitriformes_Accipitridae_Rupornis_magnirostris/bbdc89fc-01d2-43a6-a15e-85505ce33ae2.wav,45.0
1470,Rupornis magnirostris,roahaw,train/01470_Animalia_Chordata_Aves_Accipitriformes_Accipitridae_Rupornis_magnirostris/beb8c30f-f0c7-4fbf-ae4e-811e1e10db1a.wav,9.0
1470,Rupornis magnirostris,roahaw,train/01470_Animalia_Chordata_Aves_Accipitriformes_Accipitridae_Rupornis_magnirostris/c01595a5-996b-4c73-a464-1e9919d68e3b.wav,32.9
1470,Rupornis magnirostris,roahaw,train/01470_Animalia_Chordata_Aves_Accipitriformes_Accipitridae_Rupornis_magnirostris/c0c324cb-0d80-4c15-90c4-6d2607a98eee.wav,102.702
1470,Rupornis magnirostris,roahaw,train/01470_Animalia_Chordata_Aves_Accipitriformes_Accipitridae_Rupornis_magnirostris/c201fb32-b318-49d3-8a99-637b41d488d9.wav,19.017
1470,Rupornis magnirostris,roahaw,train/01470_Animalia_Chordata_Aves_Accipitriformes_Accipitridae_Rupornis_magnirostris/c463f684-8244-42d1-ab27-d999c99eb870.wav,37.616
1470,Rupornis magnirostris,roahaw,train/01470_Animalia_Chordata_Aves_Accipitriformes_Accipitridae_Rupornis_magnirostris/c60ae538-b49f-4185-be25-8191d390124c.wav,89.569
1470,Rupornis magnirostris,roahaw,train/01470_Animalia_Chordata_Aves_Accipitriformes_Accipitridae_Rupornis_magnirostris/cb0ddc32-0194-4dd5-9bda-37c186fb975c.wav,16.997
1470,Rupornis magnirostris,roahaw,train/01470_Animalia_Chordata_Aves_Accipitriformes_Accipitridae_Rupornis_magnirostris/cb612c53-0faf-4159-a1ba-5fab26010cda.wav,32.043
1470,Rupornis magnirostris,roahaw,train/01470_Animalia_Chordata_Aves_Accipitriformes_Accipitridae_Rupornis_magnirostris/cd8e920b-bdc8-483b-a5be-ce83a566ba23.wav,10.139
1470,Rupornis magnirostris,roahaw,train/01470_Animalia_Chordata_Aves_Accipitriformes_Accipitridae_Rupornis_magnirostris/d0a479ba-78de-4b0c-b89e-86785189d566.wav,39.636
1470,Rupornis magnirostris,roahaw,train/01470_Animalia_Chordata_Aves_Accipitriformes_Accipitridae_Rupornis_magnirostris/d1926f09-d62a-49cd-b0f6-4666e7c67c13.wav,20.288
1470,Rupornis magnirostris,roahaw,train/01470_Animalia_Chordata_Aves_Accipitriformes_Accipitridae_Rupornis_magnirostris/d3e3578c-93fe-473c-a70f-8bb32a6a9460.wav,25.078
1470,Rupornis magnirostris,roahaw,train/01470_Animalia_Chordata_Aves_Accipitriformes_Accipitridae_Rupornis_magnirostris/d47dcdcf-b921-4ac6-bfe5-0cf95537bc31.wav,107.328
1470,Rupornis magnirostris,roahaw,train/01470_Animalia_Chordata_Aves_Accipitriformes_Accipitridae_Rupornis_magnirostris/d4bc5b65-506f-4ba2-8fe4-8a97edaf7579.wav,51.846
1470,Rupornis magnirostris,roahaw,train/01470_Animalia_Chordata_Aves_Accipitriformes_Accipitridae_Rupornis_magnirostris/d8e838b5-2a86-4518-8755-77f59966fc23.wav,3.169
1470,Rupornis magnirostris,roahaw,train/01470_Animalia_Chordata_Aves_Accipitriformes_Accipitridae_Rupornis_magnirostris/d972a613-4798-4513-aac3-2522cebae6f1.wav,12.792
1470,Rupornis magnirostris,roahaw,train/01470_Animalia_Chordata_Aves_Accipitriformes_Accipitridae_Rupornis_magnirostris/daa04388-015f-4f81-a6bb-8288794708b6.wav,10.2
1470,Rupornis magnirostris,roahaw,train/01470_Animalia_Chordata_Aves_Accipitriformes_Accipitridae_Rupornis_magnirostris/dd06c996-68f3-4c29-9103-601fb6d56804.wav,11.633
1470,Rupornis magnirostris,roahaw,train/01470_Animalia_Chordata_Aves_Accipitriformes_Accipitridae_Rupornis_magnirostris/dd56a647-dd5d-40ce-a49f-9e4bca4c6bf4.wav,8.427
1470,Rupornis magnirostris,roahaw,train/01470_Animalia_Chordata_Aves_Accipitriformes_Accipitridae_Rupornis_magnirostris/ddd396b7-8022-4718-b2b8-fbb62b5a35be.wav,12.864
1470,Rupornis magnirostris,roahaw,train/01470_Animalia_Chordata_Aves_Accipitriformes_Accipitridae_Rupornis_magnirostris/df39e15a-936f-4632-8d72-f73c55da309f.wav,15.975
1470,Rupornis magnirostris,roahaw,train/01470_Animalia_Chordata_Aves_Accipitriformes_Accipitridae_Rupornis_magnirostris/e41875fb-c085-48f1-9d7c-6d8d721a9452.wav,85.013
1470,Rupornis magnirostris,roahaw,train/01470_Animalia_Chordata_Aves_Accipitriformes_Accipitridae_Rupornis_magnirostris/e48cfdfc-72fa-400a-afb2-aed38f934734.wav,28.514
1470,Rupornis magnirostris,roahaw,train/01470_Animalia_Chordata_Aves_Accipitriformes_Accipitridae_Rupornis_magnirostris/e56f4055-82d5-4bfe-bc98-62056660aa9d.wav,9.6
1470,Rupornis magnirostris,roahaw,train/01470_Animalia_Chordata_Aves_Accipitriformes_Accipitridae_Rupornis_magnirostris/e6ed6161-0851-4d74-819a-b389e2d8b7a6.wav,22.23
1470,Rupornis magnirostris,roahaw,train/01470_Animalia_Chordata_Aves_Accipitriformes_Accipitridae_Rupornis_magnirostris/e7a2a93d-9842-40bc-9d88-f85d5d290e84.wav,26.88
1470,Rupornis magnirostris,roahaw,train/01470_Animalia_Chordata_Aves_Accipitriformes_Accipitridae_Rupornis_magnirostris/e821c0e6-8cd3-4e52-ad7b-fc46389493f7.wav,15.0
1470,Rupornis magnirostris,roahaw,train/01470_Animalia_Chordata_Aves_Accipitriformes_Accipitridae_Rupornis_magnirostris/f19e9d23-8f69-41e9-ae1c-a7110caee0ab.wav,13.291
1470,Rupornis magnirostris,roahaw,train/01470_Animalia_Chordata_Aves_Accipitriformes_Accipitridae_Rupornis_magnirostris/f48757ae-0cd5-49d1-96a9-58695be9c604.wav,2.117
1470,Rupornis magnirostris,roahaw,train/01470_Animalia_Chordata_Aves_Accipitriformes_Accipitridae_Rupornis_magnirostris/f4b9c25b-9f28-431d-b632-c6da63374c4f.wav,5.016
1470,Rupornis magnirostris,roahaw,train/01470_Animalia_Chordata_Aves_Accipitriformes_Accipitridae_Rupornis_magnirostris/f569efa2-1a1c-4aa7-9c15-fc3ff9bec9ad.wav,49.76
1470,Rupornis magnirostris,roahaw,train/01470_Animalia_Chordata_Aves_Accipitriformes_Accipitridae_Rupornis_magnirostris/f7816487-943f-4cfc-ac62-d7b4940a2a08.wav,17.578
1470,Rupornis magnirostris,roahaw,train/01470_Animalia_Chordata_Aves_Accipitriformes_Accipitridae_Rupornis_magnirostris/fb98ce4c-b4d1-4a3f-836e-ec1fd7fb08e2.wav,6.361
1470,Rupornis magnirostris,roahaw,train/01470_Animalia_Chordata_Aves_Accipitriformes_Accipitridae_Rupornis_magnirostris/fc17078d-3ed0-4748-9909-dd8be5281171.wav,28.653
1470,Rupornis magnirostris,roahaw,train/01470_Animalia_Chordata_Aves_Accipitriformes_Accipitridae_Rupornis_magnirostris/fceddfdf-969c-4354-bd1e-603d804c2bb8.wav,23.591
4431,Turdus rufiventris,rubthr1,train/04431_Animalia_Chordata_Aves_Passeriformes_Turdidae_Turdus_rufiventris/01d59196-14ce-46f3-9aca-55cb760b2167.wav,24.32
4431,Turdus rufiventris,rubthr1,train/04431_Animalia_Chordata_Aves_Passeriformes_Turdidae_Turdus_rufiventris/020d202a-b2d9-4ff7-afe4-537191031516.wav,27.983
4431,Turdus rufiventris,rubthr1,train/04431_Animalia_Chordata_Aves_Passeriformes_Turdidae_Turdus_rufiventris/057b9385-f55f-47a6-b371-b26a66d1d1fb.wav,26.578
4431,Turdus rufiventris,rubthr1,train/04431_Animalia_Chordata_Aves_Passeriformes_Turdidae_Turdus_rufiventris/0b4b9d5a-0c12-4ef8-8860-a4d4f4c00f21.wav,13.824
4431,Turdus rufiventris,rubthr1,train/04431_Animalia_Chordata_Aves_Passeriformes_Turdidae_Turdus_rufiventris/0e61883e-dfc1-4f9a-8c07-ab734f08b70c.wav,22.05
4431,Turdus rufiventris,rubthr1,train/04431_Animalia_Chordata_Aves_Passeriformes_Turdidae_Turdus_rufiventris/0f24ced5-0aa3-4651-9111-16b8a78100f4.wav,20.225
4431,Turdus rufiventris,rubthr1,train/04431_Animalia_Chordata_Aves_Passeriformes_Turdidae_Turdus_rufiventris/1542e073-3852-4855-bac3-e81516046f9b.wav,128.619
4431,Turdus rufiventris,rubthr1,train/04431_Animalia_Chordata_Aves_Passeriformes_Turdidae_Turdus_rufiventris/17a349a8-7dc3-44d8-955f-eccdf9f2706d.wav,18.753
4431,Turdus rufiventris,rubthr1,train/04431_Animalia_Chordata_Aves_Passeriformes_Turdidae_Turdus_rufiventris/17b0c65e-a3a9-4cfe-967e-41e93c9b4852.wav,53.197
4431,Turdus rufiventris,rubthr1,train/04431_Animalia_Chordata_Aves_Passeriformes_Turdidae_Turdus_rufiventris/22540db9-a14e-4e0b-9109-249b8a7a09c6.wav,30.836
4431,Turdus rufiventris,rubthr1,train/04431_Animalia_Chordata_Aves_Passeriformes_Turdidae_Turdus_rufiventris/232b3dfd-2590-424a-b492-1127267f1c1a.wav,31.112
4431,Turdus rufiventris,rubthr1,train/04431_Animalia_Chordata_Aves_Passeriformes_Turdidae_Turdus_rufiventris/2e71536a-28e5-4c3f-ab07-8f2a87b22d24.wav,19.332
4431,Turdus rufiventris,rubthr1,train/04431_Animalia_Chordata_Aves_Passeriformes_Turdidae_Turdus_rufiventris/2eea1000-5c0c-4a05-8de1-c814630f2e6a.wav,27.818
4431,Turdus rufiventris,rubthr1,train/04431_Animalia_Chordata_Aves_Passeriformes_Turdidae_Turdus_rufiventris/32b1e5e5-71a5-403f-bf1c-aef33345e93c.wav,12.96
4431,Turdus rufiventris,rubthr1,train/04431_Animalia_Chordata_Aves_Passeriformes_Turdidae_Turdus_rufiventris/39a9f6e0-b297-456f-8f55-3d9b9a91d592.wav,10.681
4431,Turdus rufiventris,rubthr1,train/04431_Animalia_Chordata_Aves_Passeriformes_Turdidae_Turdus_rufiventris/39e5cb58-f6d7-44f3-a4d7-4d8fb6379b47.wav,6.113
4431,Turdus rufiventris,rubthr1,train/04431_Animalia_Chordata_Aves_Passeriformes_Turdidae_Turdus_rufiventris/3d40ed97-8c6e-4822-950d-d3f733ed7558.wav,16.192
4431,Turdus rufiventris,rubthr1,train/04431_Animalia_Chordata_Aves_Passeriformes_Turdidae_Turdus_rufiventris/4002e45d-8e80-4717-8291-2073d6c896d6.wav,41.169
4431,Turdus rufiventris,rubthr1,train/04431_Animalia_Chordata_Aves_Passeriformes_Turdidae_Turdus_rufiventris/4021d3ab-f407-4721-9256-6009f5478064.wav,6.0
4431,Turdus rufiventris,rubthr1,train/04431_Animalia_Chordata_Aves_Passeriformes_Turdidae_Turdus_rufiventris/48dcdb9a-38d0-4ab8-851b-b31b43a2ac03.wav,21.63
4431,Turdus rufiventris,rubthr1,train/04431_Animalia_Chordata_Aves_Passeriformes_Turdidae_Turdus_rufiventris/4bc463b0-8f95-4fff-b493-40e44efb5216.wav,8.081
4431,Turdus rufiventris,rubthr1,train/04431_Animalia_Chordata_Aves_Passeriformes_Turdidae_Turdus_rufiventris/546410ae-3925-4065-bee1-1696fff856cd.wav,7.361
4431,Turdus rufiventris,rubthr1,train/04431_Animalia_Chordata_Aves_Passeriformes_Turdidae_Turdus_rufiventris/546c9b3d-1529-4d17-969b-fa497ea107d4.wav,27.776
4431,Turdus rufiventris,rubthr1,train/04431_Animalia_Chordata_Aves_Passeriformes_Turdidae_Turdus_rufiventris/5addbb19-51ee-497f-bf5f-377ea208fa46.wav,5.248
4431,Turdus rufiventris,rubthr1,train/04431_Animalia_Chordata_Aves_Passeriformes_Turdidae_Turdus_rufiventris/606d3344-ad4d-4ea8-a774-ec5199246135.wav,75.117
4431,Turdus rufiventris,rubthr1,train/04431_Animalia_Chordata_Aves_Passeriformes_Turdidae_Turdus_rufiventris/669443c2-d55f-4785-8237-0c887a845317.wav,15.803
4431,Turdus rufiventris,rubthr1,train/04431_Animalia_Chordata_Aves_Passeriformes_Turdidae_Turdus_rufiventris/6cea56d2-132e-4cb6-bfa2-86656be90299.wav,23.336
4431,Turdus rufiventris,rubthr1,train/04431_Animalia_Chordata_Aves_Passeriformes_Turdidae_Turdus_rufiventris/6dbaeea3-1a25-4082-96e3-fa19dcc677e8.wav,5.556
4431,Turdus rufiventris,rubthr1,train/04431_Animalia_Chordata_Aves_Passeriformes_Turdidae_Turdus_rufiventris/70424b01-a91f-4277-8003-07461ebf71e1.wav,4.913
4431,Turdus rufiventris,rubthr1,train/04431_Animalia_Chordata_Aves_Passeriformes_Turdidae_Turdus_rufiventris/708e75cb-a6e1-454a-8aec-cca2e936d178.wav,1.219
4431,Turdus rufiventris,rubthr1,train/04431_Animalia_Chordata_Aves_Passeriformes_Turdidae_Turdus_rufiventris/73fb404f-daa7-4f09-9c01-bee88f2e680f.wav,12.743
4431,Turdus rufiventris,rubthr1,train/04431_Animalia_Chordata_Aves_Passeriformes_Turdidae_Turdus_rufiventris/75126e63-019e-4453-abbc-7a4573fb60f8.wav,58.863
4431,Turdus rufiventris,rubthr1,train/04431_Animalia_Chordata_Aves_Passeriformes_Turdidae_Turdus_rufiventris/7605d733-ea60-458e-832a-fe093a30e8f4.wav,8.696
4431,Turdus rufiventris,rubthr1,train/04431_Animalia_Chordata_Aves_Passeriformes_Turdidae_Turdus_rufiventris/7665dc72-77c5-4f4d-996c-226815bfab3d.wav,8.124
4431,Turdus rufiventris,rubthr1,train/04431_Animalia_Chordata_Aves_Passeriformes_Turdidae_Turdus_rufiventris/78fe8d10-cedc-4de3-8344-7bbc0e6899cf.wav,7.003
4431,Turdus rufiventris,rubthr1,train/04431_Animalia_Chordata_Aves_Passeriformes_Turdidae_Turdus_rufiventris/81577e33-2a83-4c8f-81cc-1c5f4d201980.wav,18.433
4431,Turdus rufiventris,rubthr1,train/04431_Animalia_Chordata_Aves_Passeriformes_Turdidae_Turdus_rufiventris/83a6c897-f409-4021-9a27-9008ab9e252e.wav,38.824
4431,Turdus rufiventris,rubthr1,train/04431_Animalia_Chordata_Aves_Passeriformes_Turdidae_Turdus_rufiventris/8467affe-121f-46f1-90ac-6d1de80fec37.wav,5.065
4431,Turdus rufiventris,rubthr1,train/04431_Animalia_Chordata_Aves_Passeriformes_Turdidae_Turdus_rufiventris/89f7afc5-ff91-4525-8b58-b720017e096b.wav,11.053
4431,Turdus rufiventris,rubthr1,train/04431_Animalia_Chordata_Aves_Passeriformes_Turdidae_Turdus_rufiventris/8b60f3e2-6c1f-448a-bce5-78932783e6a3.wav,4.267
4431,Turdus rufiventris,rubthr1,train/04431_Animalia_Chordata_Aves_Passeriformes_Turdidae_Turdus_rufiventris/8d0f3d36-234e-442c-a1cb-f2221507fcb9.wav,12.736
4431,Turdus rufiventris,rubthr1,train/04431_Animalia_Chordata_Aves_Passeriformes_Turdidae_Turdus_rufiventris/8e85a975-078b-4421-a0fe-5e01e84847aa.wav,14.64
4431,Turdus rufiventris,rubthr1,train/04431_Animalia_Chordata_Aves_Passeriformes_Turdidae_Turdus_rufiventris/9a1cf045-0c49-48d3-9743-f72ed770f7d6.wav,13.008
4431,Turdus rufiventris,rubthr1,train/04431_Animalia_Chordata_Aves_Passeriformes_Turdidae_Turdus_rufiventris/9d9771dd-4d84-4a91-8773-d3bc7a2dde71.wav,8.661
4431,Turdus rufiventris,rubthr1,train/04431_Animalia_Chordata_Aves_Passeriformes_Turdidae_Turdus_rufiventris/9e44fca0-a17c-448b-aba7-9bc1f38865a8.wav,9.651
4431,Turdus rufiventris,rubthr1,train/04431_Animalia_Chordata_Aves_Passeriformes_Turdidae_Turdus_rufiventris/a8ccb2c3-8aff-4987-8de0-c1a5f439f3a3.wav,18.603
4431,Turdus rufiventris,rubthr1,train/04431_Animalia_Chordata_Aves_Passeriformes_Turdidae_Turdus_rufiventris/aba46880-5d6e-41fe-9260-e7cce4e9afdc.wav,11.215
4431,Turdus rufiventris,rubthr1,train/04431_Animalia_Chordata_Aves_Passeriformes_Turdidae_Turdus_rufiventris/aba87f6d-3501-4529-bdc7-a5f6aa888f62.wav,13.163
4431,Turdus rufiventris,rubthr1,train/04431_Animalia_Chordata_Aves_Passeriformes_Turdidae_Turdus_rufiventris/b05a9288-dc6d-40d2-91fd-ab8cdbdfd88c.wav,6.297
4431,Turdus rufiventris,rubthr1,train/04431_Animalia_Chordata_Aves_Passeriformes_Turdidae_Turdus_rufiventris/b08362b3-3f96-4282-954d-4d5793daa470.wav,76.928
4431,Turdus rufiventris,rubthr1,train/04431_Animalia_Chordata_Aves_Passeriformes_Turdidae_Turdus_rufiventris/b0baf36e-23af-4b36-b8d4-0029833ea982.wav,33.429
4431,Turdus rufiventris,rubthr1,train/04431_Animalia_Chordata_Aves_Passeriformes_Turdidae_Turdus_rufiventris/b13812be-c4d9-4282-b9ef-1cd0cac33207.wav,29.582
4431,Turdus rufiventris,rubthr1,train/04431_Animalia_Chordata_Aves_Passeriformes_Turdidae_Turdus_rufiventris/b2bbca46-e968-4604-b71b-2d5e72ff09e3.wav,24.242
4431,Turdus rufiventris,rubthr1,train/04431_Animalia_Chordata_Aves_Passeriformes_Turdidae_Turdus_rufiventris/b3dbba24-afef-4ae4-bfb1-47ef981f5a11.wav,16.335
4431,Turdus rufiventris,rubthr1,train/04431_Animalia_Chordata_Aves_Passeriformes_Turdidae_Turdus_rufiventris/b5c17b8c-8709-4eb8-838f-378adc7c753c.wav,11.821
4431,Turdus rufiventris,rubthr1,train/04431_Animalia_Chordata_Aves_Passeriformes_Turdidae_Turdus_rufiventris/b67e5096-9a49-4c27-9b1e-cbe92ed448b8.wav,25.194
4431,Turdus rufiventris,rubthr1,train/04431_Animalia_Chordata_Aves_Passeriformes_Turdidae_Turdus_rufiventris/bae44475-794d-44de-b041-723736f9d56e.wav,21.76
4431,Turdus rufiventris,rubthr1,train/04431_Animalia_Chordata_Aves_Passeriformes_Turdidae_Turdus_rufiventris/bafb9a6e-4682-4570-ba58-e77f63b7f900.wav,7.419
4431,Turdus rufiventris,rubthr1,train/04431_Animalia_Chordata_Aves_Passeriformes_Turdidae_Turdus_rufiventris/bb4b73b2-c332-47b9-af7b-ab8f0600524b.wav,14.12
4431,Turdus rufiventris,rubthr1,train/04431_Animalia_Chordata_Aves_Passeriformes_Turdidae_Turdus_rufiventris/bb7c1f1d-c580-4b8e-b0a1-ba31d79b5cf8.wav,59.242
4431,Turdus rufiventris,rubthr1,train/04431_Animalia_Chordata_Aves_Passeriformes_Turdidae_Turdus_rufiventris/bc96304c-9d00-4513-9665-9c49bbb981af.wav,13.137
4431,Turdus rufiventris,rubthr1,train/04431_Animalia_Chordata_Aves_Passeriformes_Turdidae_Turdus_rufiventris/d6104920-cec1-4493-8e46-49ff61199f1a.wav,9.729
4431,Turdus rufiventris,rubthr1,train/04431_Animalia_Chordata_Aves_Passeriformes_Turdidae_Turdus_rufiventris/d93ed52c-585c-4c3f-b28a-2f1f39ff6d55.wav,33.297
4431,Turdus rufiventris,rubthr1,train/04431_Animalia_Chordata_Aves_Passeriformes_Turdidae_Turdus_rufiventris/da68d6ee-cfe7-436e-a7fe-895b2d0039fd.wav,43.736
4431,Turdus rufiventris,rubthr1,train/04431_Animalia_Chordata_Aves_Passeriformes_Turdidae_Turdus_rufiventris/dbea4ebd-68fb-44e5-8bf6-72647fcc4965.wav,27.03
4431,Turdus rufiventris,rubthr1,train/04431_Animalia_Chordata_Aves_Passeriformes_Turdidae_Turdus_rufiventris/de64ba10-a5d8-4955-ad8e-6d5da52851e5.wav,9.892
4431,Turdus rufiventris,rubthr1,train/04431_Animalia_Chordata_Aves_Passeriformes_Turdidae_Turdus_rufiventris/e0745fce-b8ef-4e98-bf0d-6465d550603a.wav,17.007
4431,Turdus rufiventris,rubthr1,train/04431_Animalia_Chordata_Aves_Passeriformes_Turdidae_Turdus_rufiventris/e0a059cd-e51e-47dd-a390-24b81800e4b2.wav,9.834
4431,Turdus rufiventris,rubthr1,train/04431_Animalia_Chordata_Aves_Passeriformes_Turdidae_Turdus_rufiventris/e56db51c-8ba6-413f-931f-2d629ba96811.wav,8.307
4431,Turdus rufiventris,rubthr1,train/04431_Animalia_Chordata_Aves_Passeriformes_Turdidae_Turdus_rufiventris/e8cb4e71-e8bc-48ea-b182-e554886ef3cd.wav,9.381
4431,Turdus rufiventris,rubthr1,train/04431_Animalia_Chordata_Aves_Passeriformes_Turdidae_Turdus_rufiventris/e924959a-69f7-4f32-93b9-f437c3c80a88.wav,22.418
4431,Turdus rufiventris,rubthr1,train/04431_Animalia_Chordata_Aves_Passeriformes_Turdidae_Turdus_rufiventris/e94ecfd6-8706-4b8c-8a84-4121dbb67da5.wav,12.48
4431,Turdus rufiventris,rubthr1,train/04431_Animalia_Chordata_Aves_Passeriformes_Turdidae_Turdus_rufiventris/ea3dde69-783f-48cc-bf93-9cbb796ebffa.wav,13.389
4431,Turdus rufiventris,rubthr1,train/04431_Animalia_Chordata_Aves_Passeriformes_Turdidae_Turdus_rufiventris/ee3c30f6-5576-4c2f-a2e4-66f37aedef84.wav,73.691
4431,Turdus rufiventris,rubthr1,train/04431_Animalia_Chordata_Aves_Passeriformes_Turdidae_Turdus_rufiventris/ef5c0323-7de5-4a13-81fe-fdfa34853e7d.wav,6.0
4431,Turdus rufiventris,rubthr1,train/04431_Animalia_Chordata_Aves_Passeriformes_Turdidae_Turdus_rufiventris/f2c39f77-4393-4a68-8186-4e9637e1d84d.wav,24.404
4431,Turdus rufiventris,rubthr1,train/04431_Animalia_Chordata_Aves_Passeriformes_Turdidae_Turdus_rufiventris/f76430a1-7c85-4576-b0f0-0ed4cd2ddce6.wav,18.906
2856,Pseudoseisura unirufa,rufcac2,train/02856_Animalia_Chordata_Aves_Passeriformes_Furnariidae_Pseudoseisura_unirufa/704bf425-fc73-44f2-b4b8-3d7cc2b4e805.wav,13.74
2516,Conopophaga lineata,rufgna3,train/02516_Animalia_Chordata_Aves_Passeriformes_Conopophagidae_Conopophaga_lineata/377f2eee-c792-42d3-888b-2a45fc54ef2f.wav,29.252
2516,Conopophaga lineata,rufgna3,train/02516_Animalia_Chordata_Aves_Passeriformes_Conopophagidae_Conopophaga_lineata/68bdbff2-ff43-4e2d-83a8-726d3eb17b5d.wav,27.797
2516,Conopophaga lineata,rufgna3,train/02516_Animalia_Chordata_Aves_Passeriformes_Conopophagidae_Conopophaga_lineata/6ba6c5cc-700f-4711-8612-8b2a8268369d.wav,42.331
2516,Conopophaga lineata,rufgna3,train/02516_Animalia_Chordata_Aves_Passeriformes_Conopophagidae_Conopophaga_lineata/7d82dbac-555c-4bbc-99a6-3a5e7820a468.wav,12.55
2516,Conopophaga lineata,rufgna3,train/02516_Animalia_Chordata_Aves_Passeriformes_Conopophagidae_Conopophaga_lineata/8555a1f0-c336-4400-ac50-a06dbb6889f4.wav,16.24
2516,Conopophaga lineata,rufgna3,train/02516_Animalia_Chordata_Aves_Passeriformes_Conopophagidae_Conopophaga_lineata/f2f350ca-5fe4-4692-9cd7-ab80c0830812.wav,17.106
2822,Furnarius rufus,rufhor2,train/02822_Animalia_Chordata_Aves_Passeriformes_Furnariidae_Furnarius_rufus/02526075-26b2-4423-97b9-0a690edc0960.wav,7.07
2822,Furnarius rufus,rufhor2,train/02822_Animalia_Chordata_Aves_Passeriformes_Furnariidae_Furnarius_rufus/02a9be2a-f9f4-4d92-9243-02ad388c917e.wav,7.359
2822,Furnarius rufus,rufhor2,train/02822_Animalia_Chordata_Aves_Passeriformes_Furnariidae_Furnarius_rufus/07176089-3c5f-4238-885f-ed98216b535a.wav,9.567
2822,Furnarius rufus,rufhor2,train/02822_Animalia_Chordata_Aves_Passeriformes_Furnariidae_Furnarius_rufus/1ff7eb3e-664a-4e55-975c-ddffd4ed4865.wav,6.0
2822,Furnarius rufus,rufhor2,train/02822_Animalia_Chordata_Aves_Passeriformes_Furnariidae_Furnarius_rufus/204dfa0d-5942-4849-bb32-9e69f530666c.wav,111.454
2822,Furnarius rufus,rufhor2,train/02822_Animalia_Chordata_Aves_Passeriformes_Furnariidae_Furnarius_rufus/21819d69-dd5e-4a1c-a294-c2a4290474a0.wav,22.898
2822,Furnarius rufus,rufhor2,train/02822_Animalia_Chordata_Aves_Passeriformes_Furnariidae_Furnarius_rufus/40521258-b148-4cf9-bcdc-23d10ca2e267.wav,21.12
2822,Furnarius rufus,rufhor2,train/02822_Animalia_Chordata_Aves_Passeriformes_Furnariidae_Furnarius_rufus/47529a8b-b21a-457e-9791-20dfe70d7344.wav,9.343
2822,Furnarius rufus,rufhor2,train/02822_Animalia_Chordata_Aves_Passeriformes_Furnariidae_Furnarius_rufus/476b43af-0976-421f-b6b4-bdb85f8b6b7e.wav,23.023
2822,Furnarius rufus,rufhor2,train/02822_Animalia_Chordata_Aves_Passeriformes_Furnariidae_Furnarius_rufus/48b1d26c-f9a0-41ab-89b7-072e332d42ea.wav,9.216
2822,Furnarius rufus,rufhor2,train/02822_Animalia_Chordata_Aves_Passeriformes_Furnariidae_Furnarius_rufus/4ae585b0-87b6-4673-8bc4-ef2619a39c10.wav,19.12
2822,Furnarius rufus,rufhor2,train/02822_Animalia_Chordata_Aves_Passeriformes_Furnariidae_Furnarius_rufus/4f303271-a33d-4046-9901-3a26d5d31c6b.wav,56.178
2822,Furnarius rufus,rufhor2,train/02822_Animalia_Chordata_Aves_Passeriformes_Furnariidae_Furnarius_rufus/516d89a6-cfc1-462f-a74a-4111fb5b823a.wav,13.897
2822,Furnarius rufus,rufhor2,train/02822_Animalia_Chordata_Aves_Passeriformes_Furnariidae_Furnarius_rufus/53a42f51-49e6-4ba1-9d6c-9512b82b3247.wav,17.685
2822,Furnarius rufus,rufhor2,train/02822_Animalia_Chordata_Aves_Passeriformes_Furnariidae_Furnarius_rufus/5470ce5d-ce36-4f2f-bb3d-69143cbb2a20.wav,15.44
2822,Furnarius rufus,rufhor2,train/02822_Animalia_Chordata_Aves_Passeriformes_Furnariidae_Furnarius_rufus/62b3ecb9-6220-4c66-906a-8d027657f4ad.wav,23.125
2822,Furnarius rufus,rufhor2,train/02822_Animalia_Chordata_Aves_Passeriformes_Furnariidae_Furnarius_rufus/6b3a4506-626d-4a69-abea-737193df0c45.wav,14.396
2822,Furnarius rufus,rufhor2,train/02822_Animalia_Chordata_Aves_Passeriformes_Furnariidae_Furnarius_rufus/70c86e28-9aca-482d-9014-cfea28386030.wav,34.377
2822,Furnarius rufus,rufhor2,train/02822_Animalia_Chordata_Aves_Passeriformes_Furnariidae_Furnarius_rufus/7c93cf38-e677-4110-873a-db2e064e9fe9.wav,18.088
2822,Furnarius rufus,rufhor2,train/02822_Animalia_Chordata_Aves_Passeriformes_Furnariidae_Furnarius_rufus/8c4b12a6-0e55-443d-bffd-ffb62e701b23.wav,75.845
2822,Furnarius rufus,rufhor2,train/02822_Animalia_Chordata_Aves_Passeriformes_Furnariidae_Furnarius_rufus/8e38be3b-e2bf-49c5-bcaf-fe3e2b36fa79.wav,70.844
2822,Furnarius rufus,rufhor2,train/02822_Animalia_Chordata_Aves_Passeriformes_Furnariidae_Furnarius_rufus/97e5a0fc-a9ca-4ba9-a604-3bc006016a04.wav,5.042
2822,Furnarius rufus,rufhor2,train/02822_Animalia_Chordata_Aves_Passeriformes_Furnariidae_Furnarius_rufus/9a7791e6-aba0-427c-b00b-2297b4965d00.wav,5.048
2822,Furnarius rufus,rufhor2,train/02822_Animalia_Chordata_Aves_Passeriformes_Furnariidae_Furnarius_rufus/9b1dd636-02a8-4dae-a07b-eb3af2c1591a.wav,6.896
2822,Furnarius rufus,rufhor2,train/02822_Animalia_Chordata_Aves_Passeriformes_Furnariidae_Furnarius_rufus/b13e9a8d-2a73-4635-9eda-19d06f5d548c.wav,7.853
2822,Furnarius rufus,rufhor2,train/02822_Animalia_Chordata_Aves_Passeriformes_Furnariidae_Furnarius_rufus/b78dbdee-9602-42df-8301-7707ce8c6aa4.wav,24.189
2822,Furnarius rufus,rufhor2,train/02822_Animalia_Chordata_Aves_Passeriformes_Furnariidae_Furnarius_rufus/b7c8c19a-8b26-4424-b28f-99b886149c2f.wav,3.46
2822,Furnarius rufus,rufhor2,train/02822_Animalia_Chordata_Aves_Passeriformes_Furnariidae_Furnarius_rufus/b80f4a11-f3fd-4c37-86bc-18641f686c07.wav,30.279
2822,Furnarius rufus,rufhor2,train/02822_Animalia_Chordata_Aves_Passeriformes_Furnariidae_Furnarius_rufus/b8e9c9c0-09b9-46a8-8f93-e6404107ee3d.wav,46.811
2822,Furnarius rufus,rufhor2,train/02822_Animalia_Chordata_Aves_Passeriformes_Furnariidae_Furnarius_rufus/bb7fe335-f3ed-401f-9412-30e723de5141.wav,16.958
2822,Furnarius rufus,rufhor2,train/02822_Animalia_Chordata_Aves_Passeriformes_Furnariidae_Furnarius_rufus/bbb37b91-e5f1-417b-9413-c036013dbff2.wav,26.636
2822,Furnarius rufus,rufhor2,train/02822_Animalia_Chordata_Aves_Passeriformes_Furnariidae_Furnarius_rufus/c2f912a6-4d8b-4a0b-ab6d-5cec3ab1f6c8.wav,5.221
2822,Furnarius rufus,rufhor2,train/02822_Animalia_Chordata_Aves_Passeriformes_Furnariidae_Furnarius_rufus/c357da93-2003-4f1b-a216-937dd4591c9a.wav,7.488
2822,Furnarius rufus,rufhor2,train/02822_Animalia_Chordata_Aves_Passeriformes_Furnariidae_Furnarius_rufus/c600cd15-92f4-4fa6-857c-a9b7602b575c.wav,10.82
2822,Furnarius rufus,rufhor2,train/02822_Animalia_Chordata_Aves_Passeriformes_Furnariidae_Furnarius_rufus/c6242626-f355-4817-8882-606dc011249f.wav,23.92
2822,Furnarius rufus,rufhor2,train/02822_Animalia_Chordata_Aves_Passeriformes_Furnariidae_Furnarius_rufus/c91ff262-acd9-44ce-88e1-bdab8299463b.wav,4.458
2822,Furnarius rufus,rufhor2,train/02822_Animalia_Chordata_Aves_Passeriformes_Furnariidae_Furnarius_rufus/d12ea51f-e409-45ae-b920-f65683aff475.wav,14.524
2822,Furnarius rufus,rufhor2,train/02822_Animalia_Chordata_Aves_Passeriformes_Furnariidae_Furnarius_rufus/d34d4cdb-b750-45a8-a3fa-960a399e6ea4.wav,8.96
2822,Furnarius rufus,rufhor2,train/02822_Animalia_Chordata_Aves_Passeriformes_Furnariidae_Furnarius_rufus/e6912e08-9b20-48c3-974e-43481a52ab2d.wav,11.761
2822,Furnarius rufus,rufhor2,train/02822_Animalia_Chordata_Aves_Passeriformes_Furnariidae_Furnarius_rufus/e6a1c600-c066-47f0-b7b6-28df1dc87f1b.wav,6.2
2822,Furnarius rufus,rufhor2,train/02822_Animalia_Chordata_Aves_Passeriformes_Furnariidae_Furnarius_rufus/fd8e2299-7f03-4793-89dd-6783fea8899b.wav,30.813
1593,Antrostomus rufus,rufnig1,train/01593_Animalia_Chordata_Aves_Caprimulgiformes_Caprimulgidae_Antrostomus_rufus/04b47bef-8324-4fa9-a1a9-728402f575e7.wav,14.118
1593,Antrostomus rufus,rufnig1,train/01593_Animalia_Chordata_Aves_Caprimulgiformes_Caprimulgidae_Antrostomus_rufus/7fedda0a-1fa5-4f69-b49b-0d1533de6d4e.wav,5.198
1593,Antrostomus rufus,rufnig1,train/01593_Animalia_Chordata_Aves_Caprimulgiformes_Caprimulgidae_Antrostomus_rufus/9915889a-b8e6-4d1d-adac-98db2a574604.wav,16.483
1593,Antrostomus rufus,rufnig1,train/01593_Animalia_Chordata_Aves_Caprimulgiformes_Caprimulgidae_Antrostomus_rufus/a88e267a-d269-4a2c-9ee9-0d2c7d28b6b3.wav,16.646
1593,Antrostomus rufus,rufnig1,train/01593_Animalia_Chordata_Aves_Caprimulgiformes_Caprimulgidae_Antrostomus_rufus/bb790f1f-1a76-4efc-b3c2-86cabec86e69.wav,38.008
2848,Phacellodomus rufifrons,ruftho1,train/02848_Animalia_Chordata_Aves_Passeriformes_Furnariidae_Phacellodomus_rufifrons/0c8401bf-2f1d-4831-877b-989489d6b056.wav,3.025
2848,Phacellodomus rufifrons,ruftho1,train/02848_Animalia_Chordata_Aves_Passeriformes_Furnariidae_Phacellodomus_rufifrons/99c8fd4f-a6bd-480a-bf12-72ccd450970f.wav,5.068
2848,Phacellodomus rufifrons,ruftho1,train/02848_Animalia_Chordata_Aves_Passeriformes_Furnariidae_Phacellodomus_rufifrons/c1affce1-cadc-4592-8d86-d3df7f9f0c84.wav,6.073
2848,Phacellodomus rufifrons,ruftho1,train/02848_Animalia_Chordata_Aves_Passeriformes_Furnariidae_Phacellodomus_rufifrons/d01620e6-34e7-4959-9f7c-f6455d844a26.wav,35.187
4590,Poecilotriccus latirostris,ruftof1,train/04590_Animalia_Chordata_Aves_Passeriformes_Tyrannidae_Poecilotriccus_latirostris/0e3c97ac-4584-49ce-a2ce-e2002d12b6c6.wav,2.795
4590,Poecilotriccus latirostris,ruftof1,train/04590_Animalia_Chordata_Aves_Passeriformes_Tyrannidae_Poecilotriccus_latirostris/bf96bbaf-2a70-41fa-a1a2-7c0400996a11.wav,12.984
4561,Myiozetetes cayanensis,rumfly1,train/04561_Animalia_Chordata_Aves_Passeriformes_Tyrannidae_Myiozetetes_cayanensis/1baccdc6-40aa-4a96-986a-6bedea059be3.wav,4.0
4561,Myiozetetes cayanensis,rumfly1,train/04561_Animalia_Chordata_Aves_Passeriformes_Tyrannidae_Myiozetetes_cayanensis/260120b3-bf32-41e5-8980-bd2184aeaee0.wav,5.573
4561,Myiozetetes cayanensis,rumfly1,train/04561_Animalia_Chordata_Aves_Passeriformes_Tyrannidae_Myiozetetes_cayanensis/46a0e88d-cd9f-4a96-b875-46be9c0045fb.wav,100.751
4561,Myiozetetes cayanensis,rumfly1,train/04561_Animalia_Chordata_Aves_Passeriformes_Tyrannidae_Myiozetetes_cayanensis/7d04bc1c-b1d7-443f-9e1a-e2476edf7bdf.wav,14.109
4561,Myiozetetes cayanensis,rumfly1,train/04561_Animalia_Chordata_Aves_Passeriformes_Tyrannidae_Myiozetetes_cayanensis/861df742-a4de-40e3-a136-3a17efc667ea.wav,8.371
4561,Myiozetetes cayanensis,rumfly1,train/04561_Animalia_Chordata_Aves_Passeriformes_Tyrannidae_Myiozetetes_cayanensis/a220b92b-9337-4d6e-9d99-662f3d351074.wav,9.399
4561,Myiozetetes cayanensis,rumfly1,train/04561_Animalia_Chordata_Aves_Passeriformes_Tyrannidae_Myiozetetes_cayanensis/bfadaebc-f115-482a-99dc-4ae2411da304.wav,18.39
4561,Myiozetetes cayanensis,rumfly1,train/04561_Animalia_Chordata_Aves_Passeriformes_Tyrannidae_Myiozetetes_cayanensis/f360ed1f-808d-44b8-9bfd-485f689e594d.wav,6.833
2123,Galbula ruficauda,rutjac1,train/02123_Animalia_Chordata_Aves_Galbuliformes_Galbulidae_Galbula_ruficauda/27972a5f-e3d4-4141-afd1-425c681bf00c.wav,33.186
2123,Galbula ruficauda,rutjac1,train/02123_Animalia_Chordata_Aves_Galbuliformes_Galbulidae_Galbula_ruficauda/37e82deb-c85b-4ce0-b18b-a37b59ed2fb7.wav,3.884
2123,Galbula ruficauda,rutjac1,train/02123_Animalia_Chordata_Aves_Galbuliformes_Galbulidae_Galbula_ruficauda/3c19203f-d2ed-476e-b278-8a4a536b78ad.wav,10.236
2123,Galbula ruficauda,rutjac1,train/02123_Animalia_Chordata_Aves_Galbuliformes_Galbulidae_Galbula_ruficauda/4681c4fa-4227-4ae3-8d73-f7bd2df0b5a2.wav,59.82
2123,Galbula ruficauda,rutjac1,train/02123_Animalia_Chordata_Aves_Galbuliformes_Galbulidae_Galbula_ruficauda/53d58dc3-672b-43af-8db3-4a30680c7ca4.wav,25.044
2123,Galbula ruficauda,rutjac1,train/02123_Animalia_Chordata_Aves_Galbuliformes_Galbulidae_Galbula_ruficauda/60f18b4f-eec5-43c2-868d-c98df318d283.wav,19.056
2123,Galbula ruficauda,rutjac1,train/02123_Animalia_Chordata_Aves_Galbuliformes_Galbulidae_Galbula_ruficauda/6bf43850-a624-4fa0-9c22-3840cd6df55b.wav,11.311
2123,Galbula ruficauda,rutjac1,train/02123_Animalia_Chordata_Aves_Galbuliformes_Galbulidae_Galbula_ruficauda/716056f4-55c6-4b45-840f-b68303795ea0.wav,6.243
2123,Galbula ruficauda,rutjac1,train/02123_Animalia_Chordata_Aves_Galbuliformes_Galbulidae_Galbula_ruficauda/8ed1fae1-6c84-44e1-a97d-f526f99ae4ce.wav,22.361
2123,Galbula ruficauda,rutjac1,train/02123_Animalia_Chordata_Aves_Galbuliformes_Galbulidae_Galbula_ruficauda/a1cd1242-5274-4207-ae43-de92b635380e.wav,46.772
2123,Galbula ruficauda,rutjac1,train/02123_Animalia_Chordata_Aves_Galbuliformes_Galbulidae_Galbula_ruficauda/e76548aa-3a72-4f7c-a43a-8410e3890752.wav,17.816
2123,Galbula ruficauda,rutjac1,train/02123_Animalia_Chordata_Aves_Galbuliformes_Galbulidae_Galbula_ruficauda/ed769b4e-8def-40df-81a8-839feb896764.wav,15.918
3552,Arremon flavirostris,sabspa1,train/03552_Animalia_Chordata_Aves_Passeriformes_Passerellidae_Arremon_flavirostris/58ddc9a1-6c1b-48e7-8aa6-9d235a667837.wav,12.91
3552,Arremon flavirostris,sabspa1,train/03552_Animalia_Chordata_Aves_Passeriformes_Passerellidae_Arremon_flavirostris/6dcd3a0e-d43e-4862-b80f-7103f2aefb6a.wav,12.069
3552,Arremon flavirostris,sabspa1,train/03552_Animalia_Chordata_Aves_Passeriformes_Passerellidae_Arremon_flavirostris/769151fc-16d1-47f6-8098-1b681277b413.wav,27.664
3552,Arremon flavirostris,sabspa1,train/03552_Animalia_Chordata_Aves_Passeriformes_Passerellidae_Arremon_flavirostris/b9197bf6-f8bf-4090-8e7b-ae3f0750a309.wav,3.84
3552,Arremon flavirostris,sabspa1,train/03552_Animalia_Chordata_Aves_Passeriformes_Passerellidae_Arremon_flavirostris/d1181873-904e-46fe-b816-ce70d2f8c089.wav,26.285
4216,Sicalis flaveola,saffin,train/04216_Animalia_Chordata_Aves_Passeriformes_Thraupidae_Sicalis_flaveola/005e7a99-bf9c-48f0-a4c8-108f3dd39ec2.wav,81.038
4216,Sicalis flaveola,saffin,train/04216_Animalia_Chordata_Aves_Passeriformes_Thraupidae_Sicalis_flaveola/08aa7b28-5cf3-4e58-936d-ba1e6e82ee52.wav,61.185
4216,Sicalis flaveola,saffin,train/04216_Animalia_Chordata_Aves_Passeriformes_Thraupidae_Sicalis_flaveola/0d1ceabc-e3fd-4f56-ad57-31de92c19ee3.wav,29.04
4216,Sicalis flaveola,saffin,train/04216_Animalia_Chordata_Aves_Passeriformes_Thraupidae_Sicalis_flaveola/15f136c5-622c-4c17-b382-5a5a816a1e3c.wav,16.555
4216,Sicalis flaveola,saffin,train/04216_Animalia_Chordata_Aves_Passeriformes_Thraupidae_Sicalis_flaveola/16aa6e81-295b-4610-89fa-feba2f7390f9.wav,21.205
4216,Sicalis flaveola,saffin,train/04216_Animalia_Chordata_Aves_Passeriformes_Thraupidae_Sicalis_flaveola/18f1a09a-02b2-489d-87c3-efd12c7e0837.wav,25.635
4216,Sicalis flaveola,saffin,train/04216_Animalia_Chordata_Aves_Passeriformes_Thraupidae_Sicalis_flaveola/1a468264-cb38-4aa1-86dd-cfc1d932faf1.wav,18.504
4216,Sicalis flaveola,saffin,train/04216_Animalia_Chordata_Aves_Passeriformes_Thraupidae_Sicalis_flaveola/1e152094-4ab7-4e98-8584-dd7593f9de76.wav,54.892
4216,Sicalis flaveola,saffin,train/04216_Animalia_Chordata_Aves_Passeriformes_Thraupidae_Sicalis_flaveola/20f9004c-faa1-4ad4-8c62-0b5965845b42.wav,24.892
4216,Sicalis flaveola,saffin,train/04216_Animalia_Chordata_Aves_Passeriformes_Thraupidae_Sicalis_flaveola/25d68b19-c4db-4af5-a671-59de1d3224ff.wav,10.752
4216,Sicalis flaveola,saffin,train/04216_Animalia_Chordata_Aves_Passeriformes_Thraupidae_Sicalis_flaveola/2777b300-5ee6-4a64-8e52-5ffa6c6120f5.wav,34.369
4216,Sicalis flaveola,saffin,train/04216_Animalia_Chordata_Aves_Passeriformes_Thraupidae_Sicalis_flaveola/2a65adec-4fb5-4d33-b377-77d2a1486151.wav,74.003
4216,Sicalis flaveola,saffin,train/04216_Animalia_Chordata_Aves_Passeriformes_Thraupidae_Sicalis_flaveola/2beb2d5b-fbfe-45e8-851e-9a4aa67b8ab4.wav,25.8
4216,Sicalis flaveola,saffin,train/04216_Animalia_Chordata_Aves_Passeriformes_Thraupidae_Sicalis_flaveola/30213b44-ef16-4a81-9dac-66c2909f13ac.wav,60.203
4216,Sicalis flaveola,saffin,train/04216_Animalia_Chordata_Aves_Passeriformes_Thraupidae_Sicalis_flaveola/37daa96f-b3bd-4d30-8320-7edfc78f3d48.wav,19.76
4216,Sicalis flaveola,saffin,train/04216_Animalia_Chordata_Aves_Passeriformes_Thraupidae_Sicalis_flaveola/38d93788-c521-4d2b-a279-2f113f521274.wav,69.195
4216,Sicalis flaveola,saffin,train/04216_Animalia_Chordata_Aves_Passeriformes_Thraupidae_Sicalis_flaveola/3bcee46a-044c-49f6-8cca-419dc7f0ad4e.wav,23.84
4216,Sicalis flaveola,saffin,train/04216_Animalia_Chordata_Aves_Passeriformes_Thraupidae_Sicalis_flaveola/3e6aeb86-9534-4f6d-9f5b-d05ce4506369.wav,14.71
4216,Sicalis flaveola,saffin,train/04216_Animalia_Chordata_Aves_Passeriformes_Thraupidae_Sicalis_flaveola/4b0246cc-6075-44a7-bc80-b2110b90b59e.wav,7.411
4216,Sicalis flaveola,saffin,train/04216_Animalia_Chordata_Aves_Passeriformes_Thraupidae_Sicalis_flaveola/4f8eb8d7-bce8-4658-9f7b-f330401715a6.wav,8.665
4216,Sicalis flaveola,saffin,train/04216_Animalia_Chordata_Aves_Passeriformes_Thraupidae_Sicalis_flaveola/5eab996e-e381-4f38-8884-d3026bc10149.wav,3.24
4216,Sicalis flaveola,saffin,train/04216_Animalia_Chordata_Aves_Passeriformes_Thraupidae_Sicalis_flaveola/60dedd3a-adc5-4ee5-8660-feafe1c5a299.wav,23.081
4216,Sicalis flaveola,saffin,train/04216_Animalia_Chordata_Aves_Passeriformes_Thraupidae_Sicalis_flaveola/636d3e79-cf2b-4e54-8815-325bf4e3d6fa.wav,13.344
4216,Sicalis flaveola,saffin,train/04216_Animalia_Chordata_Aves_Passeriformes_Thraupidae_Sicalis_flaveola/6b113a9f-303c-4c8b-9f18-d0602e37fd39.wav,14.121
4216,Sicalis flaveola,saffin,train/04216_Animalia_Chordata_Aves_Passeriformes_Thraupidae_Sicalis_flaveola/6e814892-5cc2-4b39-aa51-3a8518c492cf.wav,19.258
4216,Sicalis flaveola,saffin,train/04216_Animalia_Chordata_Aves_Passeriformes_Thraupidae_Sicalis_flaveola/6f2d1e5d-cf13-4628-abe8-b3acbee54b1e.wav,11.662
4216,Sicalis flaveola,saffin,train/04216_Animalia_Chordata_Aves_Passeriformes_Thraupidae_Sicalis_flaveola/7577a0bd-8263-4223-a82a-1586c7803ab3.wav,31.612
4216,Sicalis flaveola,saffin,train/04216_Animalia_Chordata_Aves_Passeriformes_Thraupidae_Sicalis_flaveola/7b3d7d27-8639-4940-8ecf-4bd31383caf8.wav,8.704
4216,Sicalis flaveola,saffin,train/04216_Animalia_Chordata_Aves_Passeriformes_Thraupidae_Sicalis_flaveola/88052800-9593-4930-929f-3e2217b5ed7f.wav,14.23
4216,Sicalis flaveola,saffin,train/04216_Animalia_Chordata_Aves_Passeriformes_Thraupidae_Sicalis_flaveola/94efd1be-2aec-42bc-beec-14acd0143b86.wav,4.83
4216,Sicalis flaveola,saffin,train/04216_Animalia_Chordata_Aves_Passeriformes_Thraupidae_Sicalis_flaveola/95fba70f-e50d-48d8-b1c8-ee56d81f8d4c.wav,15.04
4216,Sicalis flaveola,saffin,train/04216_Animalia_Chordata_Aves_Passeriformes_Thraupidae_Sicalis_flaveola/9668e97f-9e37-4a79-b22e-f6abdfdbd985.wav,30.016
4216,Sicalis flaveola,saffin,train/04216_Animalia_Chordata_Aves_Passeriformes_Thraupidae_Sicalis_flaveola/981fa23e-1ed3-4eb1-a171-dfdf8c5d3256.wav,11.796
4216,Sicalis flaveola,saffin,train/04216_Animalia_Chordata_Aves_Passeriformes_Thraupidae_Sicalis_flaveola/98982853-a56f-4680-b346-5e8ede5c9a08.wav,19.342
4216,Sicalis flaveola,saffin,train/04216_Animalia_Chordata_Aves_Passeriformes_Thraupidae_Sicalis_flaveola/99a29b2d-44d4-4b89-8e74-7bbae9872954.wav,12.395
4216,Sicalis flaveola,saffin,train/04216_Animalia_Chordata_Aves_Passeriformes_Thraupidae_Sicalis_flaveola/9d68ada5-6de3-4114-8788-1dd0ff7ee5f6.wav,5.592
4216,Sicalis flaveola,saffin,train/04216_Animalia_Chordata_Aves_Passeriformes_Thraupidae_Sicalis_flaveola/a6568ed7-6dbe-4ec4-8340-c418801c9b2d.wav,30.964
4216,Sicalis flaveola,saffin,train/04216_Animalia_Chordata_Aves_Passeriformes_Thraupidae_Sicalis_flaveola/a6ab8b6f-ae26-4ae7-a6a3-272abc923d5c.wav,47.138
4216,Sicalis flaveola,saffin,train/04216_Animalia_Chordata_Aves_Passeriformes_Thraupidae_Sicalis_flaveola/a9cd9606-6d3c-4dac-ac3c-7bbb20f5e216.wav,5.042
4216,Sicalis flaveola,saffin,train/04216_Animalia_Chordata_Aves_Passeriformes_Thraupidae_Sicalis_flaveola/ae5824e7-b3dc-486b-9426-fede342288a2.wav,49.345
4216,Sicalis flaveola,saffin,train/04216_Animalia_Chordata_Aves_Passeriformes_Thraupidae_Sicalis_flaveola/bfafdc03-288a-4b9f-b195-65a1caeeef19.wav,12.8
4216,Sicalis flaveola,saffin,train/04216_Animalia_Chordata_Aves_Passeriformes_Thraupidae_Sicalis_flaveola/c71cc865-e951-4409-8c74-830e27697003.wav,3.456
4216,Sicalis flaveola,saffin,train/04216_Animalia_Chordata_Aves_Passeriformes_Thraupidae_Sicalis_flaveola/ccccea77-1f9c-4454-90fa-4055b2e2cab5.wav,24.823
4216,Sicalis flaveola,saffin,train/04216_Animalia_Chordata_Aves_Passeriformes_Thraupidae_Sicalis_flaveola/ce369899-c225-4f02-a8ac-723cee3e5ed8.wav,50.245
4216,Sicalis flaveola,saffin,train/04216_Animalia_Chordata_Aves_Passeriformes_Thraupidae_Sicalis_flaveola/d7395e27-e27d-4d09-adcf-ebcbfc0fd167.wav,10.774
4216,Sicalis flaveola,saffin,train/04216_Animalia_Chordata_Aves_Passeriformes_Thraupidae_Sicalis_flaveola/d7e9301d-b569-4a6d-b213-6d07c082eda6.wav,15.726
4216,Sicalis flaveola,saffin,train/04216_Animalia_Chordata_Aves_Passeriformes_Thraupidae_Sicalis_flaveola/d89de15a-2b0f-42dd-8834-5d3711ffecbe.wav,17.369
4216,Sicalis flaveola,saffin,train/04216_Animalia_Chordata_Aves_Passeriformes_Thraupidae_Sicalis_flaveola/da6a817f-4e1d-4c91-983d-cb42b14a7125.wav,15.464
4216,Sicalis flaveola,saffin,train/04216_Animalia_Chordata_Aves_Passeriformes_Thraupidae_Sicalis_flaveola/df05f2d1-0704-48f2-bb01-a530f52b89d1.wav,38.661
4216,Sicalis flaveola,saffin,train/04216_Animalia_Chordata_Aves_Passeriformes_Thraupidae_Sicalis_flaveola/e24eabb0-2bc5-4866-95b8-300b56b684c9.wav,64.32
4216,Sicalis flaveola,saffin,train/04216_Animalia_Chordata_Aves_Passeriformes_Thraupidae_Sicalis_flaveola/e4f84151-8d05-44a0-aca7-3e882d659f2b.wav,29.163
4216,Sicalis flaveola,saffin,train/04216_Animalia_Chordata_Aves_Passeriformes_Thraupidae_Sicalis_flaveola/e7a1465c-4f77-4ef0-9930-1df4afc5fc1d.wav,28.073
4216,Sicalis flaveola,saffin,train/04216_Animalia_Chordata_Aves_Passeriformes_Thraupidae_Sicalis_flaveola/e81ad7f8-6242-4bcc-b998-9865eb40c1b5.wav,10.32
4216,Sicalis flaveola,saffin,train/04216_Animalia_Chordata_Aves_Passeriformes_Thraupidae_Sicalis_flaveola/ee49ab59-42fd-42bb-81a2-ff2b5e846ca8.wav,30.339
4216,Sicalis flaveola,saffin,train/04216_Animalia_Chordata_Aves_Passeriformes_Thraupidae_Sicalis_flaveola/f2503f38-2820-4901-857e-2435423179b3.wav,5.312
4216,Sicalis flaveola,saffin,train/04216_Animalia_Chordata_Aves_Passeriformes_Thraupidae_Sicalis_flaveola/fb56a5c4-2a81-4ad1-87b0-fce0965f1100.wav,15.68
4216,Sicalis flaveola,saffin,train/04216_Animalia_Chordata_Aves_Passeriformes_Thraupidae_Sicalis_flaveola/fc19ff68-9127-4c0c-ab8d-11ddab7d9cdc.wav,82.773
4216,Sicalis flaveola,saffin,train/04216_Animalia_Chordata_Aves_Passeriformes_Thraupidae_Sicalis_flaveola/ffa4b902-b6e3-4602-9cbd-306fbe5b86a0.wav,25.287
4268,Thraupis sayaca,saytan1,train/04268_Animalia_Chordata_Aves_Passeriformes_Thraupidae_Thraupis_sayaca/02dc471f-c97e-4abb-8c9a-45823803fc5f.wav,9.326
4268,Thraupis sayaca,saytan1,train/04268_Animalia_Chordata_Aves_Passeriformes_Thraupidae_Thraupis_sayaca/038b611a-b1f8-4dd4-beeb-97a0bcd89d90.wav,20.181
4268,Thraupis sayaca,saytan1,train/04268_Animalia_Chordata_Aves_Passeriformes_Thraupidae_Thraupis_sayaca/14cf7791-f6bc-46e5-811b-ddfca447e7b7.wav,24.405
4268,Thraupis sayaca,saytan1,train/04268_Animalia_Chordata_Aves_Passeriformes_Thraupidae_Thraupis_sayaca/1b2a5f5d-c402-45a3-89b0-2187a1b9dc21.wav,28.166
4268,Thraupis sayaca,saytan1,train/04268_Animalia_Chordata_Aves_Passeriformes_Thraupidae_Thraupis_sayaca/1c845db9-b1fc-4b64-b647-db4799e3d592.wav,19.789
4268,Thraupis sayaca,saytan1,train/04268_Animalia_Chordata_Aves_Passeriformes_Thraupidae_Thraupis_sayaca/251e79a1-0998-4d03-82d5-099fbfd57604.wav,4.598
4268,Thraupis sayaca,saytan1,train/04268_Animalia_Chordata_Aves_Passeriformes_Thraupidae_Thraupis_sayaca/2d0fce44-0df0-45c6-98e8-1fb1eff61c23.wav,48.98
4268,Thraupis sayaca,saytan1,train/04268_Animalia_Chordata_Aves_Passeriformes_Thraupidae_Thraupis_sayaca/2d780ed0-3afc-4eeb-a207-ffc79f4758cc.wav,17.083
4268,Thraupis sayaca,saytan1,train/04268_Animalia_Chordata_Aves_Passeriformes_Thraupidae_Thraupis_sayaca/2e2ad02d-bf09-4625-9e54-5bb14934f3df.wav,67.384
4268,Thraupis sayaca,saytan1,train/04268_Animalia_Chordata_Aves_Passeriformes_Thraupidae_Thraupis_sayaca/2e655adf-2290-4878-ab2b-a73f889292e9.wav,8.22
4268,Thraupis sayaca,saytan1,train/04268_Animalia_Chordata_Aves_Passeriformes_Thraupidae_Thraupis_sayaca/2fad15ff-7c90-4751-94f3-7394a764013d.wav,64.273
4268,Thraupis sayaca,saytan1,train/04268_Animalia_Chordata_Aves_Passeriformes_Thraupidae_Thraupis_sayaca/2fe9aaeb-01a2-4f4d-8a9e-cc3811647e43.wav,16.579
4268,Thraupis sayaca,saytan1,train/04268_Animalia_Chordata_Aves_Passeriformes_Thraupidae_Thraupis_sayaca/3410376b-fe90-4dec-b4ca-8fcb8248e0f1.wav,10.547
4268,Thraupis sayaca,saytan1,train/04268_Animalia_Chordata_Aves_Passeriformes_Thraupidae_Thraupis_sayaca/482370ab-15fe-48a1-9dc3-7ca6a2bf7952.wav,11.2
4268,Thraupis sayaca,saytan1,train/04268_Animalia_Chordata_Aves_Passeriformes_Thraupidae_Thraupis_sayaca/548d78d8-8858-4930-86d1-683251375dec.wav,34.807
4268,Thraupis sayaca,saytan1,train/04268_Animalia_Chordata_Aves_Passeriformes_Thraupidae_Thraupis_sayaca/68a7763c-496e-46eb-9fa8-e8fa940129a2.wav,29.544
4268,Thraupis sayaca,saytan1,train/04268_Animalia_Chordata_Aves_Passeriformes_Thraupidae_Thraupis_sayaca/6978d8ba-0b41-49c6-b0c0-13f74eae3f10.wav,30.581
4268,Thraupis sayaca,saytan1,train/04268_Animalia_Chordata_Aves_Passeriformes_Thraupidae_Thraupis_sayaca/6eb835a0-eed9-4652-b013-1291f4180e70.wav,17.208
4268,Thraupis sayaca,saytan1,train/04268_Animalia_Chordata_Aves_Passeriformes_Thraupidae_Thraupis_sayaca/7ad2e02e-d617-409f-a104-1c6bd9bc07cc.wav,46.579
4268,Thraupis sayaca,saytan1,train/04268_Animalia_Chordata_Aves_Passeriformes_Thraupidae_Thraupis_sayaca/7f166861-084f-4953-8afa-353ceba45497.wav,10.385
4268,Thraupis sayaca,saytan1,train/04268_Animalia_Chordata_Aves_Passeriformes_Thraupidae_Thraupis_sayaca/842df57f-a32d-40a1-a18d-0826ec2e9965.wav,31.765
4268,Thraupis sayaca,saytan1,train/04268_Animalia_Chordata_Aves_Passeriformes_Thraupidae_Thraupis_sayaca/87f769ec-5e97-486a-a969-76140183d15b.wav,20.317
4268,Thraupis sayaca,saytan1,train/04268_Animalia_Chordata_Aves_Passeriformes_Thraupidae_Thraupis_sayaca/88f8425f-50e1-49b9-b553-27ce543a4f73.wav,40.565
4268,Thraupis sayaca,saytan1,train/04268_Animalia_Chordata_Aves_Passeriformes_Thraupidae_Thraupis_sayaca/a205a619-e662-4905-96b4-6ac2f614131d.wav,35.852
4268,Thraupis sayaca,saytan1,train/04268_Animalia_Chordata_Aves_Passeriformes_Thraupidae_Thraupis_sayaca/ab1f9168-910e-493e-9f03-2f36d651775b.wav,13.501
4268,Thraupis sayaca,saytan1,train/04268_Animalia_Chordata_Aves_Passeriformes_Thraupidae_Thraupis_sayaca/afbdad0a-f9a7-454d-acc0-1f3808fc89c3.wav,6.803
4268,Thraupis sayaca,saytan1,train/04268_Animalia_Chordata_Aves_Passeriformes_Thraupidae_Thraupis_sayaca/c32c9483-40ef-44b7-9e5e-b4418c8699cd.wav,14.023
4268,Thraupis sayaca,saytan1,train/04268_Animalia_Chordata_Aves_Passeriformes_Thraupidae_Thraupis_sayaca/c4b42aa9-e51d-4a5d-be51-7f65d2b9060f.wav,20.248
4268,Thraupis sayaca,saytan1,train/04268_Animalia_Chordata_Aves_Passeriformes_Thraupidae_Thraupis_sayaca/c62908cc-c042-41ec-a375-bc6b1d4610a0.wav,29.907
4268,Thraupis sayaca,saytan1,train/04268_Animalia_Chordata_Aves_Passeriformes_Thraupidae_Thraupis_sayaca/dabc507b-d92f-47c9-917c-cc5a56d6a5aa.wav,43.561
4268,Thraupis sayaca,saytan1,train/04268_Animalia_Chordata_Aves_Passeriformes_Thraupidae_Thraupis_sayaca/dcf72101-5c3a-4ea6-a366-3f75d50fef96.wav,14.025
4268,Thraupis sayaca,saytan1,train/04268_Animalia_Chordata_Aves_Passeriformes_Thraupidae_Thraupis_sayaca/dea2b25a-91ab-47bf-b62b-8f21f30950a8.wav,16.045
4268,Thraupis sayaca,saytan1,train/04268_Animalia_Chordata_Aves_Passeriformes_Thraupidae_Thraupis_sayaca/eb782dfd-b1d1-4684-b927-d554703d3267.wav,35.171
4268,Thraupis sayaca,saytan1,train/04268_Animalia_Chordata_Aves_Passeriformes_Thraupidae_Thraupis_sayaca/f2758208-3af7-4e99-82c8-6bc2339f145b.wav,15.229
1898,Columbina squammata,scadov1,train/01898_Animalia_Chordata_Aves_Columbiformes_Columbidae_Columbina_squammata/0e83644b-e6d1-4128-aa1b-684ae8f84373.wav,12.813
1898,Columbina squammata,scadov1,train/01898_Animalia_Chordata_Aves_Columbiformes_Columbidae_Columbina_squammata/486fea91-c6b6-455c-8fd5-403b6ea9d791.wav,21.342
1898,Columbina squammata,scadov1,train/01898_Animalia_Chordata_Aves_Columbiformes_Columbidae_Columbina_squammata/6fe4dd6b-1fff-4c58-afbb-6c2665a6eba1.wav,3.306
1898,Columbina squammata,scadov1,train/01898_Animalia_Chordata_Aves_Columbiformes_Columbidae_Columbina_squammata/74f9a7e9-ed8f-4b81-9ab8-abb6caccc36d.wav,23.786
1898,Columbina squammata,scadov1,train/01898_Animalia_Chordata_Aves_Columbiformes_Columbidae_Columbina_squammata/9c181e98-e2dd-473e-8967-a31e659a1ffe.wav,26.064
1898,Columbina squammata,scadov1,train/01898_Animalia_Chordata_Aves_Columbiformes_Columbidae_Columbina_squammata/ae298094-ea0f-4e02-9d1a-2f790199cf08.wav,8.883
1898,Columbina squammata,scadov1,train/01898_Animalia_Chordata_Aves_Columbiformes_Columbidae_Columbina_squammata/c131e6bb-9134-4bae-8a63-e73eb9da1080.wav,13.638
1898,Columbina squammata,scadov1,train/01898_Animalia_Chordata_Aves_Columbiformes_Columbidae_Columbina_squammata/c4fbc998-e205-48df-9167-38390c9c3b7c.wav,48.17
1898,Columbina squammata,scadov1,train/01898_Animalia_Chordata_Aves_Columbiformes_Columbidae_Columbina_squammata/fe848e42-5da3-4aab-a89a-f60a236f2664.wav,7.393
5005,Pionus maximiliani,schpar1,train/05005_Animalia_Chordata_Aves_Psittaciformes_Psittacidae_Pionus_maximiliani/0bd94bee-e1a8-49c5-935d-b2eb2bd3aeb8.wav,11.766
5005,Pionus maximiliani,schpar1,train/05005_Animalia_Chordata_Aves_Psittaciformes_Psittacidae_Pionus_maximiliani/20bdcdd4-e0e3-4ef0-a3a7-af1f87a9fd63.wav,36.786
5005,Pionus maximiliani,schpar1,train/05005_Animalia_Chordata_Aves_Psittaciformes_Psittacidae_Pionus_maximiliani/a06c7758-ffc9-4fca-9c57-00745c6bd0c1.wav,12.774
5005,Pionus maximiliani,schpar1,train/05005_Animalia_Chordata_Aves_Psittaciformes_Psittacidae_Pionus_maximiliani/b0aa27b0-032c-4e8d-a3fe-cf8afee5f136.wav,21.211
1688,Phaethornis eurynome,scther1,train/01688_Animalia_Chordata_Aves_Caprimulgiformes_Trochilidae_Phaethornis_eurynome/83b161b0-9dfe-45ae-950f-db1777abb937.wav,44.095
1688,Phaethornis eurynome,scther1,train/01688_Animalia_Chordata_Aves_Caprimulgiformes_Trochilidae_Phaethornis_eurynome/f173c2bd-3d35-4708-bf16-02490e73504a.wav,9.635
4542,Myiarchus ferox,shcfly1,train/04542_Animalia_Chordata_Aves_Passeriformes_Tyrannidae_Myiarchus_ferox/11bbd5a3-3e61-41b4-9d39-641e9730f2cc.wav,1.826
4542,Myiarchus ferox,shcfly1,train/04542_Animalia_Chordata_Aves_Passeriformes_Tyrannidae_Myiarchus_ferox/11d38f7a-2597-41ec-8d29-92a28dde72c8.wav,20.782
4542,Myiarchus ferox,shcfly1,train/04542_Animalia_Chordata_Aves_Passeriformes_Tyrannidae_Myiarchus_ferox/531ebbb8-236d-4d70-8720-0626a4f9a032.wav,3.84
4542,Myiarchus ferox,shcfly1,train/04542_Animalia_Chordata_Aves_Passeriformes_Tyrannidae_Myiarchus_ferox/8b43d4e1-af5a-486a-bb4f-719b5b10d11c.wav,12.246
4542,Myiarchus ferox,shcfly1,train/04542_Animalia_Chordata_Aves_Passeriformes_Tyrannidae_Myiarchus_ferox/ad45611d-5b8a-415e-8c84-272fff08ad6d.wav,22.114
4542,Myiarchus ferox,shcfly1,train/04542_Animalia_Chordata_Aves_Passeriformes_Tyrannidae_Myiarchus_ferox/adf125b2-793e-4119-88cf-a58960844f5e.wav,18.233
4542,Myiarchus ferox,shcfly1,train/04542_Animalia_Chordata_Aves_Passeriformes_Tyrannidae_Myiarchus_ferox/f8daaf13-8f10-4820-aad7-f645252e6c65.wav,6.886
1407,Accipiter striatus,shshaw,train/01407_Animalia_Chordata_Aves_Accipitriformes_Accipitridae_Accipiter_striatus/08bac972-54ff-4f26-904b-d6737515ade5.wav,3.241
1407,Accipiter striatus,shshaw,train/01407_Animalia_Chordata_Aves_Accipitriformes_Accipitridae_Accipiter_striatus/1601d671-c029-48df-80b6-d9637d9b84cd.wav,20.781
1407,Accipiter striatus,shshaw,train/01407_Animalia_Chordata_Aves_Accipitriformes_Accipitridae_Accipiter_striatus/3adb2eb7-b33c-4604-ae60-238b611e1742.wav,3.869
1407,Accipiter striatus,shshaw,train/01407_Animalia_Chordata_Aves_Accipitriformes_Accipitridae_Accipiter_striatus/47cd1b02-afeb-4534-94eb-893fd893f0f6.wav,58.282
1407,Accipiter striatus,shshaw,train/01407_Animalia_Chordata_Aves_Accipitriformes_Accipitridae_Accipiter_striatus/687378cb-01aa-43a3-a6d5-5c0978097b4d.wav,8.057
1407,Accipiter striatus,shshaw,train/01407_Animalia_Chordata_Aves_Accipitriformes_Accipitridae_Accipiter_striatus/6b45321f-c765-4e6e-9935-6bb84cf3ea38.wav,17.451
1407,Accipiter striatus,shshaw,train/01407_Animalia_Chordata_Aves_Accipitriformes_Accipitridae_Accipiter_striatus/70869596-8200-443f-adc4-d503bb3ad3cc.wav,35.907
1407,Accipiter striatus,shshaw,train/01407_Animalia_Chordata_Aves_Accipitriformes_Accipitridae_Accipiter_striatus/87e50f7d-33c3-4000-b2ca-54926c255a4f.wav,11.922
1407,Accipiter striatus,shshaw,train/01407_Animalia_Chordata_Aves_Accipitriformes_Accipitridae_Accipiter_striatus/8d105a43-e401-4bba-b77d-d354b59d6d01.wav,7.098
1407,Accipiter striatus,shshaw,train/01407_Animalia_Chordata_Aves_Accipitriformes_Accipitridae_Accipiter_striatus/a3751612-2165-4e95-900f-528867a21c91.wav,36.871
1407,Accipiter striatus,shshaw,train/01407_Animalia_Chordata_Aves_Accipitriformes_Accipitridae_Accipiter_striatus/a6ce76b1-6c96-45be-aae8-6e934c774ec7.wav,6.821
1407,Accipiter striatus,shshaw,train/01407_Animalia_Chordata_Aves_Accipitriformes_Accipitridae_Accipiter_striatus/af5f3f91-c755-4e10-9bd5-a1dcff344cf5.wav,20.34
1407,Accipiter striatus,shshaw,train/01407_Animalia_Chordata_Aves_Accipitriformes_Accipitridae_Accipiter_striatus/c2818bd6-0188-4bd1-9326-2e63fbfe9ca4.wav,11.076
1407,Accipiter striatus,shshaw,train/01407_Animalia_Chordata_Aves_Accipitriformes_Accipitridae_Accipiter_striatus/edcd9418-59b1-490b-a32d-5850523a6ba2.wav,32.697
1407,Accipiter striatus,shshaw,train/01407_Animalia_Chordata_Aves_Accipitriformes_Accipitridae_Accipiter_striatus/f84dc295-a340-432f-8c1f-45b7e6f5bd08.wav,6.918
1619,Lurocalis semitorquatus,shtnig1,train/01619_Animalia_Chordata_Aves_Caprimulgiformes_Caprimulgidae_Lurocalis_semitorquatus/2e59b923-3cfa-4aa8-8717-5db23e42f78f.wav,3.935
1619,Lurocalis semitorquatus,shtnig1,train/01619_Animalia_Chordata_Aves_Caprimulgiformes_Caprimulgidae_Lurocalis_semitorquatus/9fed5d21-c523-44a3-8310-b1f429c304da.wav,50.991
1619,Lurocalis semitorquatus,shtnig1,train/01619_Animalia_Chordata_Aves_Caprimulgiformes_Caprimulgidae_Lurocalis_semitorquatus/be0507db-0576-43fc-9a4a-d1eb09f0b856.wav,24.228
1619,Lurocalis semitorquatus,shtnig1,train/01619_Animalia_Chordata_Aves_Caprimulgiformes_Caprimulgidae_Lurocalis_semitorquatus/d9e77f6b-137b-49c2-9b08-3193b209e7a4.wav,29.653
4189,Ramphocelus carbo,sibtan2,train/04189_Animalia_Chordata_Aves_Passeriformes_Thraupidae_Ramphocelus_carbo/0b183e9c-882a-42ac-b0c9-4852875d0721.wav,28.2
4189,Ramphocelus carbo,sibtan2,train/04189_Animalia_Chordata_Aves_Passeriformes_Thraupidae_Ramphocelus_carbo/20f1ca55-8b02-480e-9ae7-f100000d334f.wav,4.945
4189,Ramphocelus carbo,sibtan2,train/04189_Animalia_Chordata_Aves_Passeriformes_Thraupidae_Ramphocelus_carbo/239231eb-eeb7-4e47-93bf-b9fdaafffada.wav,4.583
4189,Ramphocelus carbo,sibtan2,train/04189_Animalia_Chordata_Aves_Passeriformes_Thraupidae_Ramphocelus_carbo/d2410d6d-cac8-48ca-bd26-073cbdb91841.wav,35.376
2046,Crotophaga ani,smbani,train/02046_Animalia_Chordata_Aves_Cuculiformes_Cuculidae_Crotophaga_ani/02ab5add-961c-493e-a8f6-b5bdd19ecc15.wav,21.192
2046,Crotophaga ani,smbani,train/02046_Animalia_Chordata_Aves_Cuculiformes_Cuculidae_Crotophaga_ani/18e56250-f698-4fcf-805a-2d0e725d4e1d.wav,45.44
2046,Crotophaga ani,smbani,train/02046_Animalia_Chordata_Aves_Cuculiformes_Cuculidae_Crotophaga_ani/19d725f2-0c03-4b0d-a21f-cce9f0ea2386.wav,19.264
2046,Crotophaga ani,smbani,train/02046_Animalia_Chordata_Aves_Cuculiformes_Cuculidae_Crotophaga_ani/1fdd26c0-e987-4ef2-891a-550cd00523c4.wav,21.081
2046,Crotophaga ani,smbani,train/02046_Animalia_Chordata_Aves_Cuculiformes_Cuculidae_Crotophaga_ani/226e238b-8df2-4641-9cbd-f83e5e734edb.wav,5.424
2046,Crotophaga ani,smbani,train/02046_Animalia_Chordata_Aves_Cuculiformes_Cuculidae_Crotophaga_ani/40c017a7-4f4e-49c2-8c99-6061ea264d90.wav,18.367
2046,Crotophaga ani,smbani,train/02046_Animalia_Chordata_Aves_Cuculiformes_Cuculidae_Crotophaga_ani/41f58549-00bb-45de-ab7b-aba3fa0ae9a1.wav,7.291
2046,Crotophaga ani,smbani,train/02046_Animalia_Chordata_Aves_Cuculiformes_Cuculidae_Crotophaga_ani/5528fc5b-5728-4c60-9bab-992d4b7c283f.wav,18.294
2046,Crotophaga ani,smbani,train/02046_Animalia_Chordata_Aves_Cuculiformes_Cuculidae_Crotophaga_ani/5884e2a6-750b-4950-a007-d5aa8810b83a.wav,22.857
2046,Crotophaga ani,smbani,train/02046_Animalia_Chordata_Aves_Cuculiformes_Cuculidae_Crotophaga_ani/5ae6a33c-fd31-4ddd-acb0-961864824121.wav,7.245
2046,Crotophaga ani,smbani,train/02046_Animalia_Chordata_Aves_Cuculiformes_Cuculidae_Crotophaga_ani/6ebacec8-12b6-43df-b49c-8d04eda7188a.wav,6.986
2046,Crotophaga ani,smbani,train/02046_Animalia_Chordata_Aves_Cuculiformes_Cuculidae_Crotophaga_ani/79e17516-019c-4777-8dcd-49b9e998a6bc.wav,28.468
2046,Crotophaga ani,smbani,train/02046_Animalia_Chordata_Aves_Cuculiformes_Cuculidae_Crotophaga_ani/7b6dd361-1b55-4a05-a96e-6c6446d01b53.wav,15.978
2046,Crotophaga ani,smbani,train/02046_Animalia_Chordata_Aves_Cuculiformes_Cuculidae_Crotophaga_ani/7b868f4a-b49a-4e18-82fe-e7f603ba14ec.wav,23.68
2046,Crotophaga ani,smbani,train/02046_Animalia_Chordata_Aves_Cuculiformes_Cuculidae_Crotophaga_ani/8499a633-bb31-45bd-b6e2-8bfa1cfdeb2a.wav,41.091
2046,Crotophaga ani,smbani,train/02046_Animalia_Chordata_Aves_Cuculiformes_Cuculidae_Crotophaga_ani/99967917-3d28-478c-aa8a-8cb382754ca0.wav,20.16
2046,Crotophaga ani,smbani,train/02046_Animalia_Chordata_Aves_Cuculiformes_Cuculidae_Crotophaga_ani/a2209e7c-c80d-490e-b482-aeb2fee79420.wav,9.346
2046,Crotophaga ani,smbani,train/02046_Animalia_Chordata_Aves_Cuculiformes_Cuculidae_Crotophaga_ani/b943557d-35a5-407f-87e8-666ac0747cd4.wav,6.083
2046,Crotophaga ani,smbani,train/02046_Animalia_Chordata_Aves_Cuculiformes_Cuculidae_Crotophaga_ani/d080b5cb-3933-43e9-89ae-552b3dc16ef6.wav,13.615
2046,Crotophaga ani,smbani,train/02046_Animalia_Chordata_Aves_Cuculiformes_Cuculidae_Crotophaga_ani/d1586bba-933f-47c1-86de-5690e91c6f99.wav,5.512
2046,Crotophaga ani,smbani,train/02046_Animalia_Chordata_Aves_Cuculiformes_Cuculidae_Crotophaga_ani/d72450d4-fd3b-400f-b8b6-de84998efbfd.wav,9.874
2046,Crotophaga ani,smbani,train/02046_Animalia_Chordata_Aves_Cuculiformes_Cuculidae_Crotophaga_ani/de5d6b4b-bfbd-463e-ac41-3abafc546991.wav,24.218
2046,Crotophaga ani,smbani,train/02046_Animalia_Chordata_Aves_Cuculiformes_Cuculidae_Crotophaga_ani/e01b6908-7a21-47a7-921d-931799883620.wav,27.846
2046,Crotophaga ani,smbani,train/02046_Animalia_Chordata_Aves_Cuculiformes_Cuculidae_Crotophaga_ani/f55f1e3c-bf23-4477-a417-7c6e19f4f78e.wav,16.354
2046,Crotophaga ani,smbani,train/02046_Animalia_Chordata_Aves_Cuculiformes_Cuculidae_Crotophaga_ani/fa35ef53-8bc3-4898-bf04-58ac85f6fe0d.wav,8.29
2046,Crotophaga ani,smbani,train/02046_Animalia_Chordata_Aves_Cuculiformes_Cuculidae_Crotophaga_ani/fddcf974-326f-4077-a711-b8d085f329d4.wav,19.906
5198,Crypturellus parvirostris,smbtin1,train/05198_Animalia_Chordata_Aves_Tinamiformes_Tinamidae_Crypturellus_parvirostris/d311c2c4-38a9-4133-b0ec-51a2fc298def.wav,3.008
5198,Crypturellus parvirostris,smbtin1,train/05198_Animalia_Chordata_Aves_Tinamiformes_Tinamidae_Crypturellus_parvirostris/e303f4c8-3938-4e12-977b-2a6d56415ca4.wav,6.873
5198,Crypturellus parvirostris,smbtin1,train/05198_Animalia_Chordata_Aves_Tinamiformes_Tinamidae_Crypturellus_parvirostris/f1bf70e1-e3ef-4c0e-9f18-94d57dd24a3e.wav,39.644
5198,Crypturellus parvirostris,smbtin1,train/05198_Animalia_Chordata_Aves_Tinamiformes_Tinamidae_Crypturellus_parvirostris/f6d99ea4-9c91-47bd-b63f-82b1f0515f8a.wav,11.295
2996,Cacicus solitarius,sobcac1,train/02996_Animalia_Chordata_Aves_Passeriformes_Icteridae_Cacicus_solitarius/3ba879f4-2c5c-4c9c-8659-0f0775262c47.wav,6.159
2996,Cacicus solitarius,sobcac1,train/02996_Animalia_Chordata_Aves_Passeriformes_Icteridae_Cacicus_solitarius/41e5bdc7-8d27-4d61-acf4-8b614a0c0b36.wav,3.111
2996,Cacicus solitarius,sobcac1,train/02996_Animalia_Chordata_Aves_Passeriformes_Icteridae_Cacicus_solitarius/43e60de2-52de-428d-bad7-2e44fbf0412d.wav,18.573
2996,Cacicus solitarius,sobcac1,train/02996_Animalia_Chordata_Aves_Passeriformes_Icteridae_Cacicus_solitarius/5cab62eb-9d01-4e47-b15e-a1a4bf58c7e8.wav,6.123
2996,Cacicus solitarius,sobcac1,train/02996_Animalia_Chordata_Aves_Passeriformes_Icteridae_Cacicus_solitarius/735f73a9-0321-4492-a684-0e09dffbbe63.wav,46.672
2996,Cacicus solitarius,sobcac1,train/02996_Animalia_Chordata_Aves_Passeriformes_Icteridae_Cacicus_solitarius/915b9834-7481-4c5a-b8c2-8044374410b9.wav,15.047
2996,Cacicus solitarius,sobcac1,train/02996_Animalia_Chordata_Aves_Passeriformes_Icteridae_Cacicus_solitarius/a682bf8d-ccfa-4865-8fe8-744a590cbaad.wav,18.672
2996,Cacicus solitarius,sobcac1,train/02996_Animalia_Chordata_Aves_Passeriformes_Icteridae_Cacicus_solitarius/e43e4fce-8451-4b5c-afdc-948988637a19.wav,19.85
2996,Cacicus solitarius,sobcac1,train/02996_Animalia_Chordata_Aves_Passeriformes_Icteridae_Cacicus_solitarius/f7cb0f50-4fbf-4013-96aa-593cb6c31a93.wav,12.058
4455,Camptostoma obsoletum,sobtyr1,train/04455_Animalia_Chordata_Aves_Passeriformes_Tyrannidae_Camptostoma_obsoletum/014ac870-89d9-489a-a832-4338d3f096f8.wav,7.941
4455,Camptostoma obsoletum,sobtyr1,train/04455_Animalia_Chordata_Aves_Passeriformes_Tyrannidae_Camptostoma_obsoletum/039f054a-7d5d-4262-aa12-d25ac6cb39a8.wav,46.101
4455,Camptostoma obsoletum,sobtyr1,train/04455_Animalia_Chordata_Aves_Passeriformes_Tyrannidae_Camptostoma_obsoletum/0a9138fe-9645-4187-8252-87d9a5c0510a.wav,14.367
4455,Camptostoma obsoletum,sobtyr1,train/04455_Animalia_Chordata_Aves_Passeriformes_Tyrannidae_Camptostoma_obsoletum/1625495c-26ee-4f5e-bdaa-4b92e6670e16.wav,4.5
4455,Camptostoma obsoletum,sobtyr1,train/04455_Animalia_Chordata_Aves_Passeriformes_Tyrannidae_Camptostoma_obsoletum/1f4dbce5-84e1-495e-b3ec-a8edf5b0e356.wav,7.44
4455,Camptostoma obsoletum,sobtyr1,train/04455_Animalia_Chordata_Aves_Passeriformes_Tyrannidae_Camptostoma_obsoletum/293822a3-e8a4-4b24-ae9b-f28b64478d09.wav,2.572
4455,Camptostoma obsoletum,sobtyr1,train/04455_Animalia_Chordata_Aves_Passeriformes_Tyrannidae_Camptostoma_obsoletum/2e44ca3b-6566-4dba-ba6b-c057a4f38b00.wav,15.906
4455,Camptostoma obsoletum,sobtyr1,train/04455_Animalia_Chordata_Aves_Passeriformes_Tyrannidae_Camptostoma_obsoletum/3076cb9f-83cf-42e1-9b4c-9b19b901b42d.wav,36.502
4455,Camptostoma obsoletum,sobtyr1,train/04455_Animalia_Chordata_Aves_Passeriformes_Tyrannidae_Camptostoma_obsoletum/34c0cf92-43a6-406b-83af-013aca9fb25a.wav,5.458
4455,Camptostoma obsoletum,sobtyr1,train/04455_Animalia_Chordata_Aves_Passeriformes_Tyrannidae_Camptostoma_obsoletum/46bc56df-78f9-484e-b619-1c3ba232d1e5.wav,33.158
4455,Camptostoma obsoletum,sobtyr1,train/04455_Animalia_Chordata_Aves_Passeriformes_Tyrannidae_Camptostoma_obsoletum/57fe822f-4d29-4cb1-a4f8-7ff8141c0cd2.wav,42.504
4455,Camptostoma obsoletum,sobtyr1,train/04455_Animalia_Chordata_Aves_Passeriformes_Tyrannidae_Camptostoma_obsoletum/5f26388d-bf56-458a-a18a-063defa2fe39.wav,12.748
4455,Camptostoma obsoletum,sobtyr1,train/04455_Animalia_Chordata_Aves_Passeriformes_Tyrannidae_Camptostoma_obsoletum/6cc88677-e354-4824-9f92-3fd198cba6a2.wav,14.132
4455,Camptostoma obsoletum,sobtyr1,train/04455_Animalia_Chordata_Aves_Passeriformes_Tyrannidae_Camptostoma_obsoletum/7220323e-0a2f-44e4-b443-8ca145e34a50.wav,18.019
4455,Camptostoma obsoletum,sobtyr1,train/04455_Animalia_Chordata_Aves_Passeriformes_Tyrannidae_Camptostoma_obsoletum/77355544-9f98-4629-a753-d9c916540973.wav,97.896
4455,Camptostoma obsoletum,sobtyr1,train/04455_Animalia_Chordata_Aves_Passeriformes_Tyrannidae_Camptostoma_obsoletum/78bfefa7-c080-42d3-9b7b-c90ca35fcf43.wav,2.456
4455,Camptostoma obsoletum,sobtyr1,train/04455_Animalia_Chordata_Aves_Passeriformes_Tyrannidae_Camptostoma_obsoletum/86a41bc1-e456-4037-a7c5-b2bd4fa2a200.wav,6.229
4455,Camptostoma obsoletum,sobtyr1,train/04455_Animalia_Chordata_Aves_Passeriformes_Tyrannidae_Camptostoma_obsoletum/8cccfc51-5d1d-4e98-92da-cd4e21e3cd1b.wav,2.832
4455,Camptostoma obsoletum,sobtyr1,train/04455_Animalia_Chordata_Aves_Passeriformes_Tyrannidae_Camptostoma_obsoletum/8fc1d356-8bdc-41ad-891a-9fe98b7b032d.wav,14.861
4455,Camptostoma obsoletum,sobtyr1,train/04455_Animalia_Chordata_Aves_Passeriformes_Tyrannidae_Camptostoma_obsoletum/b5118875-ea11-4de2-9a5d-a1e62042270c.wav,5.825
4455,Camptostoma obsoletum,sobtyr1,train/04455_Animalia_Chordata_Aves_Passeriformes_Tyrannidae_Camptostoma_obsoletum/b5aa08c2-df35-4f5e-a614-c93ac043ba28.wav,14.002
4455,Camptostoma obsoletum,sobtyr1,train/04455_Animalia_Chordata_Aves_Passeriformes_Tyrannidae_Camptostoma_obsoletum/b7541962-1494-4bf6-800e-19b71dffd010.wav,14.025
4455,Camptostoma obsoletum,sobtyr1,train/04455_Animalia_Chordata_Aves_Passeriformes_Tyrannidae_Camptostoma_obsoletum/bd6c493b-497d-44c6-8809-63bf9c1b3637.wav,18.901
4455,Camptostoma obsoletum,sobtyr1,train/04455_Animalia_Chordata_Aves_Passeriformes_Tyrannidae_Camptostoma_obsoletum/c9fdc0c9-9602-47fc-8ac6-f4c25b5008a6.wav,3.342
4455,Camptostoma obsoletum,sobtyr1,train/04455_Animalia_Chordata_Aves_Passeriformes_Tyrannidae_Camptostoma_obsoletum/cfcb22bf-d7da-490b-81a1-a5baba9b271b.wav,18.158
4455,Camptostoma obsoletum,sobtyr1,train/04455_Animalia_Chordata_Aves_Passeriformes_Tyrannidae_Camptostoma_obsoletum/d60fe820-76e1-4450-824a-1dd3eec912c7.wav,6.269
4455,Camptostoma obsoletum,sobtyr1,train/04455_Animalia_Chordata_Aves_Passeriformes_Tyrannidae_Camptostoma_obsoletum/dedab96a-049f-4ff5-bb3a-906d7b714465.wav,30.43
4455,Camptostoma obsoletum,sobtyr1,train/04455_Animalia_Chordata_Aves_Passeriformes_Tyrannidae_Camptostoma_obsoletum/e41e468f-583a-4b18-8e8b-1c46b11ffd03.wav,19.951
4455,Camptostoma obsoletum,sobtyr1,train/04455_Animalia_Chordata_Aves_Passeriformes_Tyrannidae_Camptostoma_obsoletum/f95d8431-c95d-464b-b184-39ce339828c6.wav,13.328
4455,Camptostoma obsoletum,sobtyr1,train/04455_Animalia_Chordata_Aves_Passeriformes_Tyrannidae_Camptostoma_obsoletum/fe71d5c4-3d0d-48e6-8a82-57335c0385ac.wav,10.656
4455,Camptostoma obsoletum,sobtyr1,train/04455_Animalia_Chordata_Aves_Passeriformes_Tyrannidae_Camptostoma_obsoletum/fec70c62-9e90-48c0-ba7d-324cfd911713.wav,13.248
4563,Myiozetetes similis,socfly1,train/04563_Animalia_Chordata_Aves_Passeriformes_Tyrannidae_Myiozetetes_similis/0207977e-a0f2-412c-bd8d-fc4aebf31ace.wav,4.983
4563,Myiozetetes similis,socfly1,train/04563_Animalia_Chordata_Aves_Passeriformes_Tyrannidae_Myiozetetes_similis/05b47276-4f9f-420a-bc6d-fa9f485a3a5d.wav,5.043
4563,Myiozetetes similis,socfly1,train/04563_Animalia_Chordata_Aves_Passeriformes_Tyrannidae_Myiozetetes_similis/0963396e-3f0d-4d1a-9dfb-f5d32bc74d87.wav,6.721
4563,Myiozetetes similis,socfly1,train/04563_Animalia_Chordata_Aves_Passeriformes_Tyrannidae_Myiozetetes_similis/0dfdd8ed-af71-4087-80c4-d2f31defad8e.wav,10.125
4563,Myiozetetes similis,socfly1,train/04563_Animalia_Chordata_Aves_Passeriformes_Tyrannidae_Myiozetetes_similis/100653f3-6213-4786-8f58-3546744111b3.wav,21.121
4563,Myiozetetes similis,socfly1,train/04563_Animalia_Chordata_Aves_Passeriformes_Tyrannidae_Myiozetetes_similis/12a1659e-f3b8-4ee1-aa8e-20fc62fea200.wav,28.727
4563,Myiozetetes similis,socfly1,train/04563_Animalia_Chordata_Aves_Passeriformes_Tyrannidae_Myiozetetes_similis/12bc96e5-6e9d-45a7-9fc4-9bbf2c42d1ce.wav,10.773
4563,Myiozetetes similis,socfly1,train/04563_Animalia_Chordata_Aves_Passeriformes_Tyrannidae_Myiozetetes_similis/19214b0e-9492-4415-8a72-3e7808089702.wav,21.2
4563,Myiozetetes similis,socfly1,train/04563_Animalia_Chordata_Aves_Passeriformes_Tyrannidae_Myiozetetes_similis/19518b9f-047f-4b53-a9dc-f5fcc6942059.wav,48.437
4563,Myiozetetes similis,socfly1,train/04563_Animalia_Chordata_Aves_Passeriformes_Tyrannidae_Myiozetetes_similis/1de3da7f-55e4-4db7-abca-7e9eb76f6406.wav,31.319
4563,Myiozetetes similis,socfly1,train/04563_Animalia_Chordata_Aves_Passeriformes_Tyrannidae_Myiozetetes_similis/1e60f6da-0d41-4c49-9ddf-d68c8b17443d.wav,11.76
4563,Myiozetetes similis,socfly1,train/04563_Animalia_Chordata_Aves_Passeriformes_Tyrannidae_Myiozetetes_similis/1efda6e8-d9e5-4731-adb0-3acfab714fdb.wav,9.996
4563,Myiozetetes similis,socfly1,train/04563_Animalia_Chordata_Aves_Passeriformes_Tyrannidae_Myiozetetes_similis/1f1da4af-1b12-4b22-b1c8-a16671f3adc3.wav,8.4
4563,Myiozetetes similis,socfly1,train/04563_Animalia_Chordata_Aves_Passeriformes_Tyrannidae_Myiozetetes_similis/3336f69b-8981-48e3-a6a8-8eb7a0438e25.wav,28.715
4563,Myiozetetes similis,socfly1,train/04563_Animalia_Chordata_Aves_Passeriformes_Tyrannidae_Myiozetetes_similis/349d2ed5-c9a3-4788-b6d9-76ff5ab8f639.wav,11.389
4563,Myiozetetes similis,socfly1,train/04563_Animalia_Chordata_Aves_Passeriformes_Tyrannidae_Myiozetetes_similis/3591c9b7-70cb-4485-a804-9952148a5967.wav,71.576
4563,Myiozetetes similis,socfly1,train/04563_Animalia_Chordata_Aves_Passeriformes_Tyrannidae_Myiozetetes_similis/37fe6fa3-298a-46ff-a645-d95747b2680b.wav,4.226
4563,Myiozetetes similis,socfly1,train/04563_Animalia_Chordata_Aves_Passeriformes_Tyrannidae_Myiozetetes_similis/3b5af715-8f33-4f80-8df0-4e43e5127928.wav,31.403
4563,Myiozetetes similis,socfly1,train/04563_Animalia_Chordata_Aves_Passeriformes_Tyrannidae_Myiozetetes_similis/3db7e987-3a61-49f5-a9a1-ca02d9fec4a5.wav,27.888
4563,Myiozetetes similis,socfly1,train/04563_Animalia_Chordata_Aves_Passeriformes_Tyrannidae_Myiozetetes_similis/470e8303-81b2-43da-ac63-72aada577b1f.wav,13.166
4563,Myiozetetes similis,socfly1,train/04563_Animalia_Chordata_Aves_Passeriformes_Tyrannidae_Myiozetetes_similis/48f2896d-957a-4831-b1e2-3caf5e1baeb1.wav,38.104
4563,Myiozetetes similis,socfly1,train/04563_Animalia_Chordata_Aves_Passeriformes_Tyrannidae_Myiozetetes_similis/569cd2e0-78a8-4498-84e7-567054d12f5e.wav,41.61
4563,Myiozetetes similis,socfly1,train/04563_Animalia_Chordata_Aves_Passeriformes_Tyrannidae_Myiozetetes_similis/596a8be6-abe6-4d47-b279-827e47b47d4f.wav,11.331
4563,Myiozetetes similis,socfly1,train/04563_Animalia_Chordata_Aves_Passeriformes_Tyrannidae_Myiozetetes_similis/5f75057b-da3f-4244-ba52-0e757d09cbbe.wav,3.17
4563,Myiozetetes similis,socfly1,train/04563_Animalia_Chordata_Aves_Passeriformes_Tyrannidae_Myiozetetes_similis/6285a438-09fc-4256-ba96-63a36d8ed483.wav,3.583
4563,Myiozetetes similis,socfly1,train/04563_Animalia_Chordata_Aves_Passeriformes_Tyrannidae_Myiozetetes_similis/665299eb-07b1-4415-a724-e9648ee8791e.wav,10.194
4563,Myiozetetes similis,socfly1,train/04563_Animalia_Chordata_Aves_Passeriformes_Tyrannidae_Myiozetetes_similis/6a542f07-bf18-4b94-b6b8-25780ae38431.wav,7.52
4563,Myiozetetes similis,socfly1,train/04563_Animalia_Chordata_Aves_Passeriformes_Tyrannidae_Myiozetetes_similis/6dd83228-f106-4202-b0ed-53cfbd36a319.wav,66.038
4563,Myiozetetes similis,socfly1,train/04563_Animalia_Chordata_Aves_Passeriformes_Tyrannidae_Myiozetetes_similis/6e2aba8e-f2a8-47a1-ab3c-9f9b437f97d3.wav,100.45
4563,Myiozetetes similis,socfly1,train/04563_Animalia_Chordata_Aves_Passeriformes_Tyrannidae_Myiozetetes_similis/7cb950dd-d50b-449a-8cc3-655276ad5f81.wav,19.849
4563,Myiozetetes similis,socfly1,train/04563_Animalia_Chordata_Aves_Passeriformes_Tyrannidae_Myiozetetes_similis/82858908-b6e9-4e86-8aa7-b61024cfffe9.wav,13.92
4563,Myiozetetes similis,socfly1,train/04563_Animalia_Chordata_Aves_Passeriformes_Tyrannidae_Myiozetetes_similis/846bff82-5233-4f1d-974d-51e627ac8dd9.wav,10.381
4563,Myiozetetes similis,socfly1,train/04563_Animalia_Chordata_Aves_Passeriformes_Tyrannidae_Myiozetetes_similis/8546d196-7acc-429c-8931-8ef1ff545dbd.wav,8.039
4563,Myiozetetes similis,socfly1,train/04563_Animalia_Chordata_Aves_Passeriformes_Tyrannidae_Myiozetetes_similis/87f430ae-1acc-4105-bc7f-771bd610bfcc.wav,5.781
4563,Myiozetetes similis,socfly1,train/04563_Animalia_Chordata_Aves_Passeriformes_Tyrannidae_Myiozetetes_similis/8a36ba58-19be-4718-9aa4-2e593d470089.wav,34.325
4563,Myiozetetes similis,socfly1,train/04563_Animalia_Chordata_Aves_Passeriformes_Tyrannidae_Myiozetetes_similis/8acd912a-fbe2-4e6f-a383-3b6028f1e239.wav,22.779
4563,Myiozetetes similis,socfly1,train/04563_Animalia_Chordata_Aves_Passeriformes_Tyrannidae_Myiozetetes_similis/961abeaf-15af-49b2-85bc-c8362b8f7663.wav,58.096
4563,Myiozetetes similis,socfly1,train/04563_Animalia_Chordata_Aves_Passeriformes_Tyrannidae_Myiozetetes_similis/99c35af6-2abb-4143-a82c-2e9642b24a6f.wav,9.155
4563,Myiozetetes similis,socfly1,train/04563_Animalia_Chordata_Aves_Passeriformes_Tyrannidae_Myiozetetes_similis/9b57dc1e-f997-4bc3-9fca-9f9de27a616c.wav,41.535
4563,Myiozetetes similis,socfly1,train/04563_Animalia_Chordata_Aves_Passeriformes_Tyrannidae_Myiozetetes_similis/9cce2847-f2fd-4b03-b165-e41989d35535.wav,145.33
4563,Myiozetetes similis,socfly1,train/04563_Animalia_Chordata_Aves_Passeriformes_Tyrannidae_Myiozetetes_similis/a4cc865e-d9bb-4f4b-8489-d8c8dc8def48.wav,2.64
4563,Myiozetetes similis,socfly1,train/04563_Animalia_Chordata_Aves_Passeriformes_Tyrannidae_Myiozetetes_similis/aa42e45b-1170-4cb1-9d14-a7f9ecf82ead.wav,10.816
4563,Myiozetetes similis,socfly1,train/04563_Animalia_Chordata_Aves_Passeriformes_Tyrannidae_Myiozetetes_similis/abe7dc06-c58d-463b-b396-fe322b35d55f.wav,14.628
4563,Myiozetetes similis,socfly1,train/04563_Animalia_Chordata_Aves_Passeriformes_Tyrannidae_Myiozetetes_similis/af411fc2-48b3-4f0d-a21d-4bcfd7e0c2ee.wav,4.023
4563,Myiozetetes similis,socfly1,train/04563_Animalia_Chordata_Aves_Passeriformes_Tyrannidae_Myiozetetes_similis/affea6af-8c78-493d-ba93-51e9a4d61b8e.wav,5.374
4563,Myiozetetes similis,socfly1,train/04563_Animalia_Chordata_Aves_Passeriformes_Tyrannidae_Myiozetetes_similis/b28da369-7849-468f-876a-b26b344fe5f0.wav,12.722
4563,Myiozetetes similis,socfly1,train/04563_Animalia_Chordata_Aves_Passeriformes_Tyrannidae_Myiozetetes_similis/c305a07a-5daf-4851-994f-a39698043b93.wav,18.837
4563,Myiozetetes similis,socfly1,train/04563_Animalia_Chordata_Aves_Passeriformes_Tyrannidae_Myiozetetes_similis/c65ea2e1-10af-4256-bdfb-e387a5974236.wav,17.02
4563,Myiozetetes similis,socfly1,train/04563_Animalia_Chordata_Aves_Passeriformes_Tyrannidae_Myiozetetes_similis/c86b0f95-f489-42f9-8d49-81a78b57b226.wav,63.399
4563,Myiozetetes similis,socfly1,train/04563_Animalia_Chordata_Aves_Passeriformes_Tyrannidae_Myiozetetes_similis/c9902451-3204-48b6-9553-fb289f5d6dfb.wav,9.984
4563,Myiozetetes similis,socfly1,train/04563_Animalia_Chordata_Aves_Passeriformes_Tyrannidae_Myiozetetes_similis/dc2664a8-aebe-469f-965e-abb24d0eae37.wav,11.528
4563,Myiozetetes similis,socfly1,train/04563_Animalia_Chordata_Aves_Passeriformes_Tyrannidae_Myiozetetes_similis/de847665-72e0-46ae-92e9-8398da24f200.wav,10.321
4563,Myiozetetes similis,socfly1,train/04563_Animalia_Chordata_Aves_Passeriformes_Tyrannidae_Myiozetetes_similis/f238e5c9-8080-4df2-a254-86289af3cd28.wav,8.984
4563,Myiozetetes similis,socfly1,train/04563_Animalia_Chordata_Aves_Passeriformes_Tyrannidae_Myiozetetes_similis/f385a266-4832-4c42-805a-56060cf616db.wav,24.895
4563,Myiozetetes similis,socfly1,train/04563_Animalia_Chordata_Aves_Passeriformes_Tyrannidae_Myiozetetes_similis/f4c08c14-78ea-492a-b6d1-4a9bc708468d.wav,5.825
2877,Synallaxis frontalis,sofspi1,train/02877_Animalia_Chordata_Aves_Passeriformes_Furnariidae_Synallaxis_frontalis/01440560-f603-4cd0-bcfe-aca976b63a9a.wav,17.148
2877,Synallaxis frontalis,sofspi1,train/02877_Animalia_Chordata_Aves_Passeriformes_Furnariidae_Synallaxis_frontalis/046e7f4b-6e44-415f-9933-388530ece1f4.wav,9.123
2877,Synallaxis frontalis,sofspi1,train/02877_Animalia_Chordata_Aves_Passeriformes_Furnariidae_Synallaxis_frontalis/0ab7fb4c-a538-4ec5-a2a9-e84d03fda284.wav,27.56
2877,Synallaxis frontalis,sofspi1,train/02877_Animalia_Chordata_Aves_Passeriformes_Furnariidae_Synallaxis_frontalis/0b242d89-5d11-4b11-b94f-6099b35ce1f6.wav,10.62
2877,Synallaxis frontalis,sofspi1,train/02877_Animalia_Chordata_Aves_Passeriformes_Furnariidae_Synallaxis_frontalis/181911fa-d7ed-4bd8-97e3-49254594b23a.wav,20.305
2877,Synallaxis frontalis,sofspi1,train/02877_Animalia_Chordata_Aves_Passeriformes_Furnariidae_Synallaxis_frontalis/1ac79c24-b3d9-48dc-9ba2-bab204267479.wav,21.499
2877,Synallaxis frontalis,sofspi1,train/02877_Animalia_Chordata_Aves_Passeriformes_Furnariidae_Synallaxis_frontalis/2cb7b6c7-f5bc-4bb4-bc77-30889a950dc8.wav,17.148
2877,Synallaxis frontalis,sofspi1,train/02877_Animalia_Chordata_Aves_Passeriformes_Furnariidae_Synallaxis_frontalis/3616199c-273a-44eb-9e04-c93e628838e1.wav,21.637
2877,Synallaxis frontalis,sofspi1,train/02877_Animalia_Chordata_Aves_Passeriformes_Furnariidae_Synallaxis_frontalis/392dcbb7-cf65-404a-8a79-63350cbe6c71.wav,13.568
2877,Synallaxis frontalis,sofspi1,train/02877_Animalia_Chordata_Aves_Passeriformes_Furnariidae_Synallaxis_frontalis/39972817-5639-4e26-aad4-3b5897e28d4e.wav,6.74
2877,Synallaxis frontalis,sofspi1,train/02877_Animalia_Chordata_Aves_Passeriformes_Furnariidae_Synallaxis_frontalis/3b87e5f5-5ad2-4b98-9270-9d8030072a7e.wav,11.677
2877,Synallaxis frontalis,sofspi1,train/02877_Animalia_Chordata_Aves_Passeriformes_Furnariidae_Synallaxis_frontalis/3cc14b7c-9729-413b-a232-e331b9cc877a.wav,6.48
2877,Synallaxis frontalis,sofspi1,train/02877_Animalia_Chordata_Aves_Passeriformes_Furnariidae_Synallaxis_frontalis/4d00a8fe-d2ac-4d05-a187-a25431340331.wav,13.592
2877,Synallaxis frontalis,sofspi1,train/02877_Animalia_Chordata_Aves_Passeriformes_Furnariidae_Synallaxis_frontalis/518f9881-1937-4457-82e7-8789046b1f32.wav,15.726
2877,Synallaxis frontalis,sofspi1,train/02877_Animalia_Chordata_Aves_Passeriformes_Furnariidae_Synallaxis_frontalis/5a7239c1-c83c-4388-9ce2-8234dbd9f5c3.wav,26.305
2877,Synallaxis frontalis,sofspi1,train/02877_Animalia_Chordata_Aves_Passeriformes_Furnariidae_Synallaxis_frontalis/7f14f295-3cf9-4652-9440-d35b8f7e2826.wav,12.237
2877,Synallaxis frontalis,sofspi1,train/02877_Animalia_Chordata_Aves_Passeriformes_Furnariidae_Synallaxis_frontalis/82ae13c5-885c-4b84-825a-bfce0138ae27.wav,9.123
2877,Synallaxis frontalis,sofspi1,train/02877_Animalia_Chordata_Aves_Passeriformes_Furnariidae_Synallaxis_frontalis/85cbb0f6-ae5c-4391-a384-2268e6a5f348.wav,9.056
2877,Synallaxis frontalis,sofspi1,train/02877_Animalia_Chordata_Aves_Passeriformes_Furnariidae_Synallaxis_frontalis/90b668ef-256d-48ef-89dd-e58904025b9e.wav,3.146
2877,Synallaxis frontalis,sofspi1,train/02877_Animalia_Chordata_Aves_Passeriformes_Furnariidae_Synallaxis_frontalis/95027111-1d59-4249-ac8b-d7e72b5f168c.wav,24.997
2877,Synallaxis frontalis,sofspi1,train/02877_Animalia_Chordata_Aves_Passeriformes_Furnariidae_Synallaxis_frontalis/9986aced-885a-48e2-b4fd-9e6deb7b9d13.wav,11.773
2877,Synallaxis frontalis,sofspi1,train/02877_Animalia_Chordata_Aves_Passeriformes_Furnariidae_Synallaxis_frontalis/abcea2db-e24b-4a8a-8e2c-d06225e98848.wav,18.071
2877,Synallaxis frontalis,sofspi1,train/02877_Animalia_Chordata_Aves_Passeriformes_Furnariidae_Synallaxis_frontalis/af085dc0-ab02-48a1-9951-e953c21d53a9.wav,24.198
2877,Synallaxis frontalis,sofspi1,train/02877_Animalia_Chordata_Aves_Passeriformes_Furnariidae_Synallaxis_frontalis/b6fd586d-5e7e-4dcb-9a02-be37b0a5b8f0.wav,19.561
2877,Synallaxis frontalis,sofspi1,train/02877_Animalia_Chordata_Aves_Passeriformes_Furnariidae_Synallaxis_frontalis/b72b4737-da3e-4880-a7c4-bbaf5149499b.wav,55.194
2877,Synallaxis frontalis,sofspi1,train/02877_Animalia_Chordata_Aves_Passeriformes_Furnariidae_Synallaxis_frontalis/b9919d58-a573-44c9-80c1-1d21614a2233.wav,58.697
2877,Synallaxis frontalis,sofspi1,train/02877_Animalia_Chordata_Aves_Passeriformes_Furnariidae_Synallaxis_frontalis/bb8a5f29-0665-4532-b2ce-45f30bfea804.wav,1.95
2877,Synallaxis frontalis,sofspi1,train/02877_Animalia_Chordata_Aves_Passeriformes_Furnariidae_Synallaxis_frontalis/c25d8d89-1179-48bb-baaf-e15b05cd0ed5.wav,42.562
2877,Synallaxis frontalis,sofspi1,train/02877_Animalia_Chordata_Aves_Passeriformes_Furnariidae_Synallaxis_frontalis/c4109ba9-e3e6-40f4-bb5c-4a7b6b9d7096.wav,23.918
2877,Synallaxis frontalis,sofspi1,train/02877_Animalia_Chordata_Aves_Passeriformes_Furnariidae_Synallaxis_frontalis/c5527884-17ac-4ee2-8e04-6d44ee72d0f8.wav,9.195
2877,Synallaxis frontalis,sofspi1,train/02877_Animalia_Chordata_Aves_Passeriformes_Furnariidae_Synallaxis_frontalis/c63f221c-accb-4106-a77f-077816243821.wav,10.188
2877,Synallaxis frontalis,sofspi1,train/02877_Animalia_Chordata_Aves_Passeriformes_Furnariidae_Synallaxis_frontalis/cbe361cf-b2f7-47a3-8f9a-386be11b3ce2.wav,12.539
2877,Synallaxis frontalis,sofspi1,train/02877_Animalia_Chordata_Aves_Passeriformes_Furnariidae_Synallaxis_frontalis/d288269f-d0d8-4d3e-84c7-e125269e6bbb.wav,3.482
2877,Synallaxis frontalis,sofspi1,train/02877_Animalia_Chordata_Aves_Passeriformes_Furnariidae_Synallaxis_frontalis/d34e7428-b978-4a55-8c6c-b48631a93026.wav,28.16
2877,Synallaxis frontalis,sofspi1,train/02877_Animalia_Chordata_Aves_Passeriformes_Furnariidae_Synallaxis_frontalis/d66e1987-222e-457d-8343-947a07aed003.wav,60.024
2877,Synallaxis frontalis,sofspi1,train/02877_Animalia_Chordata_Aves_Passeriformes_Furnariidae_Synallaxis_frontalis/e1b903cc-4a37-430b-98fb-e6542d8e3d41.wav,21.084
2877,Synallaxis frontalis,sofspi1,train/02877_Animalia_Chordata_Aves_Passeriformes_Furnariidae_Synallaxis_frontalis/e2eea543-be0c-4c2f-97fe-1d16cff399c1.wav,10.432
2877,Synallaxis frontalis,sofspi1,train/02877_Animalia_Chordata_Aves_Passeriformes_Furnariidae_Synallaxis_frontalis/e3a44366-5cca-43fa-bd45-8991743a0e9f.wav,120.033
2877,Synallaxis frontalis,sofspi1,train/02877_Animalia_Chordata_Aves_Passeriformes_Furnariidae_Synallaxis_frontalis/e3f91334-53c0-48bd-9287-059e603ab25b.wav,6.989
2877,Synallaxis frontalis,sofspi1,train/02877_Animalia_Chordata_Aves_Passeriformes_Furnariidae_Synallaxis_frontalis/eba83133-e8c0-4529-97d7-475f48c3b7c1.wav,10.96
2877,Synallaxis frontalis,sofspi1,train/02877_Animalia_Chordata_Aves_Passeriformes_Furnariidae_Synallaxis_frontalis/f2c26798-258e-484c-8e48-159f14d89705.wav,45.12
2877,Synallaxis frontalis,sofspi1,train/02877_Animalia_Chordata_Aves_Passeriformes_Furnariidae_Synallaxis_frontalis/f3bfbfa3-44f3-4cf1-bf69-6451a3fb9fe1.wav,14.303
2877,Synallaxis frontalis,sofspi1,train/02877_Animalia_Chordata_Aves_Passeriformes_Furnariidae_Synallaxis_frontalis/f41ece6f-4f6b-4132-940f-7ff4e3932087.wav,10.495
2877,Synallaxis frontalis,sofspi1,train/02877_Animalia_Chordata_Aves_Passeriformes_Furnariidae_Synallaxis_frontalis/f536e213-5b4d-4877-90dc-11000483aec6.wav,16.694
2877,Synallaxis frontalis,sofspi1,train/02877_Animalia_Chordata_Aves_Passeriformes_Furnariidae_Synallaxis_frontalis/fda803d9-6d62-4061-8f84-0733cc5e2c3b.wav,10.28
2877,Synallaxis frontalis,sofspi1,train/02877_Animalia_Chordata_Aves_Passeriformes_Furnariidae_Synallaxis_frontalis/fe6c6715-6b94-4bb9-9d23-fa2550a6cbb9.wav,9.195
4474,Corythopis delalandi,souant1,train/04474_Animalia_Chordata_Aves_Passeriformes_Tyrannidae_Corythopis_delalandi/3953b7ee-9cfe-4372-995a-43afc21b34f4.wav,43.398
4474,Corythopis delalandi,souant1,train/04474_Animalia_Chordata_Aves_Passeriformes_Tyrannidae_Corythopis_delalandi/3ca1d68e-0bac-4ad4-853b-8cfb015b4f1c.wav,31.242
4474,Corythopis delalandi,souant1,train/04474_Animalia_Chordata_Aves_Passeriformes_Tyrannidae_Corythopis_delalandi/5f893799-4069-444c-ba94-9cbd27dca328.wav,6.071
4474,Corythopis delalandi,souant1,train/04474_Animalia_Chordata_Aves_Passeriformes_Tyrannidae_Corythopis_delalandi/cd226c03-8804-40a3-ac75-9bb1510471b0.wav,29.742
4474,Corythopis delalandi,souant1,train/04474_Animalia_Chordata_Aves_Passeriformes_Tyrannidae_Corythopis_delalandi/de148b99-5938-459b-bd7a-12608151e1d5.wav,8.02
4474,Corythopis delalandi,souant1,train/04474_Animalia_Chordata_Aves_Passeriformes_Tyrannidae_Corythopis_delalandi/efaff67b-a5a7-457c-99d8-a25808d70477.wav,4.013
1749,Vanellus chilensis,soulap1,train/01749_Animalia_Chordata_Aves_Charadriiformes_Charadriidae_Vanellus_chilensis/03db0da2-8a0a-4750-b820-c4faa32e1506.wav,4.923
1749,Vanellus chilensis,soulap1,train/01749_Animalia_Chordata_Aves_Charadriiformes_Charadriidae_Vanellus_chilensis/0b2e3140-5833-42bc-b6ee-b25a1ac12ad9.wav,23.565
1749,Vanellus chilensis,soulap1,train/01749_Animalia_Chordata_Aves_Charadriiformes_Charadriidae_Vanellus_chilensis/0b580302-1a1a-43a4-9b32-0161f5158c8d.wav,8.127
1749,Vanellus chilensis,soulap1,train/01749_Animalia_Chordata_Aves_Charadriiformes_Charadriidae_Vanellus_chilensis/183f98ab-11a2-4676-a95d-e9d54e5d6115.wav,21.432
1749,Vanellus chilensis,soulap1,train/01749_Animalia_Chordata_Aves_Charadriiformes_Charadriidae_Vanellus_chilensis/191b3d19-9131-47ca-90ae-6b5148e709d2.wav,32.832
1749,Vanellus chilensis,soulap1,train/01749_Animalia_Chordata_Aves_Charadriiformes_Charadriidae_Vanellus_chilensis/1f56cc3d-d0e3-4afd-8f67-cb8fb9dd8185.wav,16.588
1749,Vanellus chilensis,soulap1,train/01749_Animalia_Chordata_Aves_Charadriiformes_Charadriidae_Vanellus_chilensis/227c8760-5312-4eef-84ff-2c71dd9bc3ad.wav,14.037
1749,Vanellus chilensis,soulap1,train/01749_Animalia_Chordata_Aves_Charadriiformes_Charadriidae_Vanellus_chilensis/255f04b6-f2f1-42ee-bfe0-34440cbe0b46.wav,4.899
1749,Vanellus chilensis,soulap1,train/01749_Animalia_Chordata_Aves_Charadriiformes_Charadriidae_Vanellus_chilensis/2c730420-8d67-4cec-98f7-b4531fa1b0eb.wav,12.33
1749,Vanellus chilensis,soulap1,train/01749_Animalia_Chordata_Aves_Charadriiformes_Charadriidae_Vanellus_chilensis/2d85a808-d90b-4ace-bc78-a5cfc455747c.wav,11.192
1749,Vanellus chilensis,soulap1,train/01749_Animalia_Chordata_Aves_Charadriiformes_Charadriidae_Vanellus_chilensis/308fca5b-4363-4e6b-8f2a-2616ea45fa67.wav,10.484
1749,Vanellus chilensis,soulap1,train/01749_Animalia_Chordata_Aves_Charadriiformes_Charadriidae_Vanellus_chilensis/3718e8f3-c037-4f21-9ccc-0e2edc43e0ba.wav,15.743
1749,Vanellus chilensis,soulap1,train/01749_Animalia_Chordata_Aves_Charadriiformes_Charadriidae_Vanellus_chilensis/37ab1f4b-f159-4366-a743-91cbe782d00c.wav,5.443
1749,Vanellus chilensis,soulap1,train/01749_Animalia_Chordata_Aves_Charadriiformes_Charadriidae_Vanellus_chilensis/3848e55b-c39d-46b6-a2fb-aed3285e04af.wav,17.087
1749,Vanellus chilensis,soulap1,train/01749_Animalia_Chordata_Aves_Charadriiformes_Charadriidae_Vanellus_chilensis/39bf021b-09ce-427b-ac1e-eb29446cdf92.wav,11.099
1749,Vanellus chilensis,soulap1,train/01749_Animalia_Chordata_Aves_Charadriiformes_Charadriidae_Vanellus_chilensis/3ce8374f-15b0-4f25-91f7-8f1bcef83f83.wav,5.928
1749,Vanellus chilensis,soulap1,train/01749_Animalia_Chordata_Aves_Charadriiformes_Charadriidae_Vanellus_chilensis/3fb39dbf-1677-40ae-b223-984a511c353a.wav,4.859
1749,Vanellus chilensis,soulap1,train/01749_Animalia_Chordata_Aves_Charadriiformes_Charadriidae_Vanellus_chilensis/40dbfe78-4489-41ba-94b4-113a58782c8c.wav,5.748
1749,Vanellus chilensis,soulap1,train/01749_Animalia_Chordata_Aves_Charadriiformes_Charadriidae_Vanellus_chilensis/49c62651-0c9d-4d19-8b50-5e61516fe30a.wav,12.028
1749,Vanellus chilensis,soulap1,train/01749_Animalia_Chordata_Aves_Charadriiformes_Charadriidae_Vanellus_chilensis/4a6a7bee-5458-4713-9a52-224c4151182e.wav,3.007
1749,Vanellus chilensis,soulap1,train/01749_Animalia_Chordata_Aves_Charadriiformes_Charadriidae_Vanellus_chilensis/4b99fb7b-75f7-4e14-af53-131f8abd273d.wav,82.431
1749,Vanellus chilensis,soulap1,train/01749_Animalia_Chordata_Aves_Charadriiformes_Charadriidae_Vanellus_chilensis/4d9a7e12-c772-4cff-8f23-2046c8068c3c.wav,21.656
1749,Vanellus chilensis,soulap1,train/01749_Animalia_Chordata_Aves_Charadriiformes_Charadriidae_Vanellus_chilensis/53b4e797-f75c-4791-b174-46d0127abb1c.wav,13.56
1749,Vanellus chilensis,soulap1,train/01749_Animalia_Chordata_Aves_Charadriiformes_Charadriidae_Vanellus_chilensis/590b6d4f-641d-4cdc-bd9f-898143346708.wav,18.274
1749,Vanellus chilensis,soulap1,train/01749_Animalia_Chordata_Aves_Charadriiformes_Charadriidae_Vanellus_chilensis/5b86147a-c9e6-471f-b5ba-aeafcaae285d.wav,8.008
1749,Vanellus chilensis,soulap1,train/01749_Animalia_Chordata_Aves_Charadriiformes_Charadriidae_Vanellus_chilensis/62011866-6a9e-4c6f-9a20-f639ebadd737.wav,4.03
1749,Vanellus chilensis,soulap1,train/01749_Animalia_Chordata_Aves_Charadriiformes_Charadriidae_Vanellus_chilensis/6737f51c-3e1a-4369-9747-10374e45033f.wav,3.39
1749,Vanellus chilensis,soulap1,train/01749_Animalia_Chordata_Aves_Charadriiformes_Charadriidae_Vanellus_chilensis/70fb136b-d247-48c7-9ffd-05aff9c0ec3b.wav,18.831
1749,Vanellus chilensis,soulap1,train/01749_Animalia_Chordata_Aves_Charadriiformes_Charadriidae_Vanellus_chilensis/75f3037b-b988-4e2f-9026-9cfa27d25e25.wav,6.997
1749,Vanellus chilensis,soulap1,train/01749_Animalia_Chordata_Aves_Charadriiformes_Charadriidae_Vanellus_chilensis/771239ee-e6f6-46a6-9994-c57856dc0d38.wav,64.505
1749,Vanellus chilensis,soulap1,train/01749_Animalia_Chordata_Aves_Charadriiformes_Charadriidae_Vanellus_chilensis/77b3b16e-586c-4570-b4bc-99f28a458668.wav,31.979
1749,Vanellus chilensis,soulap1,train/01749_Animalia_Chordata_Aves_Charadriiformes_Charadriidae_Vanellus_chilensis/7db97e89-66fc-47ce-8954-205cbaccd2d5.wav,33.411
1749,Vanellus chilensis,soulap1,train/01749_Animalia_Chordata_Aves_Charadriiformes_Charadriidae_Vanellus_chilensis/8810af46-ddad-4e86-b5fc-1e77ec6ef6ef.wav,8.8
1749,Vanellus chilensis,soulap1,train/01749_Animalia_Chordata_Aves_Charadriiformes_Charadriidae_Vanellus_chilensis/888796f0-e2dc-49d0-a5dd-1b3538ae51d4.wav,14.037
1749,Vanellus chilensis,soulap1,train/01749_Animalia_Chordata_Aves_Charadriiformes_Charadriidae_Vanellus_chilensis/893d24fe-9e37-47f9-a67d-cc664c2c7bed.wav,41.412
1749,Vanellus chilensis,soulap1,train/01749_Animalia_Chordata_Aves_Charadriiformes_Charadriidae_Vanellus_chilensis/8a1f4051-e1fa-40ff-bf9c-ad85e509b7ea.wav,11.498
1749,Vanellus chilensis,soulap1,train/01749_Animalia_Chordata_Aves_Charadriiformes_Charadriidae_Vanellus_chilensis/8b70b00f-ac9e-4ea1-a0ca-48e4d1f687e4.wav,27.376
1749,Vanellus chilensis,soulap1,train/01749_Animalia_Chordata_Aves_Charadriiformes_Charadriidae_Vanellus_chilensis/8c9677a4-dbf5-4f88-98ce-3f183b5cda35.wav,31.765
1749,Vanellus chilensis,soulap1,train/01749_Animalia_Chordata_Aves_Charadriiformes_Charadriidae_Vanellus_chilensis/8ecfc306-9887-4cd9-8538-e9c2ed2c6168.wav,26.862
1749,Vanellus chilensis,soulap1,train/01749_Animalia_Chordata_Aves_Charadriiformes_Charadriidae_Vanellus_chilensis/90ab6422-6085-4e52-8283-d7d20f2cae30.wav,25.382
1749,Vanellus chilensis,soulap1,train/01749_Animalia_Chordata_Aves_Charadriiformes_Charadriidae_Vanellus_chilensis/996ed30e-b22a-4d3f-aa1f-c34e7657de2a.wav,3.861
1749,Vanellus chilensis,soulap1,train/01749_Animalia_Chordata_Aves_Charadriiformes_Charadriidae_Vanellus_chilensis/99b37c14-e670-46bb-9784-ccd9dcbd541c.wav,21.269
1749,Vanellus chilensis,soulap1,train/01749_Animalia_Chordata_Aves_Charadriiformes_Charadriidae_Vanellus_chilensis/99eeb6fc-2e53-440b-abbb-0a618a9c83d8.wav,20.885
1749,Vanellus chilensis,soulap1,train/01749_Animalia_Chordata_Aves_Charadriiformes_Charadriidae_Vanellus_chilensis/99fdde89-5d0c-4374-811d-5472a640166d.wav,5.658
1749,Vanellus chilensis,soulap1,train/01749_Animalia_Chordata_Aves_Charadriiformes_Charadriidae_Vanellus_chilensis/9d6af5e8-b31d-4045-b4dc-11ea71d7767d.wav,2.531
1749,Vanellus chilensis,soulap1,train/01749_Animalia_Chordata_Aves_Charadriiformes_Charadriidae_Vanellus_chilensis/aacb305c-034e-4f53-b857-8bc545384504.wav,71.146
1749,Vanellus chilensis,soulap1,train/01749_Animalia_Chordata_Aves_Charadriiformes_Charadriidae_Vanellus_chilensis/aeb08aa3-fca8-4e78-8d38-6de27a583c52.wav,45.653
1749,Vanellus chilensis,soulap1,train/01749_Animalia_Chordata_Aves_Charadriiformes_Charadriidae_Vanellus_chilensis/ba1ecc28-8960-43af-828e-01baa239513b.wav,39.868
1749,Vanellus chilensis,soulap1,train/01749_Animalia_Chordata_Aves_Charadriiformes_Charadriidae_Vanellus_chilensis/bc70d1bb-4b0c-41cc-99fe-03645c00494f.wav,10.077
1749,Vanellus chilensis,soulap1,train/01749_Animalia_Chordata_Aves_Charadriiformes_Charadriidae_Vanellus_chilensis/bdc3f570-4f8b-4ba8-b38f-705e103a3e6b.wav,11.262
1749,Vanellus chilensis,soulap1,train/01749_Animalia_Chordata_Aves_Charadriiformes_Charadriidae_Vanellus_chilensis/bfd7b5e2-b7b9-4475-8fa1-3196d594432c.wav,13.568
1749,Vanellus chilensis,soulap1,train/01749_Animalia_Chordata_Aves_Charadriiformes_Charadriidae_Vanellus_chilensis/c98f2826-3db2-4450-aae7-dfd459af1bf5.wav,20.875
1749,Vanellus chilensis,soulap1,train/01749_Animalia_Chordata_Aves_Charadriiformes_Charadriidae_Vanellus_chilensis/cbce646f-fd0b-406c-88bc-2d733b1a2280.wav,40.844
1749,Vanellus chilensis,soulap1,train/01749_Animalia_Chordata_Aves_Charadriiformes_Charadriidae_Vanellus_chilensis/cd616a2a-7513-478d-adac-4f9b6da7341d.wav,7.28
1749,Vanellus chilensis,soulap1,train/01749_Animalia_Chordata_Aves_Charadriiformes_Charadriidae_Vanellus_chilensis/cdde30f2-c851-41b2-a299-6e761e3b3299.wav,14.303
1749,Vanellus chilensis,soulap1,train/01749_Animalia_Chordata_Aves_Charadriiformes_Charadriidae_Vanellus_chilensis/d137238f-3184-4c43-a71a-79c2b5771e30.wav,10.4
1749,Vanellus chilensis,soulap1,train/01749_Animalia_Chordata_Aves_Charadriiformes_Charadriidae_Vanellus_chilensis/d2541008-912b-4edb-bd20-12306d2f0d7a.wav,20.48
1749,Vanellus chilensis,soulap1,train/01749_Animalia_Chordata_Aves_Charadriiformes_Charadriidae_Vanellus_chilensis/d77c28d2-25ec-4478-8087-cc251add5eb8.wav,9.707
1749,Vanellus chilensis,soulap1,train/01749_Animalia_Chordata_Aves_Charadriiformes_Charadriidae_Vanellus_chilensis/eaf0c9ac-9be2-4295-b712-e8c423faf147.wav,27.562
1749,Vanellus chilensis,soulap1,train/01749_Animalia_Chordata_Aves_Charadriiformes_Charadriidae_Vanellus_chilensis/f091eae1-115c-4bee-adb8-f4326b42e71c.wav,8.333
1749,Vanellus chilensis,soulap1,train/01749_Animalia_Chordata_Aves_Charadriiformes_Charadriidae_Vanellus_chilensis/f28335c6-e946-4556-99fd-6061c7556dd2.wav,5.689
1749,Vanellus chilensis,soulap1,train/01749_Animalia_Chordata_Aves_Charadriiformes_Charadriidae_Vanellus_chilensis/fb29db33-cd4a-448c-b998-2eba87a323a0.wav,9.47
1749,Vanellus chilensis,soulap1,train/01749_Animalia_Chordata_Aves_Charadriiformes_Charadriidae_Vanellus_chilensis/fd3bbaed-39c1-4b73-abcd-be8de9821499.wav,18.924
1546,Chauna torquata,souscr1,train/01546_Animalia_Chordata_Aves_Anseriformes_Anhimidae_Chauna_torquata/40c83a30-1577-4baa-bb4a-da5b88a5d908.wav,21.717
1546,Chauna torquata,souscr1,train/01546_Animalia_Chordata_Aves_Anseriformes_Anhimidae_Chauna_torquata/5cc6048a-8700-4691-b00a-97d8b443e4f2.wav,4.457
1546,Chauna torquata,souscr1,train/01546_Animalia_Chordata_Aves_Anseriformes_Anhimidae_Chauna_torquata/949eef38-773b-4a96-b2c4-484eeb6cb832.wav,3.043
1546,Chauna torquata,souscr1,train/01546_Animalia_Chordata_Aves_Anseriformes_Anhimidae_Chauna_torquata/adb1af07-2be7-49c5-95af-583d81291986.wav,14.054
1546,Chauna torquata,souscr1,train/01546_Animalia_Chordata_Aves_Anseriformes_Anhimidae_Chauna_torquata/ea6c16d8-175a-4138-bb55-34d668d065a4.wav,7.079
1546,Chauna torquata,souscr1,train/01546_Animalia_Chordata_Aves_Anseriformes_Anhimidae_Chauna_torquata/f2027add-02a5-408d-a454-0ed68403324d.wav,22.289
4029,Hypoedaleus guttatus,spbant3,train/04029_Animalia_Chordata_Aves_Passeriformes_Thamnophilidae_Hypoedaleus_guttatus/0c14038e-6d86-4992-87f4-bb298d1923ae.wav,6.508
4029,Hypoedaleus guttatus,spbant3,train/04029_Animalia_Chordata_Aves_Passeriformes_Thamnophilidae_Hypoedaleus_guttatus/11c945c2-027b-4566-b192-79b6135549a4.wav,30.46
4029,Hypoedaleus guttatus,spbant3,train/04029_Animalia_Chordata_Aves_Passeriformes_Thamnophilidae_Hypoedaleus_guttatus/1cb3aec5-b164-4686-a352-324d1bcde2f9.wav,36.918
4029,Hypoedaleus guttatus,spbant3,train/04029_Animalia_Chordata_Aves_Passeriformes_Thamnophilidae_Hypoedaleus_guttatus/2046a4c1-728b-4a21-a3ff-100b9edd4271.wav,4.298
4029,Hypoedaleus guttatus,spbant3,train/04029_Animalia_Chordata_Aves_Passeriformes_Thamnophilidae_Hypoedaleus_guttatus/338004c8-1023-46b0-8450-17aa624966c6.wav,10.135
4029,Hypoedaleus guttatus,spbant3,train/04029_Animalia_Chordata_Aves_Passeriformes_Thamnophilidae_Hypoedaleus_guttatus/34775164-96cd-43b0-8672-7173b7a6a7c5.wav,4.855
4029,Hypoedaleus guttatus,spbant3,train/04029_Animalia_Chordata_Aves_Passeriformes_Thamnophilidae_Hypoedaleus_guttatus/4bcc3115-4b0b-4c9a-96f8-ae4f881cbddd.wav,21.577
4029,Hypoedaleus guttatus,spbant3,train/04029_Animalia_Chordata_Aves_Passeriformes_Thamnophilidae_Hypoedaleus_guttatus/6a70f79a-f3af-40d5-a662-215d5db1015b.wav,31.237
4029,Hypoedaleus guttatus,spbant3,train/04029_Animalia_Chordata_Aves_Passeriformes_Thamnophilidae_Hypoedaleus_guttatus/973cc3f6-16d3-40e8-8f37-c11dc666d557.wav,25.104
4029,Hypoedaleus guttatus,spbant3,train/04029_Animalia_Chordata_Aves_Passeriformes_Thamnophilidae_Hypoedaleus_guttatus/9b0ded02-d259-475e-ad66-a68453891759.wav,14.396
4029,Hypoedaleus guttatus,spbant3,train/04029_Animalia_Chordata_Aves_Passeriformes_Thamnophilidae_Hypoedaleus_guttatus/beccea3a-9bd2-4ef3-8c77-d70186646f3b.wav,20.06
4029,Hypoedaleus guttatus,spbant3,train/04029_Animalia_Chordata_Aves_Passeriformes_Thamnophilidae_Hypoedaleus_guttatus/c4df1f19-44fb-4fa0-9b65-04eb86bed58b.wav,7.787
4029,Hypoedaleus guttatus,spbant3,train/04029_Animalia_Chordata_Aves_Passeriformes_Thamnophilidae_Hypoedaleus_guttatus/efd33514-507e-4027-8df5-c4f9b11ba6c4.wav,64.328
2888,Synallaxis spixi,spispi1,train/02888_Animalia_Chordata_Aves_Passeriformes_Furnariidae_Synallaxis_spixi/12c05d3b-7c77-489f-8a39-fbdb45d957e9.wav,25.464
2888,Synallaxis spixi,spispi1,train/02888_Animalia_Chordata_Aves_Passeriformes_Furnariidae_Synallaxis_spixi/180367df-14b4-466e-b6c8-79bc786a2ab5.wav,78.952
2888,Synallaxis spixi,spispi1,train/02888_Animalia_Chordata_Aves_Passeriformes_Furnariidae_Synallaxis_spixi/35b105df-8e54-4f96-a459-410dcc306385.wav,46.778
2888,Synallaxis spixi,spispi1,train/02888_Animalia_Chordata_Aves_Passeriformes_Furnariidae_Synallaxis_spixi/464e3495-7931-4a58-b745-9e55060d049c.wav,14.982
2888,Synallaxis spixi,spispi1,train/02888_Animalia_Chordata_Aves_Passeriformes_Furnariidae_Synallaxis_spixi/62785547-c967-4009-8a56-f521325888f8.wav,83.322
2888,Synallaxis spixi,spispi1,train/02888_Animalia_Chordata_Aves_Passeriformes_Furnariidae_Synallaxis_spixi/6894835e-7ca4-4067-8701-8864541c9e19.wav,25.081
2888,Synallaxis spixi,spispi1,train/02888_Animalia_Chordata_Aves_Passeriformes_Furnariidae_Synallaxis_spixi/70461ae6-c9a7-4b45-8da5-ad43e20164e5.wav,7.864
2888,Synallaxis spixi,spispi1,train/02888_Animalia_Chordata_Aves_Passeriformes_Furnariidae_Synallaxis_spixi/7c166b21-8519-4e06-9af6-3236fdbd3937.wav,16.3
2888,Synallaxis spixi,spispi1,train/02888_Animalia_Chordata_Aves_Passeriformes_Furnariidae_Synallaxis_spixi/883b285a-a4e5-4698-82bf-572beeafb570.wav,48.849
2888,Synallaxis spixi,spispi1,train/02888_Animalia_Chordata_Aves_Passeriformes_Furnariidae_Synallaxis_spixi/8e05afdf-5598-407c-806d-ef8d507b7985.wav,12.036
2888,Synallaxis spixi,spispi1,train/02888_Animalia_Chordata_Aves_Passeriformes_Furnariidae_Synallaxis_spixi/97e8ad7a-fb86-4a46-ad10-45d6c07ecd02.wav,7.941
2888,Synallaxis spixi,spispi1,train/02888_Animalia_Chordata_Aves_Passeriformes_Furnariidae_Synallaxis_spixi/a3730a10-b41b-4990-9f0b-cda430f8c43d.wav,15.42
2888,Synallaxis spixi,spispi1,train/02888_Animalia_Chordata_Aves_Passeriformes_Furnariidae_Synallaxis_spixi/adbed76b-12b6-4f76-90c6-4f110703248a.wav,39.397
2888,Synallaxis spixi,spispi1,train/02888_Animalia_Chordata_Aves_Passeriformes_Furnariidae_Synallaxis_spixi/b2996ab1-f117-4fe1-883a-51681bcab63e.wav,47.047
2888,Synallaxis spixi,spispi1,train/02888_Animalia_Chordata_Aves_Passeriformes_Furnariidae_Synallaxis_spixi/ba404224-5d8a-42ce-9d8d-6775e93edeb8.wav,10.325
2888,Synallaxis spixi,spispi1,train/02888_Animalia_Chordata_Aves_Passeriformes_Furnariidae_Synallaxis_spixi/c9d9d734-8615-4ceb-a019-017300af848f.wav,8.811
2888,Synallaxis spixi,spispi1,train/02888_Animalia_Chordata_Aves_Passeriformes_Furnariidae_Synallaxis_spixi/d25d7a6f-cc2b-4153-9d69-2fe4ceb59d6d.wav,8.405
2888,Synallaxis spixi,spispi1,train/02888_Animalia_Chordata_Aves_Passeriformes_Furnariidae_Synallaxis_spixi/e4f635b4-54ca-4612-9221-359ac7b19b50.wav,8.577
2888,Synallaxis spixi,spispi1,train/02888_Animalia_Chordata_Aves_Passeriformes_Furnariidae_Synallaxis_spixi/ea8d1f8d-d86d-44b4-a275-52af0c4718ca.wav,6.584
2888,Synallaxis spixi,spispi1,train/02888_Animalia_Chordata_Aves_Passeriformes_Furnariidae_Synallaxis_spixi/eeee2797-5eba-44dc-95fa-fe5a2dc90ffe.wav,17.571
2888,Synallaxis spixi,spispi1,train/02888_Animalia_Chordata_Aves_Passeriformes_Furnariidae_Synallaxis_spixi/f1501233-1818-42f7-94dc-109abe06111a.wav,44.673
2888,Synallaxis spixi,spispi1,train/02888_Animalia_Chordata_Aves_Passeriformes_Furnariidae_Synallaxis_spixi/f1caf073-e5d4-416e-9a29-71934d8a4c79.wav,17.365
2888,Synallaxis spixi,spispi1,train/02888_Animalia_Chordata_Aves_Passeriformes_Furnariidae_Synallaxis_spixi/f2ef2807-7285-4675-87c9-d5e57196486e.wav,16.562
2888,Synallaxis spixi,spispi1,train/02888_Animalia_Chordata_Aves_Passeriformes_Furnariidae_Synallaxis_spixi/f7e0601c-b9ef-4e80-be19-f9904e901617.wav,34.403
2070,Piaya cayana,squcuc1,train/02070_Animalia_Chordata_Aves_Cuculiformes_Cuculidae_Piaya_cayana/05682c89-9a76-4d44-b7b9-45c6760aa13e.wav,9.984
2070,Piaya cayana,squcuc1,train/02070_Animalia_Chordata_Aves_Cuculiformes_Cuculidae_Piaya_cayana/079a82e6-3214-424e-8e1e-901a1a4b7146.wav,60.813
2070,Piaya cayana,squcuc1,train/02070_Animalia_Chordata_Aves_Cuculiformes_Cuculidae_Piaya_cayana/1de24912-dfa5-48bc-8f4b-03ad1212c3a9.wav,19.043
2070,Piaya cayana,squcuc1,train/02070_Animalia_Chordata_Aves_Cuculiformes_Cuculidae_Piaya_cayana/1e254a55-672a-4d7f-b5b4-d1066db7976c.wav,15.177
2070,Piaya cayana,squcuc1,train/02070_Animalia_Chordata_Aves_Cuculiformes_Cuculidae_Piaya_cayana/2310147f-14ee-4c65-a8ca-cbd15496b316.wav,60.891
2070,Piaya cayana,squcuc1,train/02070_Animalia_Chordata_Aves_Cuculiformes_Cuculidae_Piaya_cayana/2bbb0e13-e450-443f-a689-b83bb95c5bc7.wav,230.388
2070,Piaya cayana,squcuc1,train/02070_Animalia_Chordata_Aves_Cuculiformes_Cuculidae_Piaya_cayana/30d391e2-9775-4a1f-bf1c-983e6f8851a1.wav,9.706
2070,Piaya cayana,squcuc1,train/02070_Animalia_Chordata_Aves_Cuculiformes_Cuculidae_Piaya_cayana/32c77c96-f522-4492-8a89-5b4714c01ce4.wav,6.456
2070,Piaya cayana,squcuc1,train/02070_Animalia_Chordata_Aves_Cuculiformes_Cuculidae_Piaya_cayana/405b57b8-f3b5-482b-a0e3-f03128adcbfe.wav,4.598
2070,Piaya cayana,squcuc1,train/02070_Animalia_Chordata_Aves_Cuculiformes_Cuculidae_Piaya_cayana/454d4420-a4e9-416b-b3b3-fa1970793fa3.wav,9.866
2070,Piaya cayana,squcuc1,train/02070_Animalia_Chordata_Aves_Cuculiformes_Cuculidae_Piaya_cayana/4e254543-2575-4594-8f52-2a73caa6d6a4.wav,2.8
2070,Piaya cayana,squcuc1,train/02070_Animalia_Chordata_Aves_Cuculiformes_Cuculidae_Piaya_cayana/60f1b55e-376f-40e3-b651-d1f04c37027a.wav,31.869
2070,Piaya cayana,squcuc1,train/02070_Animalia_Chordata_Aves_Cuculiformes_Cuculidae_Piaya_cayana/763cc7c4-3bba-4813-8a7c-8d9780d8a866.wav,31.216
2070,Piaya cayana,squcuc1,train/02070_Animalia_Chordata_Aves_Cuculiformes_Cuculidae_Piaya_cayana/77619bde-d74b-4e34-8ffb-b02dfa217998.wav,28.235
2070,Piaya cayana,squcuc1,train/02070_Animalia_Chordata_Aves_Cuculiformes_Cuculidae_Piaya_cayana/8180ec91-22fe-4e1e-af9f-373efe5c8680.wav,22.936
2070,Piaya cayana,squcuc1,train/02070_Animalia_Chordata_Aves_Cuculiformes_Cuculidae_Piaya_cayana/8b627371-5e31-47f4-9398-3a18b8d997aa.wav,7.802
2070,Piaya cayana,squcuc1,train/02070_Animalia_Chordata_Aves_Cuculiformes_Cuculidae_Piaya_cayana/91a45e33-8597-4762-8d31-11fdf4f1635c.wav,9.181
2070,Piaya cayana,squcuc1,train/02070_Animalia_Chordata_Aves_Cuculiformes_Cuculidae_Piaya_cayana/9e369f21-b607-447d-85c6-51b872d324c8.wav,19.069
2070,Piaya cayana,squcuc1,train/02070_Animalia_Chordata_Aves_Cuculiformes_Cuculidae_Piaya_cayana/9fe68ae0-72c3-4e9a-8b0f-d6f77d7f9e74.wav,29.954
2070,Piaya cayana,squcuc1,train/02070_Animalia_Chordata_Aves_Cuculiformes_Cuculidae_Piaya_cayana/a0074edf-4783-4bde-b0fa-8744b2a751d0.wav,4.2
2070,Piaya cayana,squcuc1,train/02070_Animalia_Chordata_Aves_Cuculiformes_Cuculidae_Piaya_cayana/ac7e409f-abe0-437c-838d-00b91aee6b6d.wav,29.414
2070,Piaya cayana,squcuc1,train/02070_Animalia_Chordata_Aves_Cuculiformes_Cuculidae_Piaya_cayana/b31378cb-385e-4e76-9d73-d5b89833a5eb.wav,7.245
2070,Piaya cayana,squcuc1,train/02070_Animalia_Chordata_Aves_Cuculiformes_Cuculidae_Piaya_cayana/c2977ab2-0b39-4307-a456-b0ef551ac84f.wav,18.938
2070,Piaya cayana,squcuc1,train/02070_Animalia_Chordata_Aves_Cuculiformes_Cuculidae_Piaya_cayana/c4191e47-8e3f-46b0-b414-fbfa1d5b39a7.wav,8.856
2070,Piaya cayana,squcuc1,train/02070_Animalia_Chordata_Aves_Cuculiformes_Cuculidae_Piaya_cayana/cf3d0cb0-42ef-4ada-80b0-6030761fc5d1.wav,56.977
2070,Piaya cayana,squcuc1,train/02070_Animalia_Chordata_Aves_Cuculiformes_Cuculidae_Piaya_cayana/df177345-9d8c-4b17-a625-74480c334eab.wav,7.918
2815,Dendroplex picus,stbwoo2,train/02815_Animalia_Chordata_Aves_Passeriformes_Furnariidae_Dendroplex_picus/21f7482c-f7fa-41eb-9ab4-24c0a4a2c24e.wav,21.014
2815,Dendroplex picus,stbwoo2,train/02815_Animalia_Chordata_Aves_Passeriformes_Furnariidae_Dendroplex_picus/42de4e54-a5c2-4a6a-b194-1bc8c3b12171.wav,40.49
2815,Dendroplex picus,stbwoo2,train/02815_Animalia_Chordata_Aves_Passeriformes_Furnariidae_Dendroplex_picus/5dadef5c-ea64-4999-afaf-d19aecaefbbe.wav,20.387
2815,Dendroplex picus,stbwoo2,train/02815_Animalia_Chordata_Aves_Passeriformes_Furnariidae_Dendroplex_picus/90e034dd-e111-47a8-9496-1650a6219341.wav,31.616
2815,Dendroplex picus,stbwoo2,train/02815_Animalia_Chordata_Aves_Passeriformes_Furnariidae_Dendroplex_picus/a786366b-0894-4218-b8d5-8f7f663c4728.wav,11.886
2815,Dendroplex picus,stbwoo2,train/02815_Animalia_Chordata_Aves_Passeriformes_Furnariidae_Dendroplex_picus/c7b330b0-509d-4c1c-94fd-85ee9e67b028.wav,6.416
2075,Tapera naevia,strcuc1,train/02075_Animalia_Chordata_Aves_Cuculiformes_Cuculidae_Tapera_naevia/00ccd05f-8089-4877-8f9e-5058a017c46b.wav,22.819
2075,Tapera naevia,strcuc1,train/02075_Animalia_Chordata_Aves_Cuculiformes_Cuculidae_Tapera_naevia/027fb5ca-4a66-46ff-8d1d-81fb22a5796f.wav,12.304
2075,Tapera naevia,strcuc1,train/02075_Animalia_Chordata_Aves_Cuculiformes_Cuculidae_Tapera_naevia/02f5c9cf-dae5-4aec-8c18-71ed14c261d7.wav,18.311
2075,Tapera naevia,strcuc1,train/02075_Animalia_Chordata_Aves_Cuculiformes_Cuculidae_Tapera_naevia/06f2fe98-467d-4e3a-be29-8c8581f6690d.wav,10.861
2075,Tapera naevia,strcuc1,train/02075_Animalia_Chordata_Aves_Cuculiformes_Cuculidae_Tapera_naevia/152829eb-453b-4ce3-8ee2-82f9c020caaa.wav,27.676
2075,Tapera naevia,strcuc1,train/02075_Animalia_Chordata_Aves_Cuculiformes_Cuculidae_Tapera_naevia/1845715a-d0ee-4b2a-bd8b-a3128694e273.wav,13.653
2075,Tapera naevia,strcuc1,train/02075_Animalia_Chordata_Aves_Cuculiformes_Cuculidae_Tapera_naevia/18549f5b-7e53-4efc-81d9-909168be455e.wav,14.351
2075,Tapera naevia,strcuc1,train/02075_Animalia_Chordata_Aves_Cuculiformes_Cuculidae_Tapera_naevia/198ba75c-7caa-441d-9d0b-9903e6d5c04c.wav,17.961
2075,Tapera naevia,strcuc1,train/02075_Animalia_Chordata_Aves_Cuculiformes_Cuculidae_Tapera_naevia/1b1a0ba9-bf16-494a-bd98-e7edaf869ed5.wav,21.125
2075,Tapera naevia,strcuc1,train/02075_Animalia_Chordata_Aves_Cuculiformes_Cuculidae_Tapera_naevia/256c4d01-f43b-4329-866b-9d2c983d0902.wav,28.944
2075,Tapera naevia,strcuc1,train/02075_Animalia_Chordata_Aves_Cuculiformes_Cuculidae_Tapera_naevia/3a5056a2-ef65-4362-9e53-56ea079991b6.wav,12.156
2075,Tapera naevia,strcuc1,train/02075_Animalia_Chordata_Aves_Cuculiformes_Cuculidae_Tapera_naevia/4b0fd2d6-40a1-4a97-8676-d961511c5d84.wav,29.336
2075,Tapera naevia,strcuc1,train/02075_Animalia_Chordata_Aves_Cuculiformes_Cuculidae_Tapera_naevia/60083040-5ae6-4c41-a479-08fd2af9b7a8.wav,14.629
2075,Tapera naevia,strcuc1,train/02075_Animalia_Chordata_Aves_Cuculiformes_Cuculidae_Tapera_naevia/602ffd3c-f57c-4b51-9531-f1ec709df396.wav,7.779
2075,Tapera naevia,strcuc1,train/02075_Animalia_Chordata_Aves_Cuculiformes_Cuculidae_Tapera_naevia/6563c09f-8d7b-4814-9261-3811950cd8cd.wav,30.041
2075,Tapera naevia,strcuc1,train/02075_Animalia_Chordata_Aves_Cuculiformes_Cuculidae_Tapera_naevia/7f203221-09a0-498b-8efa-6cd4d22671c9.wav,12.736
2075,Tapera naevia,strcuc1,train/02075_Animalia_Chordata_Aves_Cuculiformes_Cuculidae_Tapera_naevia/80cb44ed-9954-4f95-ae9e-36c2cb52abd3.wav,20.337
2075,Tapera naevia,strcuc1,train/02075_Animalia_Chordata_Aves_Cuculiformes_Cuculidae_Tapera_naevia/816fd4d5-f164-4195-873b-c4b03ee16ec4.wav,30.5
2075,Tapera naevia,strcuc1,train/02075_Animalia_Chordata_Aves_Cuculiformes_Cuculidae_Tapera_naevia/81e8f40f-c7d2-4715-a3b0-fbe1a8785b69.wav,20.387
2075,Tapera naevia,strcuc1,train/02075_Animalia_Chordata_Aves_Cuculiformes_Cuculidae_Tapera_naevia/84e9a0a3-15bb-408d-bea1-c5927d607373.wav,11.146
2075,Tapera naevia,strcuc1,train/02075_Animalia_Chordata_Aves_Cuculiformes_Cuculidae_Tapera_naevia/8c7b3dd2-655f-4d6d-a43f-8d9ca082820e.wav,39.039
2075,Tapera naevia,strcuc1,train/02075_Animalia_Chordata_Aves_Cuculiformes_Cuculidae_Tapera_naevia/95ead3ba-a716-495c-b9e0-514949274811.wav,11.813
2075,Tapera naevia,strcuc1,train/02075_Animalia_Chordata_Aves_Cuculiformes_Cuculidae_Tapera_naevia/973fc10b-0fc7-4094-94d9-7ec7b3308309.wav,27.66
2075,Tapera naevia,strcuc1,train/02075_Animalia_Chordata_Aves_Cuculiformes_Cuculidae_Tapera_naevia/975d8c27-e24d-4521-8a09-c322c489bc1a.wav,46.144
2075,Tapera naevia,strcuc1,train/02075_Animalia_Chordata_Aves_Cuculiformes_Cuculidae_Tapera_naevia/9b16bbc7-f492-48a7-b981-575827d2d44f.wav,20.793
2075,Tapera naevia,strcuc1,train/02075_Animalia_Chordata_Aves_Cuculiformes_Cuculidae_Tapera_naevia/9dba0d83-8271-4cfb-af96-bda52950bb13.wav,30.398
2075,Tapera naevia,strcuc1,train/02075_Animalia_Chordata_Aves_Cuculiformes_Cuculidae_Tapera_naevia/aa19ed94-7302-4835-8d9b-4151fc1a5a50.wav,8.403
2075,Tapera naevia,strcuc1,train/02075_Animalia_Chordata_Aves_Cuculiformes_Cuculidae_Tapera_naevia/b54c59e9-28ac-4908-93df-d4561b384111.wav,16.531
2075,Tapera naevia,strcuc1,train/02075_Animalia_Chordata_Aves_Cuculiformes_Cuculidae_Tapera_naevia/b8f69154-a28b-4ee1-9587-7c3715f6396d.wav,23.425
2075,Tapera naevia,strcuc1,train/02075_Animalia_Chordata_Aves_Cuculiformes_Cuculidae_Tapera_naevia/c0f0cabb-3a96-4546-b0f6-9ff0b7d9eea1.wav,21.316
2075,Tapera naevia,strcuc1,train/02075_Animalia_Chordata_Aves_Cuculiformes_Cuculidae_Tapera_naevia/c6eedf09-f966-4ba7-97c8-7d0316d5be40.wav,2.167
2075,Tapera naevia,strcuc1,train/02075_Animalia_Chordata_Aves_Cuculiformes_Cuculidae_Tapera_naevia/c77572ee-be8e-4a1a-acff-798e9a28f64e.wav,24.79
2075,Tapera naevia,strcuc1,train/02075_Animalia_Chordata_Aves_Cuculiformes_Cuculidae_Tapera_naevia/c80aa00e-3bda-4d34-beda-615bf7b0e3c4.wav,37.824
2075,Tapera naevia,strcuc1,train/02075_Animalia_Chordata_Aves_Cuculiformes_Cuculidae_Tapera_naevia/caaf19c9-e036-4730-bd8d-785c54059a37.wav,38.165
2075,Tapera naevia,strcuc1,train/02075_Animalia_Chordata_Aves_Cuculiformes_Cuculidae_Tapera_naevia/cedfba21-dcb8-4e02-8a09-e8d9c5ed45bd.wav,19.728
2075,Tapera naevia,strcuc1,train/02075_Animalia_Chordata_Aves_Cuculiformes_Cuculidae_Tapera_naevia/dbbccb40-200f-4673-ab84-2e33288a9d0c.wav,21.72
2075,Tapera naevia,strcuc1,train/02075_Animalia_Chordata_Aves_Cuculiformes_Cuculidae_Tapera_naevia/e05b47c6-b960-4761-882f-77491c97e85f.wav,8.034
2075,Tapera naevia,strcuc1,train/02075_Animalia_Chordata_Aves_Cuculiformes_Cuculidae_Tapera_naevia/e0f125c6-c1a4-42b1-bb2f-dd6d457c096b.wav,12.651
2075,Tapera naevia,strcuc1,train/02075_Animalia_Chordata_Aves_Cuculiformes_Cuculidae_Tapera_naevia/eab3cd67-c873-4581-ab69-6f83d50daab9.wav,21.525
2075,Tapera naevia,strcuc1,train/02075_Animalia_Chordata_Aves_Cuculiformes_Cuculidae_Tapera_naevia/f0b17880-b8c6-4eae-a3ca-ee19ff338147.wav,21.13
2075,Tapera naevia,strcuc1,train/02075_Animalia_Chordata_Aves_Cuculiformes_Cuculidae_Tapera_naevia/f289abc0-97a5-4438-b7cb-3eb1a1bb59ae.wav,14.629
2075,Tapera naevia,strcuc1,train/02075_Animalia_Chordata_Aves_Cuculiformes_Cuculidae_Tapera_naevia/f35a8395-ab5a-4b43-8fa0-b80e6228d4c5.wav,14.237
2075,Tapera naevia,strcuc1,train/02075_Animalia_Chordata_Aves_Cuculiformes_Cuculidae_Tapera_naevia/fcbc2000-c4f0-4df9-b141-d158bcdf7487.wav,26.401
4717,Butorides striata,strher2,train/04717_Animalia_Chordata_Aves_Pelecaniformes_Ardeidae_Butorides_striata/02201f4e-d63c-47b9-ba55-ce728cec33e3.wav,5.96
4717,Butorides striata,strher2,train/04717_Animalia_Chordata_Aves_Pelecaniformes_Ardeidae_Butorides_striata/68c6496f-b45b-4bf3-938d-e718ce1f47f5.wav,14.164
4717,Butorides striata,strher2,train/04717_Animalia_Chordata_Aves_Pelecaniformes_Ardeidae_Butorides_striata/e166b811-3f91-4549-a264-080fbc5bf3f0.wav,14.838
4717,Butorides striata,strher2,train/04717_Animalia_Chordata_Aves_Pelecaniformes_Ardeidae_Butorides_striata/f2d43dcf-7717-4e4f-a8b7-dc488aaab52f.wav,7.736
5075,Asio clamator,strowl1,train/05075_Animalia_Chordata_Aves_Strigiformes_Strigidae_Asio_clamator/17a36398-5ed5-4828-ac9e-91a0a66428a8.wav,112.944
5075,Asio clamator,strowl1,train/05075_Animalia_Chordata_Aves_Strigiformes_Strigidae_Asio_clamator/46989895-15ab-4c8b-8e21-f87ddbe46855.wav,6.822
5075,Asio clamator,strowl1,train/05075_Animalia_Chordata_Aves_Strigiformes_Strigidae_Asio_clamator/649bc5f8-3a6a-4f89-adc1-12dd2f0c2547.wav,11.259
5075,Asio clamator,strowl1,train/05075_Animalia_Chordata_Aves_Strigiformes_Strigidae_Asio_clamator/78213434-5f8b-4885-ab94-1433e2c67bf6.wav,118.443
5075,Asio clamator,strowl1,train/05075_Animalia_Chordata_Aves_Strigiformes_Strigidae_Asio_clamator/7cb4268a-3423-4f49-855d-16a8479abc8f.wav,40.008
5075,Asio clamator,strowl1,train/05075_Animalia_Chordata_Aves_Strigiformes_Strigidae_Asio_clamator/adfdfcaa-8879-4a5b-a4a9-8075c81d6fd1.wav,3.397
5075,Asio clamator,strowl1,train/05075_Animalia_Chordata_Aves_Strigiformes_Strigidae_Asio_clamator/c31ba368-a7c1-4353-b1e8-47d03b025e1a.wav,62.18
5075,Asio clamator,strowl1,train/05075_Animalia_Chordata_Aves_Strigiformes_Strigidae_Asio_clamator/cd8c3337-3564-488c-9ae7-06422ace04ec.wav,2.684
5075,Asio clamator,strowl1,train/05075_Animalia_Chordata_Aves_Strigiformes_Strigidae_Asio_clamator/e3c305a2-e3c3-492c-a3bd-57e2f19e3b6f.wav,5.2
1671,Eupetomena macroura,swthum1,train/01671_Animalia_Chordata_Aves_Caprimulgiformes_Trochilidae_Eupetomena_macroura/22fafaae-8c2c-423f-a46b-96ec0d791782.wav,7.802
1671,Eupetomena macroura,swthum1,train/01671_Animalia_Chordata_Aves_Caprimulgiformes_Trochilidae_Eupetomena_macroura/3130ca44-263f-44d5-9a2c-f3fa827e38f2.wav,15.279
1671,Eupetomena macroura,swthum1,train/01671_Animalia_Chordata_Aves_Caprimulgiformes_Trochilidae_Eupetomena_macroura/4f74020a-637c-4c21-afaa-5a65de3f0970.wav,45.479
1671,Eupetomena macroura,swthum1,train/01671_Animalia_Chordata_Aves_Caprimulgiformes_Trochilidae_Eupetomena_macroura/64d1d3b3-ed5c-4beb-804f-b9f94382badd.wav,38.4
1671,Eupetomena macroura,swthum1,train/01671_Animalia_Chordata_Aves_Caprimulgiformes_Trochilidae_Eupetomena_macroura/83026a76-40a9-4235-8e30-3b95607d1481.wav,26.112
1671,Eupetomena macroura,swthum1,train/01671_Animalia_Chordata_Aves_Caprimulgiformes_Trochilidae_Eupetomena_macroura/da4fd1bb-13c2-4c90-a486-b10cb6b306af.wav,8.981
1671,Eupetomena macroura,swthum1,train/01671_Animalia_Chordata_Aves_Caprimulgiformes_Trochilidae_Eupetomena_macroura/df8d2b88-2897-4b1b-9942-d8349fccb31e.wav,11.145
3701,Chiroxiphia caudata,swtman1,train/03701_Animalia_Chordata_Aves_Passeriformes_Pipridae_Chiroxiphia_caudata/0bc9b061-ac79-499b-b962-7cee26f72baf.wav,32.968
3701,Chiroxiphia caudata,swtman1,train/03701_Animalia_Chordata_Aves_Passeriformes_Pipridae_Chiroxiphia_caudata/0f38f0be-de67-43cd-b802-e3e84d16092b.wav,12.487
3701,Chiroxiphia caudata,swtman1,train/03701_Animalia_Chordata_Aves_Passeriformes_Pipridae_Chiroxiphia_caudata/36712e80-83a8-4724-b522-4ef5ee6a140d.wav,3.123
3701,Chiroxiphia caudata,swtman1,train/03701_Animalia_Chordata_Aves_Passeriformes_Pipridae_Chiroxiphia_caudata/3b05bb49-91c0-4a96-9b92-35dace1be56a.wav,7.38
3701,Chiroxiphia caudata,swtman1,train/03701_Animalia_Chordata_Aves_Passeriformes_Pipridae_Chiroxiphia_caudata/4b845e40-b1bd-4532-8985-93c0c06792ee.wav,9.613
3701,Chiroxiphia caudata,swtman1,train/03701_Animalia_Chordata_Aves_Passeriformes_Pipridae_Chiroxiphia_caudata/55a744fc-b07c-4838-8e87-4b66c4035861.wav,9.78
3701,Chiroxiphia caudata,swtman1,train/03701_Animalia_Chordata_Aves_Passeriformes_Pipridae_Chiroxiphia_caudata/57544b7e-608f-4ba6-9fff-36435ae2a379.wav,23.484
3701,Chiroxiphia caudata,swtman1,train/03701_Animalia_Chordata_Aves_Passeriformes_Pipridae_Chiroxiphia_caudata/5abfb01c-503e-4a6b-98d1-75e36c37c716.wav,2.059
3701,Chiroxiphia caudata,swtman1,train/03701_Animalia_Chordata_Aves_Passeriformes_Pipridae_Chiroxiphia_caudata/617ff51b-6a89-4acb-81ae-d00bca95422d.wav,15.775
3701,Chiroxiphia caudata,swtman1,train/03701_Animalia_Chordata_Aves_Passeriformes_Pipridae_Chiroxiphia_caudata/7f819b78-26be-44b2-b17c-8959ffeac4d2.wav,6.891
3701,Chiroxiphia caudata,swtman1,train/03701_Animalia_Chordata_Aves_Passeriformes_Pipridae_Chiroxiphia_caudata/86289ff8-98ae-4ac8-bca1-e43b92d8aebf.wav,11.363
3701,Chiroxiphia caudata,swtman1,train/03701_Animalia_Chordata_Aves_Passeriformes_Pipridae_Chiroxiphia_caudata/8b6b6bb8-ada2-40af-88b2-0e14cfd7a62f.wav,29.256
3701,Chiroxiphia caudata,swtman1,train/03701_Animalia_Chordata_Aves_Passeriformes_Pipridae_Chiroxiphia_caudata/96331cca-c8e7-424a-a8e6-e2e8578e6759.wav,2.722
3701,Chiroxiphia caudata,swtman1,train/03701_Animalia_Chordata_Aves_Passeriformes_Pipridae_Chiroxiphia_caudata/96e34b6b-1c64-49bc-9821-8e1cfce738de.wav,24.563
3701,Chiroxiphia caudata,swtman1,train/03701_Animalia_Chordata_Aves_Passeriformes_Pipridae_Chiroxiphia_caudata/98e78ea2-32ce-4877-8003-7dff796acb78.wav,14.97
3701,Chiroxiphia caudata,swtman1,train/03701_Animalia_Chordata_Aves_Passeriformes_Pipridae_Chiroxiphia_caudata/9e1ca335-3067-4736-8744-2765a1a09f04.wav,6.724
3701,Chiroxiphia caudata,swtman1,train/03701_Animalia_Chordata_Aves_Passeriformes_Pipridae_Chiroxiphia_caudata/ac845241-a651-4789-aadd-1cf033dfb11b.wav,25.208
3701,Chiroxiphia caudata,swtman1,train/03701_Animalia_Chordata_Aves_Passeriformes_Pipridae_Chiroxiphia_caudata/ba785011-1f94-42e8-a5b5-6566463b8821.wav,11.0
3701,Chiroxiphia caudata,swtman1,train/03701_Animalia_Chordata_Aves_Passeriformes_Pipridae_Chiroxiphia_caudata/c5549785-4aab-4c84-b8da-9e066c089b11.wav,12.098
3701,Chiroxiphia caudata,swtman1,train/03701_Animalia_Chordata_Aves_Passeriformes_Pipridae_Chiroxiphia_caudata/d86cfaf1-173e-4a39-b253-b3c665c27e54.wav,22.55
3701,Chiroxiphia caudata,swtman1,train/03701_Animalia_Chordata_Aves_Passeriformes_Pipridae_Chiroxiphia_caudata/e5334254-5db8-4e95-a4e1-13fbde6ecc2e.wav,6.873
3701,Chiroxiphia caudata,swtman1,train/03701_Animalia_Chordata_Aves_Passeriformes_Pipridae_Chiroxiphia_caudata/ea02b13c-e920-4fff-b34d-b09dbf0a87d3.wav,120.769
5201,Crypturellus tataupa,tattin1,train/05201_Animalia_Chordata_Aves_Tinamiformes_Tinamidae_Crypturellus_tataupa/0509c259-61f4-4bcd-94d4-89d3e7fc6f87.wav,63.688
5201,Crypturellus tataupa,tattin1,train/05201_Animalia_Chordata_Aves_Tinamiformes_Tinamidae_Crypturellus_tataupa/186df0a2-8bf1-443e-b3c4-1debe39027ad.wav,8.079
5201,Crypturellus tataupa,tattin1,train/05201_Animalia_Chordata_Aves_Tinamiformes_Tinamidae_Crypturellus_tataupa/1a8473d1-0c45-44c5-8d3f-9828aa4b4c69.wav,6.985
5201,Crypturellus tataupa,tattin1,train/05201_Animalia_Chordata_Aves_Tinamiformes_Tinamidae_Crypturellus_tataupa/44dfe764-c190-4bf9-b18b-c0107dd1d77c.wav,7.025
5201,Crypturellus tataupa,tattin1,train/05201_Animalia_Chordata_Aves_Tinamiformes_Tinamidae_Crypturellus_tataupa/49d65d3e-15f3-427b-b44e-83d1d3349a45.wav,5.348
5201,Crypturellus tataupa,tattin1,train/05201_Animalia_Chordata_Aves_Tinamiformes_Tinamidae_Crypturellus_tataupa/5a4de1ab-2f76-4368-a51e-f98af7b7fb0f.wav,3.808
5201,Crypturellus tataupa,tattin1,train/05201_Animalia_Chordata_Aves_Tinamiformes_Tinamidae_Crypturellus_tataupa/657a23e6-2518-41d8-80b8-2f2f7e0bdd78.wav,11.454
5201,Crypturellus tataupa,tattin1,train/05201_Animalia_Chordata_Aves_Tinamiformes_Tinamidae_Crypturellus_tataupa/6e54c36f-d1e6-4247-8b5e-954918e9d551.wav,12.5
5201,Crypturellus tataupa,tattin1,train/05201_Animalia_Chordata_Aves_Tinamiformes_Tinamidae_Crypturellus_tataupa/9f2ad003-2ded-450f-9229-598888288b11.wav,37.756
5201,Crypturellus tataupa,tattin1,train/05201_Animalia_Chordata_Aves_Tinamiformes_Tinamidae_Crypturellus_tataupa/affde973-ff5b-4fa2-b07c-1394bb10bae2.wav,31.138
5201,Crypturellus tataupa,tattin1,train/05201_Animalia_Chordata_Aves_Tinamiformes_Tinamidae_Crypturellus_tataupa/bf361b9b-e0ff-41d3-a42d-322235644027.wav,7.617
5201,Crypturellus tataupa,tattin1,train/05201_Animalia_Chordata_Aves_Tinamiformes_Tinamidae_Crypturellus_tataupa/c1dbd502-0603-4655-b8cd-f5b2ae24abad.wav,12.307
5201,Crypturellus tataupa,tattin1,train/05201_Animalia_Chordata_Aves_Tinamiformes_Tinamidae_Crypturellus_tataupa/e0fa900e-8f44-4425-98c5-68df30b03837.wav,5.237
4317,Campylorhynchus turdinus,thlwre1,train/04317_Animalia_Chordata_Aves_Passeriformes_Troglodytidae_Campylorhynchus_turdinus/144994d4-c49b-481c-9b17-8e5d2815b7c2.wav,22.144
4317,Campylorhynchus turdinus,thlwre1,train/04317_Animalia_Chordata_Aves_Passeriformes_Troglodytidae_Campylorhynchus_turdinus/14db2526-8ee1-476e-b9ec-878fced68d08.wav,5.904
4317,Campylorhynchus turdinus,thlwre1,train/04317_Animalia_Chordata_Aves_Passeriformes_Troglodytidae_Campylorhynchus_turdinus/205a9c4c-b10a-4bfe-b70f-ddbbb4a43748.wav,9.472
4317,Campylorhynchus turdinus,thlwre1,train/04317_Animalia_Chordata_Aves_Passeriformes_Troglodytidae_Campylorhynchus_turdinus/3294122c-ccf7-4f83-85e1-4934de037185.wav,32.758
4317,Campylorhynchus turdinus,thlwre1,train/04317_Animalia_Chordata_Aves_Passeriformes_Troglodytidae_Campylorhynchus_turdinus/460c4d08-ba22-4cb0-a00f-ab8669c46bc3.wav,4.256
4317,Campylorhynchus turdinus,thlwre1,train/04317_Animalia_Chordata_Aves_Passeriformes_Troglodytidae_Campylorhynchus_turdinus/4d4257ca-33b5-4eda-8cea-d57ee051f181.wav,14.401
4317,Campylorhynchus turdinus,thlwre1,train/04317_Animalia_Chordata_Aves_Passeriformes_Troglodytidae_Campylorhynchus_turdinus/7cd5918f-097e-4e6d-bbe9-79167e32376c.wav,33.202
4317,Campylorhynchus turdinus,thlwre1,train/04317_Animalia_Chordata_Aves_Passeriformes_Troglodytidae_Campylorhynchus_turdinus/a215798d-3bf9-44f8-8b9b-3290ed1d498f.wav,16.548
4317,Campylorhynchus turdinus,thlwre1,train/04317_Animalia_Chordata_Aves_Passeriformes_Troglodytidae_Campylorhynchus_turdinus/a57b4f2c-5ba2-4aca-8f2c-2ae1d3d330cc.wav,21.014
4317,Campylorhynchus turdinus,thlwre1,train/04317_Animalia_Chordata_Aves_Passeriformes_Troglodytidae_Campylorhynchus_turdinus/ca08e68f-97e0-4b0c-a1a2-432d837702bc.wav,28.607
4900,Ramphastos toco,toctou1,train/04900_Animalia_Chordata_Aves_Piciformes_Ramphastidae_Ramphastos_toco/0418974c-d15e-41dd-a1a5-2a4acd5c89ba.wav,9.718
4900,Ramphastos toco,toctou1,train/04900_Animalia_Chordata_Aves_Piciformes_Ramphastidae_Ramphastos_toco/0889f893-8e35-4ef8-ada9-d13a4b5ab32a.wav,37.88
4900,Ramphastos toco,toctou1,train/04900_Animalia_Chordata_Aves_Piciformes_Ramphastidae_Ramphastos_toco/88da2f39-438b-4a06-bace-1e361e9f986c.wav,90.044
4900,Ramphastos toco,toctou1,train/04900_Animalia_Chordata_Aves_Piciformes_Ramphastidae_Ramphastos_toco/b82e1507-b500-43bb-b6e6-3a81075163de.wav,27.544
4900,Ramphastos toco,toctou1,train/04900_Animalia_Chordata_Aves_Piciformes_Ramphastidae_Ramphastos_toco/bb48b420-de8b-47c2-b257-ab6248228ea7.wav,12.028
4900,Ramphastos toco,toctou1,train/04900_Animalia_Chordata_Aves_Piciformes_Ramphastidae_Ramphastos_toco/eaffc87e-2ddc-4ea1-a58c-c934a72b2890.wav,19.513
4639,Tyrannus melancholicus,trokin,train/04639_Animalia_Chordata_Aves_Passeriformes_Tyrannidae_Tyrannus_melancholicus/01383e26-d68d-4bc2-a1be-d82bbd09f6b2.wav,8.934
4639,Tyrannus melancholicus,trokin,train/04639_Animalia_Chordata_Aves_Passeriformes_Tyrannidae_Tyrannus_melancholicus/017df6a5-3d96-4226-88ab-d8a57387f5d6.wav,1.698
4639,Tyrannus melancholicus,trokin,train/04639_Animalia_Chordata_Aves_Passeriformes_Tyrannidae_Tyrannus_melancholicus/01bad8cd-bde6-46f6-b3ad-a4fc35177fa9.wav,21.431
4639,Tyrannus melancholicus,trokin,train/04639_Animalia_Chordata_Aves_Passeriformes_Tyrannidae_Tyrannus_melancholicus/0344453e-8a70-45e7-a290-248917d0a61f.wav,14.707
4639,Tyrannus melancholicus,trokin,train/04639_Animalia_Chordata_Aves_Passeriformes_Tyrannidae_Tyrannus_melancholicus/06021239-cdfd-48d5-b104-610a9ae79fdc.wav,5.748
4639,Tyrannus melancholicus,trokin,train/04639_Animalia_Chordata_Aves_Passeriformes_Tyrannidae_Tyrannus_melancholicus/076f7e5d-3755-4f75-a21e-36ca492b240b.wav,31.37
4639,Tyrannus melancholicus,trokin,train/04639_Animalia_Chordata_Aves_Passeriformes_Tyrannidae_Tyrannus_melancholicus/0fb40b9f-c1f2-401a-b846-3b5f493ec6a3.wav,10.228
4639,Tyrannus melancholicus,trokin,train/04639_Animalia_Chordata_Aves_Passeriformes_Tyrannidae_Tyrannus_melancholicus/1bfb252f-3c3d-443f-945a-0449efc60996.wav,35.542
4639,Tyrannus melancholicus,trokin,train/04639_Animalia_Chordata_Aves_Passeriformes_Tyrannidae_Tyrannus_melancholicus/1d83a01e-0d4a-43d0-9a3d-952f608409e3.wav,24.033
4639,Tyrannus melancholicus,trokin,train/04639_Animalia_Chordata_Aves_Passeriformes_Tyrannidae_Tyrannus_melancholicus/2151192f-3205-4c89-bf47-ab8b4ec0586b.wav,24.451
4639,Tyrannus melancholicus,trokin,train/04639_Animalia_Chordata_Aves_Passeriformes_Tyrannidae_Tyrannus_melancholicus/21c9a150-5940-4fec-8336-bd84bc6d885f.wav,19.44
4639,Tyrannus melancholicus,trokin,train/04639_Animalia_Chordata_Aves_Passeriformes_Tyrannidae_Tyrannus_melancholicus/23ee2304-936f-42cc-871e-40098f2403f3.wav,11.91
4639,Tyrannus melancholicus,trokin,train/04639_Animalia_Chordata_Aves_Passeriformes_Tyrannidae_Tyrannus_melancholicus/244eca5c-4ec1-4dd5-bcf3-c6baa6022889.wav,36.554
4639,Tyrannus melancholicus,trokin,train/04639_Animalia_Chordata_Aves_Passeriformes_Tyrannidae_Tyrannus_melancholicus/24789195-aaa3-47d3-a091-4b73a1ce55fc.wav,9.92
4639,Tyrannus melancholicus,trokin,train/04639_Animalia_Chordata_Aves_Passeriformes_Tyrannidae_Tyrannus_melancholicus/251dedf4-48f8-4423-b95e-e2b3bf382eae.wav,12.722
4639,Tyrannus melancholicus,trokin,train/04639_Animalia_Chordata_Aves_Passeriformes_Tyrannidae_Tyrannus_melancholicus/28c76139-f0c2-4703-914e-44d5b9ddd95f.wav,4.194
4639,Tyrannus melancholicus,trokin,train/04639_Animalia_Chordata_Aves_Passeriformes_Tyrannidae_Tyrannus_melancholicus/2dc47f2c-2b14-40f1-853a-d448c0b8ce32.wav,4.71
4639,Tyrannus melancholicus,trokin,train/04639_Animalia_Chordata_Aves_Passeriformes_Tyrannidae_Tyrannus_melancholicus/2ee8db3e-72df-4c52-84a2-972d2b7f6393.wav,26.122
4639,Tyrannus melancholicus,trokin,train/04639_Animalia_Chordata_Aves_Passeriformes_Tyrannidae_Tyrannus_melancholicus/314ce7cd-7a48-43b7-b9d0-e8773e1a4aa1.wav,4.736
4639,Tyrannus melancholicus,trokin,train/04639_Animalia_Chordata_Aves_Passeriformes_Tyrannidae_Tyrannus_melancholicus/373a0893-3471-4175-bc1e-2e1c4c30d813.wav,8.916
4639,Tyrannus melancholicus,trokin,train/04639_Animalia_Chordata_Aves_Passeriformes_Tyrannidae_Tyrannus_melancholicus/3796d19b-9825-4b99-9682-58141adc2d10.wav,20.352
4639,Tyrannus melancholicus,trokin,train/04639_Animalia_Chordata_Aves_Passeriformes_Tyrannidae_Tyrannus_melancholicus/39ad3574-5946-47d8-bda0-42534fee2fd7.wav,24.245
4639,Tyrannus melancholicus,trokin,train/04639_Animalia_Chordata_Aves_Passeriformes_Tyrannidae_Tyrannus_melancholicus/3f02e3c5-741a-423d-b195-58a09d003e4b.wav,23.659
4639,Tyrannus melancholicus,trokin,train/04639_Animalia_Chordata_Aves_Passeriformes_Tyrannidae_Tyrannus_melancholicus/42604e65-1c3e-4fc2-982c-974a285539ce.wav,8.832
4639,Tyrannus melancholicus,trokin,train/04639_Animalia_Chordata_Aves_Passeriformes_Tyrannidae_Tyrannus_melancholicus/42bfd327-5e5e-4a28-8c64-1572e976e417.wav,21.675
4639,Tyrannus melancholicus,trokin,train/04639_Animalia_Chordata_Aves_Passeriformes_Tyrannidae_Tyrannus_melancholicus/430f437d-5a68-4195-a422-56592ff840cb.wav,15.009
4639,Tyrannus melancholicus,trokin,train/04639_Animalia_Chordata_Aves_Passeriformes_Tyrannidae_Tyrannus_melancholicus/4828736e-e3a7-4ee4-898c-38fcaafd97bf.wav,5.008
4639,Tyrannus melancholicus,trokin,train/04639_Animalia_Chordata_Aves_Passeriformes_Tyrannidae_Tyrannus_melancholicus/5291b43f-aedb-4c09-8aa3-2912fb3c0529.wav,25.0
4639,Tyrannus melancholicus,trokin,train/04639_Animalia_Chordata_Aves_Passeriformes_Tyrannidae_Tyrannus_melancholicus/589bcff7-cbb0-4ba8-8bf6-7b29af2fd9c5.wav,7.403
4639,Tyrannus melancholicus,trokin,train/04639_Animalia_Chordata_Aves_Passeriformes_Tyrannidae_Tyrannus_melancholicus/62d0ad60-1567-49aa-8ae7-69b1b9f0a595.wav,49.273
4639,Tyrannus melancholicus,trokin,train/04639_Animalia_Chordata_Aves_Passeriformes_Tyrannidae_Tyrannus_melancholicus/62f039dc-d2bd-4007-a2aa-5f5f14d1f2b2.wav,16.17
4639,Tyrannus melancholicus,trokin,train/04639_Animalia_Chordata_Aves_Passeriformes_Tyrannidae_Tyrannus_melancholicus/643c3418-400d-4a5b-b5aa-6fcc740126c4.wav,4.36
4639,Tyrannus melancholicus,trokin,train/04639_Animalia_Chordata_Aves_Passeriformes_Tyrannidae_Tyrannus_melancholicus/654eb3ed-6920-43ec-b911-5c951e9ac387.wav,17.531
4639,Tyrannus melancholicus,trokin,train/04639_Animalia_Chordata_Aves_Passeriformes_Tyrannidae_Tyrannus_melancholicus/670cd11a-d4d3-4256-9366-83618c136810.wav,5.748
4639,Tyrannus melancholicus,trokin,train/04639_Animalia_Chordata_Aves_Passeriformes_Tyrannidae_Tyrannus_melancholicus/67801b79-6dab-424a-a034-9f84e919e877.wav,1.672
4639,Tyrannus melancholicus,trokin,train/04639_Animalia_Chordata_Aves_Passeriformes_Tyrannidae_Tyrannus_melancholicus/68f8b995-417d-4cfa-9072-271d6172360f.wav,13.0
4639,Tyrannus melancholicus,trokin,train/04639_Animalia_Chordata_Aves_Passeriformes_Tyrannidae_Tyrannus_melancholicus/6a024643-f3ea-420b-885b-c416348a0bca.wav,27.843
4639,Tyrannus melancholicus,trokin,train/04639_Animalia_Chordata_Aves_Passeriformes_Tyrannidae_Tyrannus_melancholicus/6e837054-b7f4-4380-a16b-7e6d279535d6.wav,10.323
4639,Tyrannus melancholicus,trokin,train/04639_Animalia_Chordata_Aves_Passeriformes_Tyrannidae_Tyrannus_melancholicus/6eb4a101-6847-4e68-bd75-f25c89623cae.wav,11.784
4639,Tyrannus melancholicus,trokin,train/04639_Animalia_Chordata_Aves_Passeriformes_Tyrannidae_Tyrannus_melancholicus/6fbe0e78-3c0e-44d1-ace1-fda0b566df6d.wav,12.56
4639,Tyrannus melancholicus,trokin,train/04639_Animalia_Chordata_Aves_Passeriformes_Tyrannidae_Tyrannus_melancholicus/72b70502-fb21-4def-a8bf-fcb5972c90eb.wav,12.331
4639,Tyrannus melancholicus,trokin,train/04639_Animalia_Chordata_Aves_Passeriformes_Tyrannidae_Tyrannus_melancholicus/779d9f91-4f94-413f-bc88-5b5120eb2157.wav,58.56
4639,Tyrannus melancholicus,trokin,train/04639_Animalia_Chordata_Aves_Passeriformes_Tyrannidae_Tyrannus_melancholicus/8211af83-e8ab-401a-8692-4ed27788a840.wav,67.222
4639,Tyrannus melancholicus,trokin,train/04639_Animalia_Chordata_Aves_Passeriformes_Tyrannidae_Tyrannus_melancholicus/8666c0b1-9cd3-4613-881b-080094d8abac.wav,2.855
4639,Tyrannus melancholicus,trokin,train/04639_Animalia_Chordata_Aves_Passeriformes_Tyrannidae_Tyrannus_melancholicus/86ba07b6-c33b-46d2-a0a1-e16211a2b535.wav,5.592
4639,Tyrannus melancholicus,trokin,train/04639_Animalia_Chordata_Aves_Passeriformes_Tyrannidae_Tyrannus_melancholicus/89e34411-3904-448b-9666-9842af846015.wav,53.888
4639,Tyrannus melancholicus,trokin,train/04639_Animalia_Chordata_Aves_Passeriformes_Tyrannidae_Tyrannus_melancholicus/8c523ff6-ca4c-4441-b1b4-a79f3122af6b.wav,5.952
4639,Tyrannus melancholicus,trokin,train/04639_Animalia_Chordata_Aves_Passeriformes_Tyrannidae_Tyrannus_melancholicus/8ccd020c-d98b-4e51-922e-a5a07c551ca3.wav,21.653
4639,Tyrannus melancholicus,trokin,train/04639_Animalia_Chordata_Aves_Passeriformes_Tyrannidae_Tyrannus_melancholicus/8e19e06f-e802-472d-a755-f9b984d90d9e.wav,7.04
4639,Tyrannus melancholicus,trokin,train/04639_Animalia_Chordata_Aves_Passeriformes_Tyrannidae_Tyrannus_melancholicus/8f08d57a-82bf-40ef-808a-c3fd7b48f847.wav,21.221
4639,Tyrannus melancholicus,trokin,train/04639_Animalia_Chordata_Aves_Passeriformes_Tyrannidae_Tyrannus_melancholicus/974b3197-7fef-47d6-bc9e-82ecfd360e48.wav,6.144
4639,Tyrannus melancholicus,trokin,train/04639_Animalia_Chordata_Aves_Passeriformes_Tyrannidae_Tyrannus_melancholicus/977bb0ed-a1b9-4f2f-976d-4e7e05e8b912.wav,94.227
4639,Tyrannus melancholicus,trokin,train/04639_Animalia_Chordata_Aves_Passeriformes_Tyrannidae_Tyrannus_melancholicus/98a87616-201e-4005-a46a-a6807e767ba2.wav,9.31
4639,Tyrannus melancholicus,trokin,train/04639_Animalia_Chordata_Aves_Passeriformes_Tyrannidae_Tyrannus_melancholicus/9a5e9d77-defd-4f8f-bd53-51bc15be8480.wav,16.02
4639,Tyrannus melancholicus,trokin,train/04639_Animalia_Chordata_Aves_Passeriformes_Tyrannidae_Tyrannus_melancholicus/9f9b3f14-60ca-4220-95fd-e0d20efbe7e0.wav,60.48
4639,Tyrannus melancholicus,trokin,train/04639_Animalia_Chordata_Aves_Passeriformes_Tyrannidae_Tyrannus_melancholicus/a0d9d44f-ab1a-42ae-bf1b-d5f276fb789e.wav,6.044
4639,Tyrannus melancholicus,trokin,train/04639_Animalia_Chordata_Aves_Passeriformes_Tyrannidae_Tyrannus_melancholicus/a0fc16e9-677c-4b07-a1ec-5c6f0e872fcb.wav,8.0
4639,Tyrannus melancholicus,trokin,train/04639_Animalia_Chordata_Aves_Passeriformes_Tyrannidae_Tyrannus_melancholicus/a138168e-849d-484e-b502-9c4d146817ce.wav,103.09
4639,Tyrannus melancholicus,trokin,train/04639_Animalia_Chordata_Aves_Passeriformes_Tyrannidae_Tyrannus_melancholicus/a27f2f8c-fc4e-46cc-8167-0863089fd52c.wav,13.322
4639,Tyrannus melancholicus,trokin,train/04639_Animalia_Chordata_Aves_Passeriformes_Tyrannidae_Tyrannus_melancholicus/a3c303d7-1aff-405a-8e1f-2d4b7cc6a72d.wav,4.151
4639,Tyrannus melancholicus,trokin,train/04639_Animalia_Chordata_Aves_Passeriformes_Tyrannidae_Tyrannus_melancholicus/a5a8da62-f715-42f8-b4ed-23f869b8aa96.wav,12.875
4639,Tyrannus melancholicus,trokin,train/04639_Animalia_Chordata_Aves_Passeriformes_Tyrannidae_Tyrannus_melancholicus/a5eb7f12-e5c8-4e73-a6c9-c7f56e298bb2.wav,5.921
4639,Tyrannus melancholicus,trokin,train/04639_Animalia_Chordata_Aves_Passeriformes_Tyrannidae_Tyrannus_melancholicus/a864f353-7e54-4ed1-b067-56c01b8132e7.wav,7.941
4639,Tyrannus melancholicus,trokin,train/04639_Animalia_Chordata_Aves_Passeriformes_Tyrannidae_Tyrannus_melancholicus/a881f409-66d1-46f7-8367-b441cb50e114.wav,33.437
4639,Tyrannus melancholicus,trokin,train/04639_Animalia_Chordata_Aves_Passeriformes_Tyrannidae_Tyrannus_melancholicus/ab55d479-37f6-4865-a0ca-e8768016ca7d.wav,46.951
4639,Tyrannus melancholicus,trokin,train/04639_Animalia_Chordata_Aves_Passeriformes_Tyrannidae_Tyrannus_melancholicus/ac0d3809-a6f7-4ea3-8e57-4b71084fa97b.wav,2.601
4639,Tyrannus melancholicus,trokin,train/04639_Animalia_Chordata_Aves_Passeriformes_Tyrannidae_Tyrannus_melancholicus/ac353647-d043-4ef9-b7d2-5bcab5c5d10a.wav,81.288
4639,Tyrannus melancholicus,trokin,train/04639_Animalia_Chordata_Aves_Passeriformes_Tyrannidae_Tyrannus_melancholicus/af97c8c3-b1c0-4128-b023-e815f189e6d3.wav,35.23
4639,Tyrannus melancholicus,trokin,train/04639_Animalia_Chordata_Aves_Passeriformes_Tyrannidae_Tyrannus_melancholicus/b12854a1-8089-4dea-8357-e556905a8c52.wav,36.749
4639,Tyrannus melancholicus,trokin,train/04639_Animalia_Chordata_Aves_Passeriformes_Tyrannidae_Tyrannus_melancholicus/b2e3e9a8-8f87-46d7-a8ba-382500272ef5.wav,12.2
4639,Tyrannus melancholicus,trokin,train/04639_Animalia_Chordata_Aves_Passeriformes_Tyrannidae_Tyrannus_melancholicus/b628c124-b6f3-480e-9319-4d820a5046b9.wav,2.429
4639,Tyrannus melancholicus,trokin,train/04639_Animalia_Chordata_Aves_Passeriformes_Tyrannidae_Tyrannus_melancholicus/b66c045f-8093-4d41-8995-cb535a0cdc9d.wav,24.149
4639,Tyrannus melancholicus,trokin,train/04639_Animalia_Chordata_Aves_Passeriformes_Tyrannidae_Tyrannus_melancholicus/b78bed69-6e7e-4212-9922-7575f7dbe53b.wav,14.994
4639,Tyrannus melancholicus,trokin,train/04639_Animalia_Chordata_Aves_Passeriformes_Tyrannidae_Tyrannus_melancholicus/b7e5c459-20f8-42d4-a726-6939cd50604f.wav,30.781
4639,Tyrannus melancholicus,trokin,train/04639_Animalia_Chordata_Aves_Passeriformes_Tyrannidae_Tyrannus_melancholicus/bb847e62-9d24-4c3e-a833-f5e08c875b0b.wav,23.552
4639,Tyrannus melancholicus,trokin,train/04639_Animalia_Chordata_Aves_Passeriformes_Tyrannidae_Tyrannus_melancholicus/bed5f287-bd74-4808-a093-c5db200c6e22.wav,71.721
4639,Tyrannus melancholicus,trokin,train/04639_Animalia_Chordata_Aves_Passeriformes_Tyrannidae_Tyrannus_melancholicus/bef5e5b8-c8b4-4c03-81e4-40571d593fa8.wav,46.081
4639,Tyrannus melancholicus,trokin,train/04639_Animalia_Chordata_Aves_Passeriformes_Tyrannidae_Tyrannus_melancholicus/c4111dd1-ff34-4a01-9693-895598078451.wav,7.617
4639,Tyrannus melancholicus,trokin,train/04639_Animalia_Chordata_Aves_Passeriformes_Tyrannidae_Tyrannus_melancholicus/c5554669-ae6d-4e5f-be08-c1aadb5404de.wav,28.075
4639,Tyrannus melancholicus,trokin,train/04639_Animalia_Chordata_Aves_Passeriformes_Tyrannidae_Tyrannus_melancholicus/c80e6f89-634f-4113-a3aa-1202bf835344.wav,6.297
4639,Tyrannus melancholicus,trokin,train/04639_Animalia_Chordata_Aves_Passeriformes_Tyrannidae_Tyrannus_melancholicus/cb85a28a-5aca-47b1-b6ba-f8ca731dd0a5.wav,12.323
4639,Tyrannus melancholicus,trokin,train/04639_Animalia_Chordata_Aves_Passeriformes_Tyrannidae_Tyrannus_melancholicus/ccaebc4d-bd84-4c16-90df-79635378a47f.wav,7.97
4639,Tyrannus melancholicus,trokin,train/04639_Animalia_Chordata_Aves_Passeriformes_Tyrannidae_Tyrannus_melancholicus/cf260850-a1d7-4d7b-9f7d-120eec32d75a.wav,48.158
4639,Tyrannus melancholicus,trokin,train/04639_Animalia_Chordata_Aves_Passeriformes_Tyrannidae_Tyrannus_melancholicus/cf975d3c-6e88-4145-9ea3-86c1971f4c93.wav,24.576
4639,Tyrannus melancholicus,trokin,train/04639_Animalia_Chordata_Aves_Passeriformes_Tyrannidae_Tyrannus_melancholicus/d10f7d2b-8310-4df9-8c63-6d1e9daada4c.wav,9.172
4639,Tyrannus melancholicus,trokin,train/04639_Animalia_Chordata_Aves_Passeriformes_Tyrannidae_Tyrannus_melancholicus/d26533b9-62b2-46bd-b910-73798fc36609.wav,66.64
4639,Tyrannus melancholicus,trokin,train/04639_Animalia_Chordata_Aves_Passeriformes_Tyrannidae_Tyrannus_melancholicus/d38c5583-cfd7-46b5-b758-afb197291692.wav,20.782
4639,Tyrannus melancholicus,trokin,train/04639_Animalia_Chordata_Aves_Passeriformes_Tyrannidae_Tyrannus_melancholicus/d39af209-d5d2-4adc-b759-6c8d8004a4fb.wav,29.995
4639,Tyrannus melancholicus,trokin,train/04639_Animalia_Chordata_Aves_Passeriformes_Tyrannidae_Tyrannus_melancholicus/d6110860-4e77-4ebd-a16b-cd39c1540bff.wav,16.801
4639,Tyrannus melancholicus,trokin,train/04639_Animalia_Chordata_Aves_Passeriformes_Tyrannidae_Tyrannus_melancholicus/d6321895-9350-484c-a59b-8bd7c7261b31.wav,15.256
4639,Tyrannus melancholicus,trokin,train/04639_Animalia_Chordata_Aves_Passeriformes_Tyrannidae_Tyrannus_melancholicus/d99a4a9a-eaaa-4d0a-9d2d-a00c1cad09d4.wav,44.613
4639,Tyrannus melancholicus,trokin,train/04639_Animalia_Chordata_Aves_Passeriformes_Tyrannidae_Tyrannus_melancholicus/d99aea0b-9a7e-4515-835a-4ec9c8d64f27.wav,57.841
4639,Tyrannus melancholicus,trokin,train/04639_Animalia_Chordata_Aves_Passeriformes_Tyrannidae_Tyrannus_melancholicus/e4e4bed7-7d8e-41fe-9cae-8bda217395c7.wav,19.827
4639,Tyrannus melancholicus,trokin,train/04639_Animalia_Chordata_Aves_Passeriformes_Tyrannidae_Tyrannus_melancholicus/e5c7762c-a753-479b-9477-208ce6559492.wav,33.53
4639,Tyrannus melancholicus,trokin,train/04639_Animalia_Chordata_Aves_Passeriformes_Tyrannidae_Tyrannus_melancholicus/ea3e1caa-d126-4c10-9406-a024fbed230b.wav,4.133
4639,Tyrannus melancholicus,trokin,train/04639_Animalia_Chordata_Aves_Passeriformes_Tyrannidae_Tyrannus_melancholicus/ede57f37-7a94-4487-ae50-bb56b79fa6c3.wav,5.976
4639,Tyrannus melancholicus,trokin,train/04639_Animalia_Chordata_Aves_Passeriformes_Tyrannidae_Tyrannus_melancholicus/f37bf629-41f5-45e7-8300-89b345da877d.wav,53.888
4639,Tyrannus melancholicus,trokin,train/04639_Animalia_Chordata_Aves_Passeriformes_Tyrannidae_Tyrannus_melancholicus/f741ad40-4768-4e6a-b711-9c65c4697a79.wav,13.558
4639,Tyrannus melancholicus,trokin,train/04639_Animalia_Chordata_Aves_Passeriformes_Tyrannidae_Tyrannus_melancholicus/f7dc5b3c-5e3b-4370-9b93-76b8588d2664.wav,13.077
4639,Tyrannus melancholicus,trokin,train/04639_Animalia_Chordata_Aves_Passeriformes_Tyrannidae_Tyrannus_melancholicus/f81b128e-b674-4aa7-b9c4-118858c8aaf3.wav,48.437
4639,Tyrannus melancholicus,trokin,train/04639_Animalia_Chordata_Aves_Passeriformes_Tyrannidae_Tyrannus_melancholicus/f84f0ac3-2f0d-45b7-a91e-ef42f1bc50ec.wav,32.09
4639,Tyrannus melancholicus,trokin,train/04639_Animalia_Chordata_Aves_Passeriformes_Tyrannidae_Tyrannus_melancholicus/f881fc2c-0a7e-405a-ac36-5d43722980c5.wav,32.264
4639,Tyrannus melancholicus,trokin,train/04639_Animalia_Chordata_Aves_Passeriformes_Tyrannidae_Tyrannus_melancholicus/f9775e4f-6d99-4702-a945-ce4ab6d808e7.wav,4.88
4639,Tyrannus melancholicus,trokin,train/04639_Animalia_Chordata_Aves_Passeriformes_Tyrannidae_Tyrannus_melancholicus/fb6e8341-5662-49a0-8121-2abe566d5093.wav,5.761
5111,Megascops choliba,trsowl,train/05111_Animalia_Chordata_Aves_Strigiformes_Strigidae_Megascops_choliba/048cbb48-8a24-4a45-ac13-588000286b47.wav,35.814
5111,Megascops choliba,trsowl,train/05111_Animalia_Chordata_Aves_Strigiformes_Strigidae_Megascops_choliba/04db1232-bf3e-4fa6-9173-cfa86efe9e33.wav,22.178
5111,Megascops choliba,trsowl,train/05111_Animalia_Chordata_Aves_Strigiformes_Strigidae_Megascops_choliba/08b35c63-9ebf-445d-9a9f-c46f0486dd3d.wav,25.17
5111,Megascops choliba,trsowl,train/05111_Animalia_Chordata_Aves_Strigiformes_Strigidae_Megascops_choliba/0a70e217-ad54-4dab-9326-c98f2e59e4e3.wav,61.419
5111,Megascops choliba,trsowl,train/05111_Animalia_Chordata_Aves_Strigiformes_Strigidae_Megascops_choliba/0bf61bdd-3925-40fb-b9c7-f565c6506ac5.wav,10.08
5111,Megascops choliba,trsowl,train/05111_Animalia_Chordata_Aves_Strigiformes_Strigidae_Megascops_choliba/10ce00d2-5eef-4729-a121-afa61867b099.wav,74.606
5111,Megascops choliba,trsowl,train/05111_Animalia_Chordata_Aves_Strigiformes_Strigidae_Megascops_choliba/25def672-ee6a-4434-af34-6c61cc5a01be.wav,9.662
5111,Megascops choliba,trsowl,train/05111_Animalia_Chordata_Aves_Strigiformes_Strigidae_Megascops_choliba/2986df62-82b8-40ff-910d-ffe312e84c79.wav,42.843
5111,Megascops choliba,trsowl,train/05111_Animalia_Chordata_Aves_Strigiformes_Strigidae_Megascops_choliba/29b00f7b-8d31-42b7-a304-78d8a3aca359.wav,25.565
5111,Megascops choliba,trsowl,train/05111_Animalia_Chordata_Aves_Strigiformes_Strigidae_Megascops_choliba/3e1591dc-bf6c-499c-a2a8-a82b5615647b.wav,3.175
5111,Megascops choliba,trsowl,train/05111_Animalia_Chordata_Aves_Strigiformes_Strigidae_Megascops_choliba/418c476d-605f-48a6-b9ab-0d62e13ef2ba.wav,51.325
5111,Megascops choliba,trsowl,train/05111_Animalia_Chordata_Aves_Strigiformes_Strigidae_Megascops_choliba/442cdd1e-5b30-4826-b45d-3566d0e38356.wav,5.056
5111,Megascops choliba,trsowl,train/05111_Animalia_Chordata_Aves_Strigiformes_Strigidae_Megascops_choliba/457be169-959f-48c6-be42-cbfbddc9aa5c.wav,20.434
5111,Megascops choliba,trsowl,train/05111_Animalia_Chordata_Aves_Strigiformes_Strigidae_Megascops_choliba/4a2643c9-c3f5-4728-9691-7c279e748ce8.wav,31.969
5111,Megascops choliba,trsowl,train/05111_Animalia_Chordata_Aves_Strigiformes_Strigidae_Megascops_choliba/506f32b6-4180-4cca-9b82-59c23be8fcc7.wav,50.112
5111,Megascops choliba,trsowl,train/05111_Animalia_Chordata_Aves_Strigiformes_Strigidae_Megascops_choliba/5527e4ff-5955-45a7-a1c4-4ca70ce2b547.wav,28.119
5111,Megascops choliba,trsowl,train/05111_Animalia_Chordata_Aves_Strigiformes_Strigidae_Megascops_choliba/56ccc77c-2f44-42b5-9b0e-d5a04e139eb1.wav,33.029
5111,Megascops choliba,trsowl,train/05111_Animalia_Chordata_Aves_Strigiformes_Strigidae_Megascops_choliba/5b1ae194-72ae-47d2-a06e-a4fc10ba9144.wav,20.48
5111,Megascops choliba,trsowl,train/05111_Animalia_Chordata_Aves_Strigiformes_Strigidae_Megascops_choliba/5b41d791-647e-4d17-a220-18ed508da452.wav,47.038
5111,Megascops choliba,trsowl,train/05111_Animalia_Chordata_Aves_Strigiformes_Strigidae_Megascops_choliba/5f59164a-5222-4620-8749-c7869db9d4dc.wav,37.849
5111,Megascops choliba,trsowl,train/05111_Animalia_Chordata_Aves_Strigiformes_Strigidae_Megascops_choliba/69647ac0-73a6-458d-846f-6269f1cc48ea.wav,12.597
5111,Megascops choliba,trsowl,train/05111_Animalia_Chordata_Aves_Strigiformes_Strigidae_Megascops_choliba/786137b5-88f1-49b4-ab5c-312dbc47e32d.wav,9.704
5111,Megascops choliba,trsowl,train/05111_Animalia_Chordata_Aves_Strigiformes_Strigidae_Megascops_choliba/83c47099-22e9-4d2b-b204-fa0fd4b92536.wav,60.204
5111,Megascops choliba,trsowl,train/05111_Animalia_Chordata_Aves_Strigiformes_Strigidae_Megascops_choliba/84da4fd3-4f6d-45f0-ace3-659cdc9a6792.wav,6.48
5111,Megascops choliba,trsowl,train/05111_Animalia_Chordata_Aves_Strigiformes_Strigidae_Megascops_choliba/87fd252c-d7e5-482a-8f4f-e5413fbdc1e8.wav,2.694
5111,Megascops choliba,trsowl,train/05111_Animalia_Chordata_Aves_Strigiformes_Strigidae_Megascops_choliba/88d8c22b-fb9f-4bd6-875b-e853d5860ea4.wav,35.68
5111,Megascops choliba,trsowl,train/05111_Animalia_Chordata_Aves_Strigiformes_Strigidae_Megascops_choliba/8e0c8969-ae02-43af-aeac-54edf200a84d.wav,20.48
5111,Megascops choliba,trsowl,train/05111_Animalia_Chordata_Aves_Strigiformes_Strigidae_Megascops_choliba/92bb702d-5c37-4264-885b-0364280b07b3.wav,38.528
5111,Megascops choliba,trsowl,train/05111_Animalia_Chordata_Aves_Strigiformes_Strigidae_Megascops_choliba/9b7386bd-941c-437b-bc08-4663608df50a.wav,22.616
5111,Megascops choliba,trsowl,train/05111_Animalia_Chordata_Aves_Strigiformes_Strigidae_Megascops_choliba/a41c8a60-b02b-44ec-b2c4-8d7cb8cfb5e7.wav,16.461
5111,Megascops choliba,trsowl,train/05111_Animalia_Chordata_Aves_Strigiformes_Strigidae_Megascops_choliba/ab690067-dd47-4120-b539-bb5b33b67c7c.wav,21.055
5111,Megascops choliba,trsowl,train/05111_Animalia_Chordata_Aves_Strigiformes_Strigidae_Megascops_choliba/acf74583-48e7-412a-9859-d548e8fb6721.wav,59.488
5111,Megascops choliba,trsowl,train/05111_Animalia_Chordata_Aves_Strigiformes_Strigidae_Megascops_choliba/b053bc88-7931-425c-9860-579e4cc82258.wav,5.004
5111,Megascops choliba,trsowl,train/05111_Animalia_Chordata_Aves_Strigiformes_Strigidae_Megascops_choliba/b2353630-e1a3-47bc-accd-d8675b54d703.wav,25.302
5111,Megascops choliba,trsowl,train/05111_Animalia_Chordata_Aves_Strigiformes_Strigidae_Megascops_choliba/b713ee11-5c3c-4d60-ba4b-49c1be21d411.wav,36.8
5111,Megascops choliba,trsowl,train/05111_Animalia_Chordata_Aves_Strigiformes_Strigidae_Megascops_choliba/b8d18c53-6234-4582-9172-1eac2106a2d6.wav,23.019
5111,Megascops choliba,trsowl,train/05111_Animalia_Chordata_Aves_Strigiformes_Strigidae_Megascops_choliba/b8e30ef8-5a66-4359-b30b-07909168f022.wav,22.336
5111,Megascops choliba,trsowl,train/05111_Animalia_Chordata_Aves_Strigiformes_Strigidae_Megascops_choliba/b934040c-9891-4618-857f-38ae32ae9ada.wav,19.08
5111,Megascops choliba,trsowl,train/05111_Animalia_Chordata_Aves_Strigiformes_Strigidae_Megascops_choliba/c16a8af7-7490-4a73-aa50-d07283400d90.wav,50.155
5111,Megascops choliba,trsowl,train/05111_Animalia_Chordata_Aves_Strigiformes_Strigidae_Megascops_choliba/c40da5dd-1da9-41bf-9d39-0369ea10fcec.wav,31.296
5111,Megascops choliba,trsowl,train/05111_Animalia_Chordata_Aves_Strigiformes_Strigidae_Megascops_choliba/c9fdb1b1-2f5f-439a-8cb7-cfcc123a54b4.wav,19.439
5111,Megascops choliba,trsowl,train/05111_Animalia_Chordata_Aves_Strigiformes_Strigidae_Megascops_choliba/ce375979-4f3f-4b39-a340-8e47d8658df7.wav,18.228
5111,Megascops choliba,trsowl,train/05111_Animalia_Chordata_Aves_Strigiformes_Strigidae_Megascops_choliba/d5d74101-0845-4e94-9816-2bc969563c9c.wav,93.135
5111,Megascops choliba,trsowl,train/05111_Animalia_Chordata_Aves_Strigiformes_Strigidae_Megascops_choliba/dd147b78-72d8-4811-8a7d-7316b87a3758.wav,10.542
5111,Megascops choliba,trsowl,train/05111_Animalia_Chordata_Aves_Strigiformes_Strigidae_Megascops_choliba/e186115f-2c19-44ac-9086-c2fd820e30be.wav,5.424
5111,Megascops choliba,trsowl,train/05111_Animalia_Chordata_Aves_Strigiformes_Strigidae_Megascops_choliba/e28d4c5b-fe8a-4789-a6b2-66b145942461.wav,41.872
5111,Megascops choliba,trsowl,train/05111_Animalia_Chordata_Aves_Strigiformes_Strigidae_Megascops_choliba/e4ae519f-f709-497c-9ff4-c7686964edb7.wav,14.234
5111,Megascops choliba,trsowl,train/05111_Animalia_Chordata_Aves_Strigiformes_Strigidae_Megascops_choliba/f0c10354-456e-4bcb-9af4-070a2d6fc37e.wav,46.993
5111,Megascops choliba,trsowl,train/05111_Animalia_Chordata_Aves_Strigiformes_Strigidae_Megascops_choliba/f3784f3b-d294-4373-b71d-dc550b2fcaef.wav,34.296
5111,Megascops choliba,trsowl,train/05111_Animalia_Chordata_Aves_Strigiformes_Strigidae_Megascops_choliba/f43307e0-70f9-49ee-a290-c7fc07ff6f4d.wav,41.067
5111,Megascops choliba,trsowl,train/05111_Animalia_Chordata_Aves_Strigiformes_Strigidae_Megascops_choliba/f58d960f-0ec6-41ca-853b-58569947bbcb.wav,31.296
5111,Megascops choliba,trsowl,train/05111_Animalia_Chordata_Aves_Strigiformes_Strigidae_Megascops_choliba/fc94e19b-8183-4174-ae8a-91d64a5779a4.wav,28.009
5203,Crypturellus undulatus,undtin1,train/05203_Animalia_Chordata_Aves_Tinamiformes_Tinamidae_Crypturellus_undulatus/080f2dab-d117-4c81-96af-762214271f3b.wav,37.477
5203,Crypturellus undulatus,undtin1,train/05203_Animalia_Chordata_Aves_Tinamiformes_Tinamidae_Crypturellus_undulatus/478b18c1-c424-40b4-aa29-223146dd6883.wav,23.842
5203,Crypturellus undulatus,undtin1,train/05203_Animalia_Chordata_Aves_Tinamiformes_Tinamidae_Crypturellus_undulatus/886f4b79-a677-4b01-9def-5af9ba68c044.wav,33.384
5203,Crypturellus undulatus,undtin1,train/05203_Animalia_Chordata_Aves_Tinamiformes_Tinamidae_Crypturellus_undulatus/9d3e8b1a-3eca-4635-b0c6-f3ebcb4bba66.wav,12.771
5203,Crypturellus undulatus,undtin1,train/05203_Animalia_Chordata_Aves_Tinamiformes_Tinamidae_Crypturellus_undulatus/a7a498a9-e8ff-43fd-8355-4e1480ea2146.wav,16.296
5203,Crypturellus undulatus,undtin1,train/05203_Animalia_Chordata_Aves_Tinamiformes_Tinamidae_Crypturellus_undulatus/e4af710b-89ef-4699-8a7c-81ac7420d7cb.wav,3.391
5203,Crypturellus undulatus,undtin1,train/05203_Animalia_Chordata_Aves_Tinamiformes_Tinamidae_Crypturellus_undulatus/fdbe56da-bda7-444a-bb7b-716634dbe50a.wav,4.78
4094,Thamnophilus caerulescens,varant1,train/04094_Animalia_Chordata_Aves_Passeriformes_Thamnophilidae_Thamnophilus_caerulescens/24d7cad2-4ee4-4c88-890e-85606afa1de5.wav,17.655
4094,Thamnophilus caerulescens,varant1,train/04094_Animalia_Chordata_Aves_Passeriformes_Thamnophilidae_Thamnophilus_caerulescens/2ea989d6-3c0c-4dc3-93f8-381339a553eb.wav,16.9
4094,Thamnophilus caerulescens,varant1,train/04094_Animalia_Chordata_Aves_Passeriformes_Thamnophilidae_Thamnophilus_caerulescens/37d64a7e-93a5-4a99-b022-0142ef5d0287.wav,12.435
4094,Thamnophilus caerulescens,varant1,train/04094_Animalia_Chordata_Aves_Passeriformes_Thamnophilidae_Thamnophilus_caerulescens/41a9ffcd-4c4f-465e-8cb9-5b0e1244a9c2.wav,6.625
4094,Thamnophilus caerulescens,varant1,train/04094_Animalia_Chordata_Aves_Passeriformes_Thamnophilidae_Thamnophilus_caerulescens/5693832e-5134-4367-82ad-09c6348de1e7.wav,30.938
4094,Thamnophilus caerulescens,varant1,train/04094_Animalia_Chordata_Aves_Passeriformes_Thamnophilidae_Thamnophilus_caerulescens/5fc2c107-e4c7-4c2d-98bd-8aff033a7256.wav,5.916
4094,Thamnophilus caerulescens,varant1,train/04094_Animalia_Chordata_Aves_Passeriformes_Thamnophilidae_Thamnophilus_caerulescens/6edc3268-5ae2-4ca9-a4cf-aedd452c3fb6.wav,13.66
4094,Thamnophilus caerulescens,varant1,train/04094_Animalia_Chordata_Aves_Passeriformes_Thamnophilidae_Thamnophilus_caerulescens/9064669a-8804-413d-a9b8-11464eb90195.wav,33.182
4094,Thamnophilus caerulescens,varant1,train/04094_Animalia_Chordata_Aves_Passeriformes_Thamnophilidae_Thamnophilus_caerulescens/92aaac8d-76bb-46d5-9ef6-1dd6d60eb7c9.wav,46.847
4094,Thamnophilus caerulescens,varant1,train/04094_Animalia_Chordata_Aves_Passeriformes_Thamnophilidae_Thamnophilus_caerulescens/b2238a2f-b885-453c-8352-90e669f48131.wav,36.224
4094,Thamnophilus caerulescens,varant1,train/04094_Animalia_Chordata_Aves_Passeriformes_Thamnophilidae_Thamnophilus_caerulescens/b3c59377-60d1-4b2d-9e5e-7ae44281b8a2.wav,17.56
4094,Thamnophilus caerulescens,varant1,train/04094_Animalia_Chordata_Aves_Passeriformes_Thamnophilidae_Thamnophilus_caerulescens/b8dbee53-a880-4d20-b5d5-183e61aa6b0a.wav,51.792
4094,Thamnophilus caerulescens,varant1,train/04094_Animalia_Chordata_Aves_Passeriformes_Thamnophilidae_Thamnophilus_caerulescens/ded829af-5fc2-4ca5-8f7b-538d5b8a940d.wav,33.724
4094,Thamnophilus caerulescens,varant1,train/04094_Animalia_Chordata_Aves_Passeriformes_Thamnophilidae_Thamnophilus_caerulescens/e1cba2dd-2dd4-49cd-953e-0c084f311a7e.wav,18.436
1769,Jacana jacana,watjac1,train/01769_Animalia_Chordata_Aves_Charadriiformes_Jacanidae_Jacana_jacana/9b5c698e-368d-4b1b-ba6e-9a5f62247a84.wav,37.59
1769,Jacana jacana,watjac1,train/01769_Animalia_Chordata_Aves_Charadriiformes_Jacanidae_Jacana_jacana/e2b0ff54-bf5b-443b-908b-589b4fa5c8de.wav,6.128
1769,Jacana jacana,watjac1,train/01769_Animalia_Chordata_Aves_Charadriiformes_Jacanidae_Jacana_jacana/ffe9f952-7cc5-45c8-b76b-e5631318931a.wav,6.284
4071,Pyriglena maura,wesfie1,train/04071_Animalia_Chordata_Aves_Passeriformes_Thamnophilidae_Pyriglena_maura/2d6bdd6a-7246-46c9-851b-01a4442150d3.wav,4.989
4071,Pyriglena maura,wesfie1,train/04071_Animalia_Chordata_Aves_Passeriformes_Thamnophilidae_Pyriglena_maura/51865bfb-fb80-4643-b23f-99bc427eeb5d.wav,45.36
4071,Pyriglena maura,wesfie1,train/04071_Animalia_Chordata_Aves_Passeriformes_Thamnophilidae_Pyriglena_maura/719156f6-4f13-4059-a8e9-3084c4650b0e.wav,7.758
4071,Pyriglena maura,wesfie1,train/04071_Animalia_Chordata_Aves_Passeriformes_Thamnophilidae_Pyriglena_maura/7bd94cc3-f73e-4683-ab95-cceadbf61ea4.wav,26.832
4071,Pyriglena maura,wesfie1,train/04071_Animalia_Chordata_Aves_Passeriformes_Thamnophilidae_Pyriglena_maura/8093992d-511c-4f6c-b7b3-48d8ca80993a.wav,85.264
1520,Dendrocygna viduata,wfwduc1,train/01520_Animalia_Chordata_Aves_Anseriformes_Anatidae_Dendrocygna_viduata/03ff76ff-3202-4ab6-89ae-6b01a8161efa.wav,9.495
1520,Dendrocygna viduata,wfwduc1,train/01520_Animalia_Chordata_Aves_Anseriformes_Anatidae_Dendrocygna_viduata/423e55f6-1a85-404c-b8b7-cdf807852994.wav,11.958
1520,Dendrocygna viduata,wfwduc1,train/01520_Animalia_Chordata_Aves_Anseriformes_Anatidae_Dendrocygna_viduata/55188a89-8806-4dba-8a0f-36329fc17a15.wav,63.825
1520,Dendrocygna viduata,wfwduc1,train/01520_Animalia_Chordata_Aves_Anseriformes_Anatidae_Dendrocygna_viduata/611a6620-d4a9-44c9-8efa-bb68aef82739.wav,10.537
1520,Dendrocygna viduata,wfwduc1,train/01520_Animalia_Chordata_Aves_Anseriformes_Anatidae_Dendrocygna_viduata/76598e92-3c5d-46c3-929f-357eb0b8ce68.wav,19.482
1520,Dendrocygna viduata,wfwduc1,train/01520_Animalia_Chordata_Aves_Anseriformes_Anatidae_Dendrocygna_viduata/7d999d78-c9dc-4b64-809d-b9a4a42cc184.wav,16.173
1520,Dendrocygna viduata,wfwduc1,train/01520_Animalia_Chordata_Aves_Anseriformes_Anatidae_Dendrocygna_viduata/a609e761-0515-4215-8d13-55a8dbf91699.wav,11.307
1520,Dendrocygna viduata,wfwduc1,train/01520_Animalia_Chordata_Aves_Anseriformes_Anatidae_Dendrocygna_viduata/bebbfafe-5759-4d39-a8a5-04d40c0fb551.wav,5.968
1520,Dendrocygna viduata,wfwduc1,train/01520_Animalia_Chordata_Aves_Anseriformes_Anatidae_Dendrocygna_viduata/e3bbb080-ee66-445f-9ef0-d5276cb60a5c.wav,16.974
1520,Dendrocygna viduata,wfwduc1,train/01520_Animalia_Chordata_Aves_Anseriformes_Anatidae_Dendrocygna_viduata/f01cd795-7cbe-4d23-8d06-22c6ffe8b884.wav,10.736
3960,Biatas nigropectus,whbant2,train/03960_Animalia_Chordata_Aves_Passeriformes_Thamnophilidae_Biatas_nigropectus/0165d7ee-294a-4334-91f1-0638fca598f3.wav,32.5
3960,Biatas nigropectus,whbant2,train/03960_Animalia_Chordata_Aves_Passeriformes_Thamnophilidae_Biatas_nigropectus/5d4bf038-4518-4b32-8e13-1439a22db5be.wav,86.231
3960,Biatas nigropectus,whbant2,train/03960_Animalia_Chordata_Aves_Passeriformes_Thamnophilidae_Biatas_nigropectus/de1f2f2d-3317-44ca-aae7-2cd1ef55c241.wav,12.917
3499,Myiothlypis leucoblephara,whbwar2,train/03499_Animalia_Chordata_Aves_Passeriformes_Parulidae_Myiothlypis_leucoblephara/0a425d4e-4cbc-4de5-948f-ee6ec213559e.wav,7.354
3499,Myiothlypis leucoblephara,whbwar2,train/03499_Animalia_Chordata_Aves_Passeriformes_Parulidae_Myiothlypis_leucoblephara/0ec8e16e-daa3-4393-9dc2-ef2dbd4a6891.wav,20.097
3499,Myiothlypis leucoblephara,whbwar2,train/03499_Animalia_Chordata_Aves_Passeriformes_Parulidae_Myiothlypis_leucoblephara/322a8e71-b858-493f-886c-c32e11cc7a68.wav,20.22
3499,Myiothlypis leucoblephara,whbwar2,train/03499_Animalia_Chordata_Aves_Passeriformes_Parulidae_Myiothlypis_leucoblephara/37a794aa-e532-4183-9460-8372310970af.wav,25.484
3499,Myiothlypis leucoblephara,whbwar2,train/03499_Animalia_Chordata_Aves_Passeriformes_Parulidae_Myiothlypis_leucoblephara/43d130eb-9c59-4be6-8900-9ae0b604d471.wav,8.359
3499,Myiothlypis leucoblephara,whbwar2,train/03499_Animalia_Chordata_Aves_Passeriformes_Parulidae_Myiothlypis_leucoblephara/44b131b0-ff24-4eba-a435-6fe34a925d90.wav,31.871
3499,Myiothlypis leucoblephara,whbwar2,train/03499_Animalia_Chordata_Aves_Passeriformes_Parulidae_Myiothlypis_leucoblephara/4a27d05d-7d80-4a3b-af38-fdabc22d7756.wav,19.809
3499,Myiothlypis leucoblephara,whbwar2,train/03499_Animalia_Chordata_Aves_Passeriformes_Parulidae_Myiothlypis_leucoblephara/51418de9-2205-4fbb-a36a-c2019b7da190.wav,12.834
3499,Myiothlypis leucoblephara,whbwar2,train/03499_Animalia_Chordata_Aves_Passeriformes_Parulidae_Myiothlypis_leucoblephara/7600b662-3c26-4b29-9a8f-2742e89aff67.wav,15.317
3499,Myiothlypis leucoblephara,whbwar2,train/03499_Animalia_Chordata_Aves_Passeriformes_Parulidae_Myiothlypis_leucoblephara/7b9ef81f-dff8-402e-af79-c13b8800eb4a.wav,48.864
3499,Myiothlypis leucoblephara,whbwar2,train/03499_Animalia_Chordata_Aves_Passeriformes_Parulidae_Myiothlypis_leucoblephara/8032a813-ee9b-47b4-b8e0-43d69c0c23c9.wav,5.153
3499,Myiothlypis leucoblephara,whbwar2,train/03499_Animalia_Chordata_Aves_Passeriformes_Parulidae_Myiothlypis_leucoblephara/81cd1fcd-0e7c-4d84-9626-c5f41d9856ac.wav,60.844
3499,Myiothlypis leucoblephara,whbwar2,train/03499_Animalia_Chordata_Aves_Passeriformes_Parulidae_Myiothlypis_leucoblephara/89eacc8d-7eed-4097-9d08-80c198567d1b.wav,26.923
3499,Myiothlypis leucoblephara,whbwar2,train/03499_Animalia_Chordata_Aves_Passeriformes_Parulidae_Myiothlypis_leucoblephara/a00b3c95-5c72-48c5-87c9-6debbe53ee53.wav,30.827
3499,Myiothlypis leucoblephara,whbwar2,train/03499_Animalia_Chordata_Aves_Passeriformes_Parulidae_Myiothlypis_leucoblephara/a283e150-b657-4a1d-ade2-e01a8232b41b.wav,17.981
3499,Myiothlypis leucoblephara,whbwar2,train/03499_Animalia_Chordata_Aves_Passeriformes_Parulidae_Myiothlypis_leucoblephara/b7f46a36-05b2-46b8-af6e-0e74b6361670.wav,55.876
3499,Myiothlypis leucoblephara,whbwar2,train/03499_Animalia_Chordata_Aves_Passeriformes_Parulidae_Myiothlypis_leucoblephara/c3bdb6ef-038f-414f-9f2d-b4c949d57d10.wav,8.697
3499,Myiothlypis leucoblephara,whbwar2,train/03499_Animalia_Chordata_Aves_Passeriformes_Parulidae_Myiothlypis_leucoblephara/c404d74e-c197-4f0c-9718-72b55eb41128.wav,48.353
3499,Myiothlypis leucoblephara,whbwar2,train/03499_Animalia_Chordata_Aves_Passeriformes_Parulidae_Myiothlypis_leucoblephara/d1c20b9c-ba5c-460d-9a1a-229472da9ee9.wav,11.06
3499,Myiothlypis leucoblephara,whbwar2,train/03499_Animalia_Chordata_Aves_Passeriformes_Parulidae_Myiothlypis_leucoblephara/d23e451d-8cf0-482a-bc84-da814a6c159f.wav,15.666
3499,Myiothlypis leucoblephara,whbwar2,train/03499_Animalia_Chordata_Aves_Passeriformes_Parulidae_Myiothlypis_leucoblephara/d92da687-f0b7-439d-98a0-cac7413a3367.wav,46.997
3499,Myiothlypis leucoblephara,whbwar2,train/03499_Animalia_Chordata_Aves_Passeriformes_Parulidae_Myiothlypis_leucoblephara/f238b0ab-f13a-4174-8383-79507c5288c4.wav,20.298
4843,Melanerpes candidus,whiwoo1,train/04843_Animalia_Chordata_Aves_Piciformes_Picidae_Melanerpes_candidus/02fa9ed8-0a90-428e-81cc-7a0432160a0f.wav,25.184
4843,Melanerpes candidus,whiwoo1,train/04843_Animalia_Chordata_Aves_Piciformes_Picidae_Melanerpes_candidus/0bec7b1a-a323-4e8c-a974-7f9397aaea11.wav,25.51
4843,Melanerpes candidus,whiwoo1,train/04843_Animalia_Chordata_Aves_Piciformes_Picidae_Melanerpes_candidus/14ae78e9-141b-4d91-ad4d-e23ed219ba26.wav,29.652
4843,Melanerpes candidus,whiwoo1,train/04843_Animalia_Chordata_Aves_Piciformes_Picidae_Melanerpes_candidus/38a643a3-f9ee-4658-819e-365613c9cf1f.wav,13.155
4843,Melanerpes candidus,whiwoo1,train/04843_Animalia_Chordata_Aves_Piciformes_Picidae_Melanerpes_candidus/439721b1-4224-44a5-875e-ce5012197554.wav,9.195
4843,Melanerpes candidus,whiwoo1,train/04843_Animalia_Chordata_Aves_Piciformes_Picidae_Melanerpes_candidus/4e8d7fdc-7fa7-4e51-81fe-e3f77342018d.wav,11.285
4843,Melanerpes candidus,whiwoo1,train/04843_Animalia_Chordata_Aves_Piciformes_Picidae_Melanerpes_candidus/564cb39f-e125-4900-8514-e4a8246e4cec.wav,25.344
4843,Melanerpes candidus,whiwoo1,train/04843_Animalia_Chordata_Aves_Piciformes_Picidae_Melanerpes_candidus/6bf5f6cf-a4e1-4a98-b6e8-6cfc065f5c7c.wav,10.371
4843,Melanerpes candidus,whiwoo1,train/04843_Animalia_Chordata_Aves_Piciformes_Picidae_Melanerpes_candidus/821ceace-e54b-4b8a-9f9d-b164b0e3d347.wav,15.79
4843,Melanerpes candidus,whiwoo1,train/04843_Animalia_Chordata_Aves_Piciformes_Picidae_Melanerpes_candidus/940bc440-87f8-4d14-bdbf-5e6a64072119.wav,21.537
4843,Melanerpes candidus,whiwoo1,train/04843_Animalia_Chordata_Aves_Piciformes_Picidae_Melanerpes_candidus/aec992c8-ac9b-486b-9a28-ac72d4d262ee.wav,23.088
4843,Melanerpes candidus,whiwoo1,train/04843_Animalia_Chordata_Aves_Piciformes_Picidae_Melanerpes_candidus/be716f7e-8d47-409e-9d48-88624e08f000.wav,29.536
4843,Melanerpes candidus,whiwoo1,train/04843_Animalia_Chordata_Aves_Piciformes_Picidae_Melanerpes_candidus/c6b7bbc4-fcf1-48e2-ae64-6ef6039607da.wav,4.108
4843,Melanerpes candidus,whiwoo1,train/04843_Animalia_Chordata_Aves_Piciformes_Picidae_Melanerpes_candidus/c93e0c8f-13c7-4c42-ab0d-d5ae3a280342.wav,18.241
4843,Melanerpes candidus,whiwoo1,train/04843_Animalia_Chordata_Aves_Piciformes_Picidae_Melanerpes_candidus/d686cc8e-7837-401f-955b-3e701a6591b1.wav,12.353
4843,Melanerpes candidus,whiwoo1,train/04843_Animalia_Chordata_Aves_Piciformes_Picidae_Melanerpes_candidus/f0bcc423-ea19-4d87-b9c1-74c761e1298c.wav,2.903
4843,Melanerpes candidus,whiwoo1,train/04843_Animalia_Chordata_Aves_Piciformes_Picidae_Melanerpes_candidus/fc2f02f9-6215-4bd4-a39c-93c7e1ec00ec.wav,27.83
2867,Synallaxis albilora,whlspi1,train/02867_Animalia_Chordata_Aves_Passeriformes_Furnariidae_Synallaxis_albilora/8be2150f-67bb-4ced-88d8-76f5a32edd72.wav,8.899
2559,Cyanocorax cyanopogon,whnjay1,train/02559_Animalia_Chordata_Aves_Passeriformes_Corvidae_Cyanocorax_cyanopogon/0b7c5e1e-795f-4f02-9267-58fbf1246050.wav,35.051
2559,Cyanocorax cyanopogon,whnjay1,train/02559_Animalia_Chordata_Aves_Passeriformes_Corvidae_Cyanocorax_cyanopogon/17ceb697-9b2e-45b8-b907-89041117a65b.wav,5.347
2559,Cyanocorax cyanopogon,whnjay1,train/02559_Animalia_Chordata_Aves_Passeriformes_Corvidae_Cyanocorax_cyanopogon/1ddbbcd8-711c-4f7d-b8c8-ae56b008bdd8.wav,21.618
2559,Cyanocorax cyanopogon,whnjay1,train/02559_Animalia_Chordata_Aves_Passeriformes_Corvidae_Cyanocorax_cyanopogon/44168bd6-9704-4705-9bdb-535300d1ef4b.wav,11.233
1913,Leptotila verreauxi,whtdov,train/01913_Animalia_Chordata_Aves_Columbiformes_Columbidae_Leptotila_verreauxi/0dfa4616-e849-42b4-bb89-28b27573a2f9.wav,3.407
1913,Leptotila verreauxi,whtdov,train/01913_Animalia_Chordata_Aves_Columbiformes_Columbidae_Leptotila_verreauxi/0e28a4d8-f6b2-46a1-aba6-3b1b802d24d3.wav,34.24
1913,Leptotila verreauxi,whtdov,train/01913_Animalia_Chordata_Aves_Columbiformes_Columbidae_Leptotila_verreauxi/0fa8c769-7f90-4118-bd24-a12c7dd8f2c2.wav,30.877
1913,Leptotila verreauxi,whtdov,train/01913_Animalia_Chordata_Aves_Columbiformes_Columbidae_Leptotila_verreauxi/106cf479-f986-4081-b4f9-acd8bbccdbf4.wav,28.002
1913,Leptotila verreauxi,whtdov,train/01913_Animalia_Chordata_Aves_Columbiformes_Columbidae_Leptotila_verreauxi/13ae0750-8b33-4a0f-83dc-ba01686d3f45.wav,51.604
1913,Leptotila verreauxi,whtdov,train/01913_Animalia_Chordata_Aves_Columbiformes_Columbidae_Leptotila_verreauxi/21ccb5c6-fe0a-42c0-89b7-ea5df02a09eb.wav,12.51
1913,Leptotila verreauxi,whtdov,train/01913_Animalia_Chordata_Aves_Columbiformes_Columbidae_Leptotila_verreauxi/28206345-857d-47b1-803e-36c512703f40.wav,7.578
1913,Leptotila verreauxi,whtdov,train/01913_Animalia_Chordata_Aves_Columbiformes_Columbidae_Leptotila_verreauxi/283e9c47-41a2-49a5-b1be-d6f942d723ba.wav,17.045
1913,Leptotila verreauxi,whtdov,train/01913_Animalia_Chordata_Aves_Columbiformes_Columbidae_Leptotila_verreauxi/28c3dc82-7bfc-4967-9067-240c6f475ffd.wav,17.441
1913,Leptotila verreauxi,whtdov,train/01913_Animalia_Chordata_Aves_Columbiformes_Columbidae_Leptotila_verreauxi/2e2cbf62-d9a5-4955-b384-c5538b06693f.wav,13.614
1913,Leptotila verreauxi,whtdov,train/01913_Animalia_Chordata_Aves_Columbiformes_Columbidae_Leptotila_verreauxi/2e9ef041-5cf4-42c3-bdde-20d56f59c13a.wav,13.137
1913,Leptotila verreauxi,whtdov,train/01913_Animalia_Chordata_Aves_Columbiformes_Columbidae_Leptotila_verreauxi/3882187c-67ba-4e9a-a107-bd2d63158531.wav,10.751
1913,Leptotila verreauxi,whtdov,train/01913_Animalia_Chordata_Aves_Columbiformes_Columbidae_Leptotila_verreauxi/40238134-2018-498d-aaa0-749a30ba988c.wav,15.79
1913,Leptotila verreauxi,whtdov,train/01913_Animalia_Chordata_Aves_Columbiformes_Columbidae_Leptotila_verreauxi/4b78397e-da90-45df-8c7a-0084d4375b1a.wav,45.185
1913,Leptotila verreauxi,whtdov,train/01913_Animalia_Chordata_Aves_Columbiformes_Columbidae_Leptotila_verreauxi/4ff4c17b-6bd8-4bbd-8138-dc981faf280e.wav,41.378
1913,Leptotila verreauxi,whtdov,train/01913_Animalia_Chordata_Aves_Columbiformes_Columbidae_Leptotila_verreauxi/5305abf0-9afe-463c-8ab4-f1f271ce197a.wav,2.425
1913,Leptotila verreauxi,whtdov,train/01913_Animalia_Chordata_Aves_Columbiformes_Columbidae_Leptotila_verreauxi/54c36229-e71e-4779-9b03-316eb2dbf571.wav,28.16
1913,Leptotila verreauxi,whtdov,train/01913_Animalia_Chordata_Aves_Columbiformes_Columbidae_Leptotila_verreauxi/566c78ba-a830-468d-874b-cdcaa4381acc.wav,14.72
1913,Leptotila verreauxi,whtdov,train/01913_Animalia_Chordata_Aves_Columbiformes_Columbidae_Leptotila_verreauxi/5be1df53-42f4-4bcf-aa33-f40d8a6fa286.wav,17.81
1913,Leptotila verreauxi,whtdov,train/01913_Animalia_Chordata_Aves_Columbiformes_Columbidae_Leptotila_verreauxi/5d4864a0-09a9-4b5d-abcf-622ead9114e1.wav,7.338
1913,Leptotila verreauxi,whtdov,train/01913_Animalia_Chordata_Aves_Columbiformes_Columbidae_Leptotila_verreauxi/5e486fbc-23e6-4c67-a8e5-8f5ff7f7c760.wav,9.721
1913,Leptotila verreauxi,whtdov,train/01913_Animalia_Chordata_Aves_Columbiformes_Columbidae_Leptotila_verreauxi/5f2d3788-e1e1-42af-bddb-63bc1d179759.wav,20.503
1913,Leptotila verreauxi,whtdov,train/01913_Animalia_Chordata_Aves_Columbiformes_Columbidae_Leptotila_verreauxi/62f361e5-4865-4d0f-b9c9-2dc7f8f3ad00.wav,13.608
1913,Leptotila verreauxi,whtdov,train/01913_Animalia_Chordata_Aves_Columbiformes_Columbidae_Leptotila_verreauxi/6874d84b-dcec-4af2-aacb-b372de504a56.wav,19.236
1913,Leptotila verreauxi,whtdov,train/01913_Animalia_Chordata_Aves_Columbiformes_Columbidae_Leptotila_verreauxi/6ac724d1-6f90-43e1-896f-be0361103c31.wav,16.901
1913,Leptotila verreauxi,whtdov,train/01913_Animalia_Chordata_Aves_Columbiformes_Columbidae_Leptotila_verreauxi/6f4417ea-c7f2-4d59-bdbe-dc51ca9f533e.wav,12.375
1913,Leptotila verreauxi,whtdov,train/01913_Animalia_Chordata_Aves_Columbiformes_Columbidae_Leptotila_verreauxi/7436bfa3-e28a-4275-b51a-5fd7735a041c.wav,17.084
1913,Leptotila verreauxi,whtdov,train/01913_Animalia_Chordata_Aves_Columbiformes_Columbidae_Leptotila_verreauxi/7a6944bd-a180-4aa8-9bc2-5758ccd76879.wav,51.413
1913,Leptotila verreauxi,whtdov,train/01913_Animalia_Chordata_Aves_Columbiformes_Columbidae_Leptotila_verreauxi/7cb3d725-631c-494e-a891-1b9a22ed19e0.wav,14.97
1913,Leptotila verreauxi,whtdov,train/01913_Animalia_Chordata_Aves_Columbiformes_Columbidae_Leptotila_verreauxi/83ef23a2-b12a-436e-8dd5-ec321a537536.wav,13.663
1913,Leptotila verreauxi,whtdov,train/01913_Animalia_Chordata_Aves_Columbiformes_Columbidae_Leptotila_verreauxi/8949b731-1fae-4c0c-9537-2191147af851.wav,16.881
1913,Leptotila verreauxi,whtdov,train/01913_Animalia_Chordata_Aves_Columbiformes_Columbidae_Leptotila_verreauxi/8bfe4eb5-1619-4734-beb4-913b855ab6c1.wav,27.904
1913,Leptotila verreauxi,whtdov,train/01913_Animalia_Chordata_Aves_Columbiformes_Columbidae_Leptotila_verreauxi/8f15b230-3339-49ff-b172-ea5b9bc86a85.wav,11.958
1913,Leptotila verreauxi,whtdov,train/01913_Animalia_Chordata_Aves_Columbiformes_Columbidae_Leptotila_verreauxi/909cfc61-b160-4f0b-9386-71c395b5461b.wav,27.307
1913,Leptotila verreauxi,whtdov,train/01913_Animalia_Chordata_Aves_Columbiformes_Columbidae_Leptotila_verreauxi/91bb6da9-3635-4d8d-8f72-cd4e3e1ddb9c.wav,38.638
1913,Leptotila verreauxi,whtdov,train/01913_Animalia_Chordata_Aves_Columbiformes_Columbidae_Leptotila_verreauxi/93d344b6-3542-4e5d-a846-b4f4995fdc38.wav,3.071
1913,Leptotila verreauxi,whtdov,train/01913_Animalia_Chordata_Aves_Columbiformes_Columbidae_Leptotila_verreauxi/95c72bd1-c217-400c-bc1e-5620c4c22eb1.wav,51.768
1913,Leptotila verreauxi,whtdov,train/01913_Animalia_Chordata_Aves_Columbiformes_Columbidae_Leptotila_verreauxi/965b15ef-0e05-4af8-b537-30270942f944.wav,34.9
1913,Leptotila verreauxi,whtdov,train/01913_Animalia_Chordata_Aves_Columbiformes_Columbidae_Leptotila_verreauxi/9a28a056-5c48-4546-a64a-355728abc99e.wav,14.265
1913,Leptotila verreauxi,whtdov,train/01913_Animalia_Chordata_Aves_Columbiformes_Columbidae_Leptotila_verreauxi/9bf748bf-fa1a-4513-93de-638a4e6640f3.wav,13.517
1913,Leptotila verreauxi,whtdov,train/01913_Animalia_Chordata_Aves_Columbiformes_Columbidae_Leptotila_verreauxi/9ed2a800-47ad-4175-8387-5b032534681b.wav,21.942
1913,Leptotila verreauxi,whtdov,train/01913_Animalia_Chordata_Aves_Columbiformes_Columbidae_Leptotila_verreauxi/a0f1941a-7bb7-4956-b864-78a66c3c8f8f.wav,3.878
1913,Leptotila verreauxi,whtdov,train/01913_Animalia_Chordata_Aves_Columbiformes_Columbidae_Leptotila_verreauxi/abdc811a-6578-46a1-81a8-d939accc40e3.wav,8.411
1913,Leptotila verreauxi,whtdov,train/01913_Animalia_Chordata_Aves_Columbiformes_Columbidae_Leptotila_verreauxi/b2736c1f-142f-45b6-838b-cadae8f5ebc4.wav,20.807
1913,Leptotila verreauxi,whtdov,train/01913_Animalia_Chordata_Aves_Columbiformes_Columbidae_Leptotila_verreauxi/b46e13f6-c54e-4b55-b7f5-2bb8a69ed129.wav,25.067
1913,Leptotila verreauxi,whtdov,train/01913_Animalia_Chordata_Aves_Columbiformes_Columbidae_Leptotila_verreauxi/b66c161b-ed96-4cf6-ac65-09e94416ede2.wav,20.48
1913,Leptotila verreauxi,whtdov,train/01913_Animalia_Chordata_Aves_Columbiformes_Columbidae_Leptotila_verreauxi/b7350e7b-896c-4c2d-9518-2f136f9c6dc8.wav,22.793
1913,Leptotila verreauxi,whtdov,train/01913_Animalia_Chordata_Aves_Columbiformes_Columbidae_Leptotila_verreauxi/bd6aae8d-fce5-4d47-a10e-227a1b12f2fb.wav,24.892
1913,Leptotila verreauxi,whtdov,train/01913_Animalia_Chordata_Aves_Columbiformes_Columbidae_Leptotila_verreauxi/c005cd19-0c43-40a0-a043-6572f34600b7.wav,3.875
1913,Leptotila verreauxi,whtdov,train/01913_Animalia_Chordata_Aves_Columbiformes_Columbidae_Leptotila_verreauxi/d021e4d8-5665-4981-9f20-6fe1fd00706f.wav,10.051
1913,Leptotila verreauxi,whtdov,train/01913_Animalia_Chordata_Aves_Columbiformes_Columbidae_Leptotila_verreauxi/d34df443-e260-46d6-85fa-035a61f4c75f.wav,15.79
1913,Leptotila verreauxi,whtdov,train/01913_Animalia_Chordata_Aves_Columbiformes_Columbidae_Leptotila_verreauxi/da76a96c-a728-4dcf-a145-5d920fdebc49.wav,37.568
1913,Leptotila verreauxi,whtdov,train/01913_Animalia_Chordata_Aves_Columbiformes_Columbidae_Leptotila_verreauxi/de97dc53-fed9-4ac6-a155-185cc8a20536.wav,6.235
1913,Leptotila verreauxi,whtdov,train/01913_Animalia_Chordata_Aves_Columbiformes_Columbidae_Leptotila_verreauxi/dfb70d42-5455-4b7f-aeeb-8d345b258aa0.wav,17.856
1913,Leptotila verreauxi,whtdov,train/01913_Animalia_Chordata_Aves_Columbiformes_Columbidae_Leptotila_verreauxi/e29b3111-0bba-42ec-99a6-05c84986e7d1.wav,22.6
1913,Leptotila verreauxi,whtdov,train/01913_Animalia_Chordata_Aves_Columbiformes_Columbidae_Leptotila_verreauxi/ebbdcb45-9891-4057-a7a0-aa135a5da00e.wav,20.037
1913,Leptotila verreauxi,whtdov,train/01913_Animalia_Chordata_Aves_Columbiformes_Columbidae_Leptotila_verreauxi/ebe035f5-5c57-495b-b53a-151f33c4e3a4.wav,25.344
1913,Leptotila verreauxi,whtdov,train/01913_Animalia_Chordata_Aves_Columbiformes_Columbidae_Leptotila_verreauxi/ef2f704b-8eca-40b0-93d8-455fa6455022.wav,48.719
1913,Leptotila verreauxi,whtdov,train/01913_Animalia_Chordata_Aves_Columbiformes_Columbidae_Leptotila_verreauxi/f22c7d0c-03b7-450b-92c8-73b403dd0049.wav,2.663
1913,Leptotila verreauxi,whtdov,train/01913_Animalia_Chordata_Aves_Columbiformes_Columbidae_Leptotila_verreauxi/fb4227b1-8b94-4200-bd21-b67850f17b66.wav,27.191
2078,Caracara plancus,y00678,train/02078_Animalia_Chordata_Aves_Falconiformes_Falconidae_Caracara_plancus/18b5601f-735a-417f-982d-27e399f27d49.wav,29.649
2078,Caracara plancus,y00678,train/02078_Animalia_Chordata_Aves_Falconiformes_Falconidae_Caracara_plancus/1ff4ea18-cd53-4178-9edd-47d1208f1bcf.wav,24.474
2078,Caracara plancus,y00678,train/02078_Animalia_Chordata_Aves_Falconiformes_Falconidae_Caracara_plancus/32a80b00-139e-4e39-874f-8f62b93bb570.wav,13.192
2078,Caracara plancus,y00678,train/02078_Animalia_Chordata_Aves_Falconiformes_Falconidae_Caracara_plancus/3c9d21e4-6518-4710-88cb-c299a95ae58c.wav,30.424
2078,Caracara plancus,y00678,train/02078_Animalia_Chordata_Aves_Falconiformes_Falconidae_Caracara_plancus/3fcdbc76-d058-40b5-a561-7689f5fb4016.wav,22.9
2078,Caracara plancus,y00678,train/02078_Animalia_Chordata_Aves_Falconiformes_Falconidae_Caracara_plancus/544a8dbf-87aa-44f2-bbda-20e74314fc2b.wav,25.379
2078,Caracara plancus,y00678,train/02078_Animalia_Chordata_Aves_Falconiformes_Falconidae_Caracara_plancus/570f141d-3db4-4d85-a04f-226ea96d04b7.wav,7.941
2078,Caracara plancus,y00678,train/02078_Animalia_Chordata_Aves_Falconiformes_Falconidae_Caracara_plancus/6f1e13c5-b92e-47e6-84ba-78587c557e4a.wav,13.871
2078,Caracara plancus,y00678,train/02078_Animalia_Chordata_Aves_Falconiformes_Falconidae_Caracara_plancus/72b41250-b8e0-48cf-8d4e-f84dc17019ae.wav,12.632
2078,Caracara plancus,y00678,train/02078_Animalia_Chordata_Aves_Falconiformes_Falconidae_Caracara_plancus/846ebb63-1159-434e-95a5-bfefa2683f0a.wav,8.464
2078,Caracara plancus,y00678,train/02078_Animalia_Chordata_Aves_Falconiformes_Falconidae_Caracara_plancus/9dfe267a-844b-4e4f-9e93-e95676bec72b.wav,6.188
2078,Caracara plancus,y00678,train/02078_Animalia_Chordata_Aves_Falconiformes_Falconidae_Caracara_plancus/bc104833-59df-475c-8e77-42c832b5908c.wav,78.437
2078,Caracara plancus,y00678,train/02078_Animalia_Chordata_Aves_Falconiformes_Falconidae_Caracara_plancus/be6e027b-9973-4f8b-81a2-790bd36a79fe.wav,12.821
2078,Caracara plancus,y00678,train/02078_Animalia_Chordata_Aves_Falconiformes_Falconidae_Caracara_plancus/d20556d9-d671-4351-8366-1a30958266d5.wav,48.109
2078,Caracara plancus,y00678,train/02078_Animalia_Chordata_Aves_Falconiformes_Falconidae_Caracara_plancus/e03025a3-a046-45c2-8b12-d9991d2f0a33.wav,6.062
2078,Caracara plancus,y00678,train/02078_Animalia_Chordata_Aves_Falconiformes_Falconidae_Caracara_plancus/e6b67206-136a-4fd9-a743-51e385f9cc49.wav,12.028
4179,Paroaria capitata,yebcar,train/04179_Animalia_Chordata_Aves_Passeriformes_Thraupidae_Paroaria_capitata/92c24648-05fd-4609-8b94-46ab0160f64d.wav,22.4
4179,Paroaria capitata,yebcar,train/04179_Animalia_Chordata_Aves_Passeriformes_Thraupidae_Paroaria_capitata/f58a713a-7048-4ed4-aaf9-c8ac5d54d951.wav,29.0
4480,Elaenia flavogaster,yebela1,train/04480_Animalia_Chordata_Aves_Passeriformes_Tyrannidae_Elaenia_flavogaster/0ee14ece-2350-4e4e-b98f-55e0eee4b8b1.wav,17.389
4480,Elaenia flavogaster,yebela1,train/04480_Animalia_Chordata_Aves_Passeriformes_Tyrannidae_Elaenia_flavogaster/16a9d16d-606b-49ea-9135-f2d95493f3b5.wav,23.448
4480,Elaenia flavogaster,yebela1,train/04480_Animalia_Chordata_Aves_Passeriformes_Tyrannidae_Elaenia_flavogaster/17dfeb12-6cd2-4b5b-a717-d85b55d6fc1d.wav,2.396
4480,Elaenia flavogaster,yebela1,train/04480_Animalia_Chordata_Aves_Passeriformes_Tyrannidae_Elaenia_flavogaster/188d0d43-9595-4434-a3a5-532587489e31.wav,1.938
4480,Elaenia flavogaster,yebela1,train/04480_Animalia_Chordata_Aves_Passeriformes_Tyrannidae_Elaenia_flavogaster/24824b2f-704c-45ca-8cad-2f6bbbbe06ec.wav,11.494
4480,Elaenia flavogaster,yebela1,train/04480_Animalia_Chordata_Aves_Passeriformes_Tyrannidae_Elaenia_flavogaster/28fb67cb-bc23-4e6f-8729-6eff8d3f498b.wav,27.324
4480,Elaenia flavogaster,yebela1,train/04480_Animalia_Chordata_Aves_Passeriformes_Tyrannidae_Elaenia_flavogaster/31760a84-e113-437f-b5fc-ddbb13bc8951.wav,2.197
4480,Elaenia flavogaster,yebela1,train/04480_Animalia_Chordata_Aves_Passeriformes_Tyrannidae_Elaenia_flavogaster/4100b46f-108e-44e9-a4f2-9224c1ffd4da.wav,13.216
4480,Elaenia flavogaster,yebela1,train/04480_Animalia_Chordata_Aves_Passeriformes_Tyrannidae_Elaenia_flavogaster/9aff602d-1a8f-4429-8399-4cc8a5d7175b.wav,6.694
4480,Elaenia flavogaster,yebela1,train/04480_Animalia_Chordata_Aves_Passeriformes_Tyrannidae_Elaenia_flavogaster/a19ac540-65c6-4d0d-b2ad-9c6c9b13df93.wav,7.681
4480,Elaenia flavogaster,yebela1,train/04480_Animalia_Chordata_Aves_Passeriformes_Tyrannidae_Elaenia_flavogaster/bc01bce0-baf0-4716-b2ce-68fd627708d6.wav,6.844
4480,Elaenia flavogaster,yebela1,train/04480_Animalia_Chordata_Aves_Passeriformes_Tyrannidae_Elaenia_flavogaster/d872f59c-06ce-4d50-af13-4cda70e0ec01.wav,16.427
4480,Elaenia flavogaster,yebela1,train/04480_Animalia_Chordata_Aves_Passeriformes_Tyrannidae_Elaenia_flavogaster/ee1b1a97-782c-46df-a267-30ef042de9d7.wav,7.068
4480,Elaenia flavogaster,yebela1,train/04480_Animalia_Chordata_Aves_Passeriformes_Tyrannidae_Elaenia_flavogaster/f0196f69-c0f0-43fe-944c-46c1d7e55df3.wav,7.262
4480,Elaenia flavogaster,yebela1,train/04480_Animalia_Chordata_Aves_Passeriformes_Tyrannidae_Elaenia_flavogaster/fb00f300-e94c-4a25-a339-0a4bc7630a82.wav,12.095
5008,Primolius auricollis,yecmac,train/05008_Animalia_Chordata_Aves_Psittaciformes_Psittacidae_Primolius_auricollis/52045da7-9d48-468d-8033-b06490567ffd.wav,7.732
4973,Brotogeris chiriri,yecpar,train/04973_Animalia_Chordata_Aves_Psittaciformes_Psittacidae_Brotogeris_chiriri/057a6d7f-723d-4436-aa40-8dd291a32558.wav,5.76
4973,Brotogeris chiriri,yecpar,train/04973_Animalia_Chordata_Aves_Psittaciformes_Psittacidae_Brotogeris_chiriri/073d85d8-e920-4266-8d77-1d1eeeea6429.wav,4.0
4973,Brotogeris chiriri,yecpar,train/04973_Animalia_Chordata_Aves_Psittaciformes_Psittacidae_Brotogeris_chiriri/0838767c-3731-4df0-88f4-9caa697cb4ce.wav,8.5
4973,Brotogeris chiriri,yecpar,train/04973_Animalia_Chordata_Aves_Psittaciformes_Psittacidae_Brotogeris_chiriri/1717e40f-a42d-4a04-95df-7d37d353fb48.wav,76.076
4973,Brotogeris chiriri,yecpar,train/04973_Animalia_Chordata_Aves_Psittaciformes_Psittacidae_Brotogeris_chiriri/19a25500-e7e9-4b81-8205-1c1b9d73f81a.wav,9.987
4973,Brotogeris chiriri,yecpar,train/04973_Animalia_Chordata_Aves_Psittaciformes_Psittacidae_Brotogeris_chiriri/2287f283-5318-4175-aebb-c3a7eea29275.wav,17.09
4973,Brotogeris chiriri,yecpar,train/04973_Animalia_Chordata_Aves_Psittaciformes_Psittacidae_Brotogeris_chiriri/3ee91dbb-cf2a-4b56-b338-d32e7a3863a9.wav,14.42
4973,Brotogeris chiriri,yecpar,train/04973_Animalia_Chordata_Aves_Psittaciformes_Psittacidae_Brotogeris_chiriri/480df331-68f2-4194-b239-5cdd9705a1ea.wav,13.607
4973,Brotogeris chiriri,yecpar,train/04973_Animalia_Chordata_Aves_Psittaciformes_Psittacidae_Brotogeris_chiriri/4ff84d2e-bb75-458c-a9c2-c10c7090bb30.wav,51.744
4973,Brotogeris chiriri,yecpar,train/04973_Animalia_Chordata_Aves_Psittaciformes_Psittacidae_Brotogeris_chiriri/807b168f-a2a3-45f3-9a26-bc3b5acc8003.wav,29.616
4973,Brotogeris chiriri,yecpar,train/04973_Animalia_Chordata_Aves_Psittaciformes_Psittacidae_Brotogeris_chiriri/862f0b17-61bf-4f8a-bb6d-ccb6006be10d.wav,20.944
4973,Brotogeris chiriri,yecpar,train/04973_Animalia_Chordata_Aves_Psittaciformes_Psittacidae_Brotogeris_chiriri/94966cda-342d-4fb3-9401-e5a3ca3bfa3c.wav,36.777
4973,Brotogeris chiriri,yecpar,train/04973_Animalia_Chordata_Aves_Psittaciformes_Psittacidae_Brotogeris_chiriri/94e681d5-2e5e-4cbb-8e11-04faf0115e8b.wav,8.875
4973,Brotogeris chiriri,yecpar,train/04973_Animalia_Chordata_Aves_Psittaciformes_Psittacidae_Brotogeris_chiriri/987c7130-5f23-41cb-9763-54bfd21b3000.wav,27.533
4973,Brotogeris chiriri,yecpar,train/04973_Animalia_Chordata_Aves_Psittaciformes_Psittacidae_Brotogeris_chiriri/b9dae8bf-2176-49fe-8f24-13d6684387f2.wav,11.122
4973,Brotogeris chiriri,yecpar,train/04973_Animalia_Chordata_Aves_Psittaciformes_Psittacidae_Brotogeris_chiriri/e61b1424-c888-4ffb-bdb9-7e7ac2c3f079.wav,8.847
4973,Brotogeris chiriri,yecpar,train/04973_Animalia_Chordata_Aves_Psittaciformes_Psittacidae_Brotogeris_chiriri/ed7d473f-f9e5-4ab2-b3a1-67927289e416.wav,29.048
2080,Daptrius chimachima,yehcar1,train/02080_Animalia_Chordata_Aves_Falconiformes_Falconidae_Daptrius_chimachima/0aef8194-9a0d-4e91-8498-03ace3c45102.wav,9.146
2080,Daptrius chimachima,yehcar1,train/02080_Animalia_Chordata_Aves_Falconiformes_Falconidae_Daptrius_chimachima/0ec448a5-fb1b-4374-a855-6b50a97e55ea.wav,5.447
2080,Daptrius chimachima,yehcar1,train/02080_Animalia_Chordata_Aves_Falconiformes_Falconidae_Daptrius_chimachima/17994fc8-1f19-4453-b792-7a95154f03bf.wav,24.429
2080,Daptrius chimachima,yehcar1,train/02080_Animalia_Chordata_Aves_Falconiformes_Falconidae_Daptrius_chimachima/1986ad50-152c-424e-ab62-3fc6b4491f6f.wav,14.699
2080,Daptrius chimachima,yehcar1,train/02080_Animalia_Chordata_Aves_Falconiformes_Falconidae_Daptrius_chimachima/312121f5-63de-4980-b5a4-bb813d16669e.wav,7.903
2080,Daptrius chimachima,yehcar1,train/02080_Animalia_Chordata_Aves_Falconiformes_Falconidae_Daptrius_chimachima/4652adc5-b2b8-4fa7-857a-0ff34dd186f1.wav,11.174
2080,Daptrius chimachima,yehcar1,train/02080_Animalia_Chordata_Aves_Falconiformes_Falconidae_Daptrius_chimachima/4ae4af4c-c681-4ba9-bd60-bb7be0be3751.wav,14.64
2080,Daptrius chimachima,yehcar1,train/02080_Animalia_Chordata_Aves_Falconiformes_Falconidae_Daptrius_chimachima/56ae9003-5dba-460f-994f-1824d6b71595.wav,11.072
2080,Daptrius chimachima,yehcar1,train/02080_Animalia_Chordata_Aves_Falconiformes_Falconidae_Daptrius_chimachima/67e3cf10-a29e-415a-a1fa-526815492812.wav,12.207
2080,Daptrius chimachima,yehcar1,train/02080_Animalia_Chordata_Aves_Falconiformes_Falconidae_Daptrius_chimachima/72dc563f-6f09-470b-b3ad-0e684ca56d1d.wav,4.217
2080,Daptrius chimachima,yehcar1,train/02080_Animalia_Chordata_Aves_Falconiformes_Falconidae_Daptrius_chimachima/877b002b-6014-403a-a085-c3d7a45d25fb.wav,4.127
2080,Daptrius chimachima,yehcar1,train/02080_Animalia_Chordata_Aves_Falconiformes_Falconidae_Daptrius_chimachima/d59d09c6-f4d3-4d0f-9f55-f6fadb6ab28f.wav,4.969
2080,Daptrius chimachima,yehcar1,train/02080_Animalia_Chordata_Aves_Falconiformes_Falconidae_Daptrius_chimachima/ea91668c-6dee-42d1-b726-810e090e521d.wav,21.12
4630,Tolmomyias sulphurescens,yeofly1,train/04630_Animalia_Chordata_Aves_Passeriformes_Tyrannidae_Tolmomyias_sulphurescens/0406cf9a-77dc-40aa-9424-91faed3e4dba.wav,17.664
4630,Tolmomyias sulphurescens,yeofly1,train/04630_Animalia_Chordata_Aves_Passeriformes_Tyrannidae_Tolmomyias_sulphurescens/16e44048-6227-4987-be7c-2c09791d9630.wav,32.09
4630,Tolmomyias sulphurescens,yeofly1,train/04630_Animalia_Chordata_Aves_Passeriformes_Tyrannidae_Tolmomyias_sulphurescens/2fa2b496-9bd2-4d79-8c2c-a8ca1a183e27.wav,18.469
4630,Tolmomyias sulphurescens,yeofly1,train/04630_Animalia_Chordata_Aves_Passeriformes_Tyrannidae_Tolmomyias_sulphurescens/35898396-2f95-4017-86ee-46897fe71c1c.wav,16.274
4630,Tolmomyias sulphurescens,yeofly1,train/04630_Animalia_Chordata_Aves_Passeriformes_Tyrannidae_Tolmomyias_sulphurescens/395f63fa-904d-4099-a3a1-fd56905e2eed.wav,3.808
4630,Tolmomyias sulphurescens,yeofly1,train/04630_Animalia_Chordata_Aves_Passeriformes_Tyrannidae_Tolmomyias_sulphurescens/43322ea3-de6f-4ca9-8f53-b080705db678.wav,22.096
4630,Tolmomyias sulphurescens,yeofly1,train/04630_Animalia_Chordata_Aves_Passeriformes_Tyrannidae_Tolmomyias_sulphurescens/5880c9f0-78aa-4e6f-840f-8c36e5a4744d.wav,30.485
4630,Tolmomyias sulphurescens,yeofly1,train/04630_Animalia_Chordata_Aves_Passeriformes_Tyrannidae_Tolmomyias_sulphurescens/5fd018b0-8e86-48ce-b4da-28a01959088c.wav,2.72
4630,Tolmomyias sulphurescens,yeofly1,train/04630_Animalia_Chordata_Aves_Passeriformes_Tyrannidae_Tolmomyias_sulphurescens/6bd33bdf-ae98-4010-a772-a0e6786d4120.wav,23.771
4630,Tolmomyias sulphurescens,yeofly1,train/04630_Animalia_Chordata_Aves_Passeriformes_Tyrannidae_Tolmomyias_sulphurescens/70c6c429-b493-4b4f-93d9-529c70459fb2.wav,9.334
4630,Tolmomyias sulphurescens,yeofly1,train/04630_Animalia_Chordata_Aves_Passeriformes_Tyrannidae_Tolmomyias_sulphurescens/7481c831-8689-4741-8410-2a21eac7154f.wav,10.736
4630,Tolmomyias sulphurescens,yeofly1,train/04630_Animalia_Chordata_Aves_Passeriformes_Tyrannidae_Tolmomyias_sulphurescens/781f38e1-e81e-4d1e-b86f-b1666179181c.wav,32.415
4630,Tolmomyias sulphurescens,yeofly1,train/04630_Animalia_Chordata_Aves_Passeriformes_Tyrannidae_Tolmomyias_sulphurescens/965e52d0-40bf-4c21-af7b-fdd46708a6f0.wav,19.516
4630,Tolmomyias sulphurescens,yeofly1,train/04630_Animalia_Chordata_Aves_Passeriformes_Tyrannidae_Tolmomyias_sulphurescens/998f6679-dfde-4029-a948-7a891da781dc.wav,21.96
4630,Tolmomyias sulphurescens,yeofly1,train/04630_Animalia_Chordata_Aves_Passeriformes_Tyrannidae_Tolmomyias_sulphurescens/b1f7b176-c1ae-44ed-9a27-fd79ced83204.wav,9.799
4630,Tolmomyias sulphurescens,yeofly1,train/04630_Animalia_Chordata_Aves_Passeriformes_Tyrannidae_Tolmomyias_sulphurescens/be8fd213-9aff-4760-9819-3389f16ccae3.wav,21.238
4630,Tolmomyias sulphurescens,yeofly1,train/04630_Animalia_Chordata_Aves_Passeriformes_Tyrannidae_Tolmomyias_sulphurescens/cf4770b8-ed15-4163-9062-31a6aae102d5.wav,9.361
4630,Tolmomyias sulphurescens,yeofly1,train/04630_Animalia_Chordata_Aves_Passeriformes_Tyrannidae_Tolmomyias_sulphurescens/cfb0dc18-686b-4cda-9b2c-92d75b7dfb57.wav,45.558
4630,Tolmomyias sulphurescens,yeofly1,train/04630_Animalia_Chordata_Aves_Passeriformes_Tyrannidae_Tolmomyias_sulphurescens/d1513e9c-6f76-464b-b614-852883015a69.wav,26.476
4630,Tolmomyias sulphurescens,yeofly1,train/04630_Animalia_Chordata_Aves_Passeriformes_Tyrannidae_Tolmomyias_sulphurescens/d97443fe-c404-4af8-be9d-b96787749a2d.wav,13.227
4630,Tolmomyias sulphurescens,yeofly1,train/04630_Animalia_Chordata_Aves_Passeriformes_Tyrannidae_Tolmomyias_sulphurescens/e7e34a89-cfdd-4983-bebc-cb924fb6183b.wav,16.667
